ISO-10303-21;
HEADER;
FILE_DESCRIPTION((' Model'),'2;1');
FILE_NAME(' Shape Model','2026-08-29T15:29:45',(''),(
    ''),' ','','Unknown');
FILE_SCHEMA(('AUTOMOTIVE_DESIGN { 1 0 10303 214 1 1 1 1 }'));
ENDSEC;
DATA;
#1 = APPLICATION_PROTOCOL_DEFINITION('international standard',
  'automotive_design',2000,#2);
#2 = APPLICATION_CONTEXT(
  'core data for automotive mechanical design processes');
#3 = SHAPE_DEFINITION_REPRESENTATION(#4,#10);
#4 = PRODUCT_DEFINITION_SHAPE('','',#5);
#5 = PRODUCT_DEFINITION('design','',#6,#9);
#6 = PRODUCT_DEFINITION_FORMATION('','',#7);
#7 = PRODUCT(' STEP translator 7.5 1',
  ' STEP translator 7.5 1','',(#8));
#8 = PRODUCT_CONTEXT('',#2,'mechanical');
#9 = PRODUCT_DEFINITION_CONTEXT('part definition',#2,'design');
#10 = SHAPE_REPRESENTATION('',(#11,#15,#19,#23,#27,#31,#35),#39);
#11 = AXIS2_PLACEMENT_3D('',#12,#13,#14);
#12 = CARTESIAN_POINT('',(0.,0.,0.));
#13 = DIRECTION('',(0.,0.,1.));
#14 = DIRECTION('',(1.,0.,-0.));
#15 = AXIS2_PLACEMENT_3D('',#16,#17,#18);
#16 = CARTESIAN_POINT('',(0.,0.,0.));
#17 = DIRECTION('',(0.,0.,1.));
#18 = DIRECTION('',(1.,0.,-0.));
#19 = AXIS2_PLACEMENT_3D('',#20,#21,#22);
#20 = CARTESIAN_POINT('',(0.,0.,0.));
#21 = DIRECTION('',(0.,0.,1.));
#22 = DIRECTION('',(1.,0.,-0.));
#23 = AXIS2_PLACEMENT_3D('',#24,#25,#26);
#24 = CARTESIAN_POINT('',(0.,0.,0.));
#25 = DIRECTION('',(0.,0.,1.));
#26 = DIRECTION('',(1.,0.,-0.));
#27 = AXIS2_PLACEMENT_3D('',#28,#29,#30);
#28 = CARTESIAN_POINT('',(0.,0.,0.));
#29 = DIRECTION('',(0.,0.,1.));
#30 = DIRECTION('',(1.,0.,-0.));
#31 = AXIS2_PLACEMENT_3D('',#32,#33,#34);
#32 = CARTESIAN_POINT('',(0.,0.,0.));
#33 = DIRECTION('',(0.,0.,1.));
#34 = DIRECTION('',(1.,0.,-0.));
#35 = AXIS2_PLACEMENT_3D('',#36,#37,#38);
#36 = CARTESIAN_POINT('',(0.,0.,0.));
#37 = DIRECTION('',(0.,0.,1.));
#38 = DIRECTION('',(1.,0.,-0.));
#39 = ( GEOMETRIC_REPRESENTATION_CONTEXT(3) 
GLOBAL_UNCERTAINTY_ASSIGNED_CONTEXT((#43)) GLOBAL_UNIT_ASSIGNED_CONTEXT(
(#40,#41,#42)) REPRESENTATION_CONTEXT('Context #1',
  '3D Context with UNIT and UNCERTAINTY') );
#40 = ( LENGTH_UNIT() NAMED_UNIT(*) SI_UNIT(.MILLI.,.METRE.) );
#41 = ( NAMED_UNIT(*) PLANE_ANGLE_UNIT() SI_UNIT($,.RADIAN.) );
#42 = ( NAMED_UNIT(*) SI_UNIT($,.STERADIAN.) SOLID_ANGLE_UNIT() );
#43 = UNCERTAINTY_MEASURE_WITH_UNIT(LENGTH_MEASURE(1.E-07),#40,
  'distance_accuracy_value','confusion accuracy');
#44 = PRODUCT_RELATED_PRODUCT_CATEGORY('part',$,(#7));
#45 = MANIFOLD_SURFACE_SHAPE_REPRESENTATION('',(#11,#46),#1344);
#46 = SHELL_BASED_SURFACE_MODEL('',(#47));
#47 = CLOSED_SHELL('',(#48,#137,#193,#249,#300,#351,#407,#456,#486,#516,
    #567,#623,#674,#730,#760,#785,#815,#845,#896,#952,#1003,#1059,#1089,
    #1114,#1144,#1188,#1213,#1238,#1263,#1307,#1313,#1338));
#48 = ADVANCED_FACE('',(#49),#63,.T.);
#49 = FACE_BOUND('',#50,.T.);
#50 = EDGE_LOOP('',(#51,#85,#112));
#51 = ORIENTED_EDGE('',*,*,#52,.T.);
#52 = EDGE_CURVE('',#53,#55,#57,.T.);
#53 = VERTEX_POINT('',#54);
#54 = CARTESIAN_POINT('',(-0.126499116421,-0.118625313044,
    -2.676569158211E-03));
#55 = VERTEX_POINT('',#56);
#56 = CARTESIAN_POINT('',(-0.126499116421,0.127374693751,
    2.323431195691E-03));
#57 = SURFACE_CURVE('',#58,(#62,#74),.PCURVE_S1.);
#58 = LINE('',#59,#60);
#59 = CARTESIAN_POINT('',(-0.126499116421,-0.118625313044,
    -2.676569158211E-03));
#60 = VECTOR('',#61,1.);
#61 = DIRECTION('',(0.,0.999793507015,2.032100711718E-02));
#62 = PCURVE('',#63,#68);
#63 = PLANE('',#64);
#64 = AXIS2_PLACEMENT_3D('',#65,#66,#67);
#65 = CARTESIAN_POINT('',(-0.126499116421,3.137392207173E-03,
    1.060729165437E-03));
#66 = DIRECTION('',(1.,0.,0.));
#67 = DIRECTION('',(-0.,0.,1.));
#68 = DEFINITIONAL_REPRESENTATION('',(#69),#73);
#69 = LINE('',#70,#71);
#70 = CARTESIAN_POINT('',(-3.737298323649E-03,0.121762705251));
#71 = VECTOR('',#72,1.);
#72 = DIRECTION('',(2.032100711718E-02,-0.999793507015));
#73 = ( GEOMETRIC_REPRESENTATION_CONTEXT(2) 
PARAMETRIC_REPRESENTATION_CONTEXT() REPRESENTATION_CONTEXT('2D SPACE',''
  ) );
#74 = PCURVE('',#75,#80);
#75 = PLANE('',#76);
#76 = AXIS2_PLACEMENT_3D('',#77,#78,#79);
#77 = CARTESIAN_POINT('',(-0.126499116421,5.611988500568E-03,
    -1.413867127958E-03));
#78 = DIRECTION('',(1.,0.,0.));
#79 = DIRECTION('',(-0.,0.,1.));
#80 = DEFINITIONAL_REPRESENTATION('',(#81),#84);
#81 = B_SPLINE_CURVE_WITH_KNOTS('',1,(#82,#83),.UNSPECIFIED.,.F.,.F.,(2,
    2),(0.,0.246050814562),.PIECEWISE_BEZIER_KNOTS.);
#82 = CARTESIAN_POINT('',(-1.262702030254E-03,0.124237301544));
#83 = CARTESIAN_POINT('',(3.737298323649E-03,-0.121762705251));
#84 = ( GEOMETRIC_REPRESENTATION_CONTEXT(2) 
PARAMETRIC_REPRESENTATION_CONTEXT() REPRESENTATION_CONTEXT('2D SPACE',''
  ) );
#85 = ORIENTED_EDGE('',*,*,#86,.T.);
#86 = EDGE_CURVE('',#55,#87,#89,.T.);
#87 = VERTEX_POINT('',#88);
#88 = CARTESIAN_POINT('',(-0.126499116421,-0.118625313044,
    2.323431195691E-03));
#89 = SURFACE_CURVE('',#90,(#94,#101),.PCURVE_S1.);
#90 = LINE('',#91,#92);
#91 = CARTESIAN_POINT('',(-0.126499116421,0.127374693751,
    2.323431195691E-03));
#92 = VECTOR('',#93,1.);
#93 = DIRECTION('',(0.,-1.,0.));
#94 = PCURVE('',#63,#95);
#95 = DEFINITIONAL_REPRESENTATION('',(#96),#100);
#96 = LINE('',#97,#98);
#97 = CARTESIAN_POINT('',(1.262702030254E-03,-0.124237301544));
#98 = VECTOR('',#99,1.);
#99 = DIRECTION('',(0.,1.));
#100 = ( GEOMETRIC_REPRESENTATION_CONTEXT(2) 
PARAMETRIC_REPRESENTATION_CONTEXT() REPRESENTATION_CONTEXT('2D SPACE',''
  ) );
#101 = PCURVE('',#102,#107);
#102 = PLANE('',#103);
#103 = AXIS2_PLACEMENT_3D('',#104,#105,#106);
#104 = CARTESIAN_POINT('',(-0.150791360997,-9.797930510113E-03,
    2.323431195691E-03));
#105 = DIRECTION('',(0.,0.,1.));
#106 = DIRECTION('',(1.,0.,-0.));
#107 = DEFINITIONAL_REPRESENTATION('',(#108),#111);
#108 = B_SPLINE_CURVE_WITH_KNOTS('',1,(#109,#110),.UNSPECIFIED.,.F.,.F.,
  (2,2),(0.,0.246000006795),.PIECEWISE_BEZIER_KNOTS.);
#109 = CARTESIAN_POINT('',(2.429224457615E-02,0.137172624261));
#110 = CARTESIAN_POINT('',(2.429224457615E-02,-0.108827382533));
#111 = ( GEOMETRIC_REPRESENTATION_CONTEXT(2) 
PARAMETRIC_REPRESENTATION_CONTEXT() REPRESENTATION_CONTEXT('2D SPACE',''
  ) );
#112 = ORIENTED_EDGE('',*,*,#113,.T.);
#113 = EDGE_CURVE('',#87,#53,#114,.T.);
#114 = SURFACE_CURVE('',#115,(#119,#126),.PCURVE_S1.);
#115 = LINE('',#116,#117);
#116 = CARTESIAN_POINT('',(-0.126499116421,-0.118625313044,
    2.323431195691E-03));
#117 = VECTOR('',#118,1.);
#118 = DIRECTION('',(0.,0.,-1.));
#119 = PCURVE('',#63,#120);
#120 = DEFINITIONAL_REPRESENTATION('',(#121),#125);
#121 = LINE('',#122,#123);
#122 = CARTESIAN_POINT('',(1.262702030254E-03,0.121762705251));
#123 = VECTOR('',#124,1.);
#124 = DIRECTION('',(-1.,0.));
#125 = ( GEOMETRIC_REPRESENTATION_CONTEXT(2) 
PARAMETRIC_REPRESENTATION_CONTEXT() REPRESENTATION_CONTEXT('2D SPACE',''
  ) );
#126 = PCURVE('',#127,#132);
#127 = PLANE('',#128);
#128 = AXIS2_PLACEMENT_3D('',#129,#130,#131);
#129 = CARTESIAN_POINT('',(-0.190273158426,-0.118625313044,
    -1.402539492815E-03));
#130 = DIRECTION('',(-1.222072428131E-32,-1.,5.36200972759E-32));
#131 = DIRECTION('',(0.,-5.36200972759E-32,-1.));
#132 = DEFINITIONAL_REPRESENTATION('',(#133),#136);
#133 = B_SPLINE_CURVE_WITH_KNOTS('',1,(#134,#135),.UNSPECIFIED.,.F.,.F.,
  (2,2),(0.,5.000000353903E-03),.PIECEWISE_BEZIER_KNOTS.);
#134 = CARTESIAN_POINT('',(-3.725970688506E-03,6.377404200542E-02));
#135 = CARTESIAN_POINT('',(1.274029665396E-03,6.377404200542E-02));
#136 = ( GEOMETRIC_REPRESENTATION_CONTEXT(2) 
PARAMETRIC_REPRESENTATION_CONTEXT() REPRESENTATION_CONTEXT('2D SPACE',''
  ) );
#137 = ADVANCED_FACE('',(#138),#75,.T.);
#138 = FACE_BOUND('',#139,.T.);
#139 = EDGE_LOOP('',(#140,#167,#192));
#140 = ORIENTED_EDGE('',*,*,#141,.T.);
#141 = EDGE_CURVE('',#53,#142,#144,.T.);
#142 = VERTEX_POINT('',#143);
#143 = CARTESIAN_POINT('',(-0.126499116421,0.127374693751,
    -2.676569158211E-03));
#144 = SURFACE_CURVE('',#145,(#149,#156),.PCURVE_S1.);
#145 = LINE('',#146,#147);
#146 = CARTESIAN_POINT('',(-0.126499116421,-0.118625313044,
    -2.676569158211E-03));
#147 = VECTOR('',#148,1.);
#148 = DIRECTION('',(0.,1.,0.));
#149 = PCURVE('',#75,#150);
#150 = DEFINITIONAL_REPRESENTATION('',(#151),#155);
#151 = LINE('',#152,#153);
#152 = CARTESIAN_POINT('',(-1.262702030254E-03,0.124237301544));
#153 = VECTOR('',#154,1.);
#154 = DIRECTION('',(0.,-1.));
#155 = ( GEOMETRIC_REPRESENTATION_CONTEXT(2) 
PARAMETRIC_REPRESENTATION_CONTEXT() REPRESENTATION_CONTEXT('2D SPACE',''
  ) );
#156 = PCURVE('',#157,#162);
#157 = PLANE('',#158);
#158 = AXIS2_PLACEMENT_3D('',#159,#160,#161);
#159 = CARTESIAN_POINT('',(-0.167058452603,2.881536668876E-02,
    -2.676569158211E-03));
#160 = DIRECTION('',(2.277226800295E-34,-1.134949453951E-34,-1.));
#161 = DIRECTION('',(-1.,0.,-2.277226800295E-34));
#162 = DEFINITIONAL_REPRESENTATION('',(#163),#166);
#163 = B_SPLINE_CURVE_WITH_KNOTS('',1,(#164,#165),.UNSPECIFIED.,.F.,.F.,
  (2,2),(0.,0.246000006795),.PIECEWISE_BEZIER_KNOTS.);
#164 = CARTESIAN_POINT('',(-4.055933618209E-02,-0.147440679732));
#165 = CARTESIAN_POINT('',(-4.055933618209E-02,9.855932706258E-02));
#166 = ( GEOMETRIC_REPRESENTATION_CONTEXT(2) 
PARAMETRIC_REPRESENTATION_CONTEXT() REPRESENTATION_CONTEXT('2D SPACE',''
  ) );
#167 = ORIENTED_EDGE('',*,*,#168,.T.);
#168 = EDGE_CURVE('',#142,#55,#169,.T.);
#169 = SURFACE_CURVE('',#170,(#174,#181),.PCURVE_S1.);
#170 = LINE('',#171,#172);
#171 = CARTESIAN_POINT('',(-0.126499116421,0.127374693751,
    -2.676569158211E-03));
#172 = VECTOR('',#173,1.);
#173 = DIRECTION('',(0.,0.,1.));
#174 = PCURVE('',#75,#175);
#175 = DEFINITIONAL_REPRESENTATION('',(#176),#180);
#176 = LINE('',#177,#178);
#177 = CARTESIAN_POINT('',(-1.262702030254E-03,-0.121762705251));
#178 = VECTOR('',#179,1.);
#179 = DIRECTION('',(1.,0.));
#180 = ( GEOMETRIC_REPRESENTATION_CONTEXT(2) 
PARAMETRIC_REPRESENTATION_CONTEXT() REPRESENTATION_CONTEXT('2D SPACE',''
  ) );
#181 = PCURVE('',#182,#187);
#182 = PLANE('',#183);
#183 = AXIS2_PLACEMENT_3D('',#184,#185,#186);
#184 = CARTESIAN_POINT('',(-0.190273158426,0.127374693751,
    1.049401530295E-03));
#185 = DIRECTION('',(0.,1.,0.));
#186 = DIRECTION('',(0.,-0.,1.));
#187 = DEFINITIONAL_REPRESENTATION('',(#188),#191);
#188 = B_SPLINE_CURVE_WITH_KNOTS('',1,(#189,#190),.UNSPECIFIED.,.F.,.F.,
  (2,2),(0.,5.000000353903E-03),.PIECEWISE_BEZIER_KNOTS.);
#189 = CARTESIAN_POINT('',(-3.725970688506E-03,6.377404200542E-02));
#190 = CARTESIAN_POINT('',(1.274029665396E-03,6.377404200542E-02));
#191 = ( GEOMETRIC_REPRESENTATION_CONTEXT(2) 
PARAMETRIC_REPRESENTATION_CONTEXT() REPRESENTATION_CONTEXT('2D SPACE',''
  ) );
#192 = ORIENTED_EDGE('',*,*,#52,.F.);
#193 = ADVANCED_FACE('',(#194),#182,.T.);
#194 = FACE_BOUND('',#195,.T.);
#195 = EDGE_LOOP('',(#196,#223,#248));
#196 = ORIENTED_EDGE('',*,*,#197,.T.);
#197 = EDGE_CURVE('',#142,#198,#200,.T.);
#198 = VERTEX_POINT('',#199);
#199 = CARTESIAN_POINT('',(-0.256499141455,0.127374693751,
    2.323431195691E-03));
#200 = SURFACE_CURVE('',#201,(#205,#212),.PCURVE_S1.);
#201 = LINE('',#202,#203);
#202 = CARTESIAN_POINT('',(-0.126499116421,0.127374693751,
    -2.676569158211E-03));
#203 = VECTOR('',#204,1.);
#204 = DIRECTION('',(-0.999261174811,0.,3.843311742741E-02));
#205 = PCURVE('',#182,#206);
#206 = DEFINITIONAL_REPRESENTATION('',(#207),#211);
#207 = LINE('',#208,#209);
#208 = CARTESIAN_POINT('',(-3.725970688506E-03,6.377404200542E-02));
#209 = VECTOR('',#210,1.);
#210 = DIRECTION('',(3.843311742741E-02,-0.999261174811));
#211 = ( GEOMETRIC_REPRESENTATION_CONTEXT(2) 
PARAMETRIC_REPRESENTATION_CONTEXT() REPRESENTATION_CONTEXT('2D SPACE',''
  ) );
#212 = PCURVE('',#213,#218);
#213 = PLANE('',#214);
#214 = AXIS2_PLACEMENT_3D('',#215,#216,#217);
#215 = CARTESIAN_POINT('',(-0.192725099449,0.127374693751,
    -1.402539492815E-03));
#216 = DIRECTION('',(0.,1.,0.));
#217 = DIRECTION('',(0.,-0.,1.));
#218 = DEFINITIONAL_REPRESENTATION('',(#219),#222);
#219 = B_SPLINE_CURVE_WITH_KNOTS('',1,(#220,#221),.UNSPECIFIED.,.F.,.F.,
  (2,2),(0.,0.130096143342),.PIECEWISE_BEZIER_KNOTS.);
#220 = CARTESIAN_POINT('',(-1.274029665396E-03,6.622598302853E-02));
#221 = CARTESIAN_POINT('',(3.725970688506E-03,-6.377404200542E-02));
#222 = ( GEOMETRIC_REPRESENTATION_CONTEXT(2) 
PARAMETRIC_REPRESENTATION_CONTEXT() REPRESENTATION_CONTEXT('2D SPACE',''
  ) );
#223 = ORIENTED_EDGE('',*,*,#224,.T.);
#224 = EDGE_CURVE('',#198,#55,#225,.T.);
#225 = SURFACE_CURVE('',#226,(#230,#237),.PCURVE_S1.);
#226 = LINE('',#227,#228);
#227 = CARTESIAN_POINT('',(-0.256499141455,0.127374693751,
    2.323431195691E-03));
#228 = VECTOR('',#229,1.);
#229 = DIRECTION('',(1.,0.,0.));
#230 = PCURVE('',#182,#231);
#231 = DEFINITIONAL_REPRESENTATION('',(#232),#236);
#232 = LINE('',#233,#234);
#233 = CARTESIAN_POINT('',(1.274029665396E-03,-6.622598302853E-02));
#234 = VECTOR('',#235,1.);
#235 = DIRECTION('',(0.,1.));
#236 = ( GEOMETRIC_REPRESENTATION_CONTEXT(2) 
PARAMETRIC_REPRESENTATION_CONTEXT() REPRESENTATION_CONTEXT('2D SPACE',''
  ) );
#237 = PCURVE('',#238,#243);
#238 = PLANE('',#239);
#239 = AXIS2_PLACEMENT_3D('',#240,#241,#242);
#240 = CARTESIAN_POINT('',(-0.215939805273,2.881536668876E-02,
    2.323431195691E-03));
#241 = DIRECTION('',(0.,0.,1.));
#242 = DIRECTION('',(1.,0.,-0.));
#243 = DEFINITIONAL_REPRESENTATION('',(#244),#247);
#244 = B_SPLINE_CURVE_WITH_KNOTS('',1,(#245,#246),.UNSPECIFIED.,.F.,.F.,
  (2,2),(0.,0.130000025034),.PIECEWISE_BEZIER_KNOTS.);
#245 = CARTESIAN_POINT('',(-4.055933618209E-02,9.855932706258E-02));
#246 = CARTESIAN_POINT('',(8.944068885186E-02,9.855932706258E-02));
#247 = ( GEOMETRIC_REPRESENTATION_CONTEXT(2) 
PARAMETRIC_REPRESENTATION_CONTEXT() REPRESENTATION_CONTEXT('2D SPACE',''
  ) );
#248 = ORIENTED_EDGE('',*,*,#168,.F.);
#249 = ADVANCED_FACE('',(#250),#213,.T.);
#250 = FACE_BOUND('',#251,.T.);
#251 = EDGE_LOOP('',(#252,#274,#299));
#252 = ORIENTED_EDGE('',*,*,#253,.T.);
#253 = EDGE_CURVE('',#142,#254,#256,.T.);
#254 = VERTEX_POINT('',#255);
#255 = CARTESIAN_POINT('',(-0.256499141455,0.127374693751,
    -2.676569158211E-03));
#256 = SURFACE_CURVE('',#257,(#261,#268),.PCURVE_S1.);
#257 = LINE('',#258,#259);
#258 = CARTESIAN_POINT('',(-0.126499116421,0.127374693751,
    -2.676569158211E-03));
#259 = VECTOR('',#260,1.);
#260 = DIRECTION('',(-1.,0.,0.));
#261 = PCURVE('',#213,#262);
#262 = DEFINITIONAL_REPRESENTATION('',(#263),#267);
#263 = LINE('',#264,#265);
#264 = CARTESIAN_POINT('',(-1.274029665396E-03,6.622598302853E-02));
#265 = VECTOR('',#266,1.);
#266 = DIRECTION('',(0.,-1.));
#267 = ( GEOMETRIC_REPRESENTATION_CONTEXT(2) 
PARAMETRIC_REPRESENTATION_CONTEXT() REPRESENTATION_CONTEXT('2D SPACE',''
  ) );
#268 = PCURVE('',#157,#269);
#269 = DEFINITIONAL_REPRESENTATION('',(#270),#273);
#270 = B_SPLINE_CURVE_WITH_KNOTS('',1,(#271,#272),.UNSPECIFIED.,.F.,.F.,
  (2,2),(0.,0.130000025034),.PIECEWISE_BEZIER_KNOTS.);
#271 = CARTESIAN_POINT('',(-4.055933618209E-02,9.855932706258E-02));
#272 = CARTESIAN_POINT('',(8.944068885186E-02,9.855932706258E-02));
#273 = ( GEOMETRIC_REPRESENTATION_CONTEXT(2) 
PARAMETRIC_REPRESENTATION_CONTEXT() REPRESENTATION_CONTEXT('2D SPACE',''
  ) );
#274 = ORIENTED_EDGE('',*,*,#275,.T.);
#275 = EDGE_CURVE('',#254,#198,#276,.T.);
#276 = SURFACE_CURVE('',#277,(#281,#288),.PCURVE_S1.);
#277 = LINE('',#278,#279);
#278 = CARTESIAN_POINT('',(-0.256499141455,0.127374693751,
    -2.676569158211E-03));
#279 = VECTOR('',#280,1.);
#280 = DIRECTION('',(0.,0.,1.));
#281 = PCURVE('',#213,#282);
#282 = DEFINITIONAL_REPRESENTATION('',(#283),#287);
#283 = LINE('',#284,#285);
#284 = CARTESIAN_POINT('',(-1.274029665396E-03,-6.377404200542E-02));
#285 = VECTOR('',#286,1.);
#286 = DIRECTION('',(1.,0.));
#287 = ( GEOMETRIC_REPRESENTATION_CONTEXT(2) 
PARAMETRIC_REPRESENTATION_CONTEXT() REPRESENTATION_CONTEXT('2D SPACE',''
  ) );
#288 = PCURVE('',#289,#294);
#289 = PLANE('',#290);
#290 = AXIS2_PLACEMENT_3D('',#291,#292,#293);
#291 = CARTESIAN_POINT('',(-0.256499141455,5.611988500568E-03,
    1.060729165437E-03));
#292 = DIRECTION('',(-1.,-0.,-0.));
#293 = DIRECTION('',(0.,0.,-1.));
#294 = DEFINITIONAL_REPRESENTATION('',(#295),#298);
#295 = B_SPLINE_CURVE_WITH_KNOTS('',1,(#296,#297),.UNSPECIFIED.,.F.,.F.,
  (2,2),(0.,5.000000353903E-03),.PIECEWISE_BEZIER_KNOTS.);
#296 = CARTESIAN_POINT('',(3.737298323649E-03,-0.121762705251));
#297 = CARTESIAN_POINT('',(-1.262702030254E-03,-0.121762705251));
#298 = ( GEOMETRIC_REPRESENTATION_CONTEXT(2) 
PARAMETRIC_REPRESENTATION_CONTEXT() REPRESENTATION_CONTEXT('2D SPACE',''
  ) );
#299 = ORIENTED_EDGE('',*,*,#197,.F.);
#300 = ADVANCED_FACE('',(#301),#289,.T.);
#301 = FACE_BOUND('',#302,.T.);
#302 = EDGE_LOOP('',(#303,#330,#350));
#303 = ORIENTED_EDGE('',*,*,#304,.T.);
#304 = EDGE_CURVE('',#254,#305,#307,.T.);
#305 = VERTEX_POINT('',#306);
#306 = CARTESIAN_POINT('',(-0.256499141455,-0.118625313044,
    2.323431195691E-03));
#307 = SURFACE_CURVE('',#308,(#312,#319),.PCURVE_S1.);
#308 = LINE('',#309,#310);
#309 = CARTESIAN_POINT('',(-0.256499141455,0.127374693751,
    -2.676569158211E-03));
#310 = VECTOR('',#311,1.);
#311 = DIRECTION('',(0.,-0.999793507015,2.032100711718E-02));
#312 = PCURVE('',#289,#313);
#313 = DEFINITIONAL_REPRESENTATION('',(#314),#318);
#314 = LINE('',#315,#316);
#315 = CARTESIAN_POINT('',(3.737298323649E-03,-0.121762705251));
#316 = VECTOR('',#317,1.);
#317 = DIRECTION('',(-2.032100711718E-02,0.999793507015));
#318 = ( GEOMETRIC_REPRESENTATION_CONTEXT(2) 
PARAMETRIC_REPRESENTATION_CONTEXT() REPRESENTATION_CONTEXT('2D SPACE',''
  ) );
#319 = PCURVE('',#320,#325);
#320 = PLANE('',#321);
#321 = AXIS2_PLACEMENT_3D('',#322,#323,#324);
#322 = CARTESIAN_POINT('',(-0.256499141455,3.137392207173E-03,
    -1.413867127958E-03));
#323 = DIRECTION('',(-1.,-0.,-0.));
#324 = DIRECTION('',(0.,0.,-1.));
#325 = DEFINITIONAL_REPRESENTATION('',(#326),#329);
#326 = B_SPLINE_CURVE_WITH_KNOTS('',1,(#327,#328),.UNSPECIFIED.,.F.,.F.,
  (2,2),(0.,0.246050814562),.PIECEWISE_BEZIER_KNOTS.);
#327 = CARTESIAN_POINT('',(1.262702030254E-03,-0.124237301544));
#328 = CARTESIAN_POINT('',(-3.737298323649E-03,0.121762705251));
#329 = ( GEOMETRIC_REPRESENTATION_CONTEXT(2) 
PARAMETRIC_REPRESENTATION_CONTEXT() REPRESENTATION_CONTEXT('2D SPACE',''
  ) );
#330 = ORIENTED_EDGE('',*,*,#331,.T.);
#331 = EDGE_CURVE('',#305,#198,#332,.T.);
#332 = SURFACE_CURVE('',#333,(#337,#344),.PCURVE_S1.);
#333 = LINE('',#334,#335);
#334 = CARTESIAN_POINT('',(-0.256499141455,-0.118625313044,
    2.323431195691E-03));
#335 = VECTOR('',#336,1.);
#336 = DIRECTION('',(0.,1.,0.));
#337 = PCURVE('',#289,#338);
#338 = DEFINITIONAL_REPRESENTATION('',(#339),#343);
#339 = LINE('',#340,#341);
#340 = CARTESIAN_POINT('',(-1.262702030254E-03,0.124237301544));
#341 = VECTOR('',#342,1.);
#342 = DIRECTION('',(0.,-1.));
#343 = ( GEOMETRIC_REPRESENTATION_CONTEXT(2) 
PARAMETRIC_REPRESENTATION_CONTEXT() REPRESENTATION_CONTEXT('2D SPACE',''
  ) );
#344 = PCURVE('',#238,#345);
#345 = DEFINITIONAL_REPRESENTATION('',(#346),#349);
#346 = B_SPLINE_CURVE_WITH_KNOTS('',1,(#347,#348),.UNSPECIFIED.,.F.,.F.,
  (2,2),(0.,0.246000006795),.PIECEWISE_BEZIER_KNOTS.);
#347 = CARTESIAN_POINT('',(-4.055933618209E-02,-0.147440679732));
#348 = CARTESIAN_POINT('',(-4.055933618209E-02,9.855932706258E-02));
#349 = ( GEOMETRIC_REPRESENTATION_CONTEXT(2) 
PARAMETRIC_REPRESENTATION_CONTEXT() REPRESENTATION_CONTEXT('2D SPACE',''
  ) );
#350 = ORIENTED_EDGE('',*,*,#275,.F.);
#351 = ADVANCED_FACE('',(#352),#320,.T.);
#352 = FACE_BOUND('',#353,.T.);
#353 = EDGE_LOOP('',(#354,#381,#406));
#354 = ORIENTED_EDGE('',*,*,#355,.T.);
#355 = EDGE_CURVE('',#254,#356,#358,.T.);
#356 = VERTEX_POINT('',#357);
#357 = CARTESIAN_POINT('',(-0.256499141455,-0.118625313044,
    -2.676569158211E-03));
#358 = SURFACE_CURVE('',#359,(#363,#370),.PCURVE_S1.);
#359 = LINE('',#360,#361);
#360 = CARTESIAN_POINT('',(-0.256499141455,0.127374693751,
    -2.676569158211E-03));
#361 = VECTOR('',#362,1.);
#362 = DIRECTION('',(0.,-1.,0.));
#363 = PCURVE('',#320,#364);
#364 = DEFINITIONAL_REPRESENTATION('',(#365),#369);
#365 = LINE('',#366,#367);
#366 = CARTESIAN_POINT('',(1.262702030254E-03,-0.124237301544));
#367 = VECTOR('',#368,1.);
#368 = DIRECTION('',(0.,1.));
#369 = ( GEOMETRIC_REPRESENTATION_CONTEXT(2) 
PARAMETRIC_REPRESENTATION_CONTEXT() REPRESENTATION_CONTEXT('2D SPACE',''
  ) );
#370 = PCURVE('',#371,#376);
#371 = PLANE('',#372);
#372 = AXIS2_PLACEMENT_3D('',#373,#374,#375);
#373 = CARTESIAN_POINT('',(-0.250996611569,1.722672821863E-03,
    -2.676569158211E-03));
#374 = DIRECTION('',(-0.,-0.,-1.));
#375 = DIRECTION('',(-1.,0.,0.));
#376 = DEFINITIONAL_REPRESENTATION('',(#377),#380);
#377 = B_SPLINE_CURVE_WITH_KNOTS('',1,(#378,#379),.UNSPECIFIED.,.F.,.F.,
  (2,2),(0.,0.246000006795),.PIECEWISE_BEZIER_KNOTS.);
#378 = CARTESIAN_POINT('',(5.502529885524E-03,0.125652020929));
#379 = CARTESIAN_POINT('',(5.502529885524E-03,-0.120347985865));
#380 = ( GEOMETRIC_REPRESENTATION_CONTEXT(2) 
PARAMETRIC_REPRESENTATION_CONTEXT() REPRESENTATION_CONTEXT('2D SPACE',''
  ) );
#381 = ORIENTED_EDGE('',*,*,#382,.T.);
#382 = EDGE_CURVE('',#356,#305,#383,.T.);
#383 = SURFACE_CURVE('',#384,(#388,#395),.PCURVE_S1.);
#384 = LINE('',#385,#386);
#385 = CARTESIAN_POINT('',(-0.256499141455,-0.118625313044,
    -2.676569158211E-03));
#386 = VECTOR('',#387,1.);
#387 = DIRECTION('',(0.,0.,1.));
#388 = PCURVE('',#320,#389);
#389 = DEFINITIONAL_REPRESENTATION('',(#390),#394);
#390 = LINE('',#391,#392);
#391 = CARTESIAN_POINT('',(1.262702030254E-03,0.121762705251));
#392 = VECTOR('',#393,1.);
#393 = DIRECTION('',(-1.,0.));
#394 = ( GEOMETRIC_REPRESENTATION_CONTEXT(2) 
PARAMETRIC_REPRESENTATION_CONTEXT() REPRESENTATION_CONTEXT('2D SPACE',''
  ) );
#395 = PCURVE('',#396,#401);
#396 = PLANE('',#397);
#397 = AXIS2_PLACEMENT_3D('',#398,#399,#400);
#398 = CARTESIAN_POINT('',(-0.192725099449,-0.118625313044,
    1.049401530295E-03));
#399 = DIRECTION('',(3.089103725207E-32,-1.,-8.787232227569E-31));
#400 = DIRECTION('',(0.,8.787232227569E-31,-1.));
#401 = DEFINITIONAL_REPRESENTATION('',(#402),#405);
#402 = B_SPLINE_CURVE_WITH_KNOTS('',1,(#403,#404),.UNSPECIFIED.,.F.,.F.,
  (2,2),(0.,5.000000353903E-03),.PIECEWISE_BEZIER_KNOTS.);
#403 = CARTESIAN_POINT('',(3.725970688506E-03,-6.377404200542E-02));
#404 = CARTESIAN_POINT('',(-1.274029665396E-03,-6.377404200542E-02));
#405 = ( GEOMETRIC_REPRESENTATION_CONTEXT(2) 
PARAMETRIC_REPRESENTATION_CONTEXT() REPRESENTATION_CONTEXT('2D SPACE',''
  ) );
#406 = ORIENTED_EDGE('',*,*,#304,.F.);
#407 = ADVANCED_FACE('',(#408),#396,.T.);
#408 = FACE_BOUND('',#409,.T.);
#409 = EDGE_LOOP('',(#410,#430,#455));
#410 = ORIENTED_EDGE('',*,*,#411,.T.);
#411 = EDGE_CURVE('',#356,#87,#412,.T.);
#412 = SURFACE_CURVE('',#413,(#417,#424),.PCURVE_S1.);
#413 = LINE('',#414,#415);
#414 = CARTESIAN_POINT('',(-0.256499141455,-0.118625313044,
    -2.676569158211E-03));
#415 = VECTOR('',#416,1.);
#416 = DIRECTION('',(0.999261174811,0.,3.843311742741E-02));
#417 = PCURVE('',#396,#418);
#418 = DEFINITIONAL_REPRESENTATION('',(#419),#423);
#419 = LINE('',#420,#421);
#420 = CARTESIAN_POINT('',(3.725970688506E-03,-6.377404200542E-02));
#421 = VECTOR('',#422,1.);
#422 = DIRECTION('',(-3.843311742741E-02,0.999261174811));
#423 = ( GEOMETRIC_REPRESENTATION_CONTEXT(2) 
PARAMETRIC_REPRESENTATION_CONTEXT() REPRESENTATION_CONTEXT('2D SPACE',''
  ) );
#424 = PCURVE('',#127,#425);
#425 = DEFINITIONAL_REPRESENTATION('',(#426),#429);
#426 = B_SPLINE_CURVE_WITH_KNOTS('',1,(#427,#428),.UNSPECIFIED.,.F.,.F.,
  (2,2),(0.,0.130096143342),.PIECEWISE_BEZIER_KNOTS.);
#427 = CARTESIAN_POINT('',(1.274029665396E-03,-6.622598302853E-02));
#428 = CARTESIAN_POINT('',(-3.725970688506E-03,6.377404200542E-02));
#429 = ( GEOMETRIC_REPRESENTATION_CONTEXT(2) 
PARAMETRIC_REPRESENTATION_CONTEXT() REPRESENTATION_CONTEXT('2D SPACE',''
  ) );
#430 = ORIENTED_EDGE('',*,*,#431,.T.);
#431 = EDGE_CURVE('',#87,#305,#432,.T.);
#432 = SURFACE_CURVE('',#433,(#437,#444),.PCURVE_S1.);
#433 = LINE('',#434,#435);
#434 = CARTESIAN_POINT('',(-0.126499116421,-0.118625313044,
    2.323431195691E-03));
#435 = VECTOR('',#436,1.);
#436 = DIRECTION('',(-1.,0.,0.));
#437 = PCURVE('',#396,#438);
#438 = DEFINITIONAL_REPRESENTATION('',(#439),#443);
#439 = LINE('',#440,#441);
#440 = CARTESIAN_POINT('',(-1.274029665396E-03,6.622598302853E-02));
#441 = VECTOR('',#442,1.);
#442 = DIRECTION('',(0.,-1.));
#443 = ( GEOMETRIC_REPRESENTATION_CONTEXT(2) 
PARAMETRIC_REPRESENTATION_CONTEXT() REPRESENTATION_CONTEXT('2D SPACE',''
  ) );
#444 = PCURVE('',#445,#450);
#445 = PLANE('',#446);
#446 = AXIS2_PLACEMENT_3D('',#447,#448,#449);
#447 = CARTESIAN_POINT('',(-0.191740319579,-0.115062157404,
    2.323431195691E-03));
#448 = DIRECTION('',(3.752624078504E-33,-2.782178618722E-32,1.));
#449 = DIRECTION('',(0.,1.,2.782178618722E-32));
#450 = DEFINITIONAL_REPRESENTATION('',(#451),#454);
#451 = B_SPLINE_CURVE_WITH_KNOTS('',1,(#452,#453),.UNSPECIFIED.,.F.,.F.,
  (2,2),(0.,0.130000025034),.PIECEWISE_BEZIER_KNOTS.);
#452 = CARTESIAN_POINT('',(-3.563155639813E-03,-6.524120315853E-02));
#453 = CARTESIAN_POINT('',(-3.563155639813E-03,6.475882187542E-02));
#454 = ( GEOMETRIC_REPRESENTATION_CONTEXT(2) 
PARAMETRIC_REPRESENTATION_CONTEXT() REPRESENTATION_CONTEXT('2D SPACE',''
  ) );
#455 = ORIENTED_EDGE('',*,*,#382,.F.);
#456 = ADVANCED_FACE('',(#457),#127,.T.);
#457 = FACE_BOUND('',#458,.T.);
#458 = EDGE_LOOP('',(#459,#484,#485));
#459 = ORIENTED_EDGE('',*,*,#460,.T.);
#460 = EDGE_CURVE('',#356,#53,#461,.T.);
#461 = SURFACE_CURVE('',#462,(#466,#473),.PCURVE_S1.);
#462 = LINE('',#463,#464);
#463 = CARTESIAN_POINT('',(-0.256499141455,-0.118625313044,
    -2.676569158211E-03));
#464 = VECTOR('',#465,1.);
#465 = DIRECTION('',(1.,0.,0.));
#466 = PCURVE('',#127,#467);
#467 = DEFINITIONAL_REPRESENTATION('',(#468),#472);
#468 = LINE('',#469,#470);
#469 = CARTESIAN_POINT('',(1.274029665396E-03,-6.622598302853E-02));
#470 = VECTOR('',#471,1.);
#471 = DIRECTION('',(0.,1.));
#472 = ( GEOMETRIC_REPRESENTATION_CONTEXT(2) 
PARAMETRIC_REPRESENTATION_CONTEXT() REPRESENTATION_CONTEXT('2D SPACE',''
  ) );
#473 = PCURVE('',#474,#479);
#474 = PLANE('',#475);
#475 = AXIS2_PLACEMENT_3D('',#476,#477,#478);
#476 = CARTESIAN_POINT('',(-0.192322466696,-0.115038319089,
    -2.676569158211E-03));
#477 = DIRECTION('',(1.592510649868E-32,2.449883862947E-31,-1.));
#478 = DIRECTION('',(0.,-1.,-2.449883862947E-31));
#479 = DEFINITIONAL_REPRESENTATION('',(#480),#483);
#480 = B_SPLINE_CURVE_WITH_KNOTS('',1,(#481,#482),.UNSPECIFIED.,.F.,.F.,
  (2,2),(0.,0.130000025034),.PIECEWISE_BEZIER_KNOTS.);
#481 = CARTESIAN_POINT('',(3.586993954291E-03,6.417667475868E-02));
#482 = CARTESIAN_POINT('',(3.586993954291E-03,-6.582335027527E-02));
#483 = ( GEOMETRIC_REPRESENTATION_CONTEXT(2) 
PARAMETRIC_REPRESENTATION_CONTEXT() REPRESENTATION_CONTEXT('2D SPACE',''
  ) );
#484 = ORIENTED_EDGE('',*,*,#113,.F.);
#485 = ORIENTED_EDGE('',*,*,#411,.F.);
#486 = ADVANCED_FACE('',(#487),#157,.T.);
#487 = FACE_BOUND('',#488,.T.);
#488 = EDGE_LOOP('',(#489,#514,#515));
#489 = ORIENTED_EDGE('',*,*,#490,.T.);
#490 = EDGE_CURVE('',#53,#254,#491,.T.);
#491 = SURFACE_CURVE('',#492,(#496,#503),.PCURVE_S1.);
#492 = LINE('',#493,#494);
#493 = CARTESIAN_POINT('',(-0.126499116421,-0.118625313044,
    -2.676569158211E-03));
#494 = VECTOR('',#495,1.);
#495 = DIRECTION('',(-0.467227121085,0.884137329448,0.));
#496 = PCURVE('',#157,#497);
#497 = DEFINITIONAL_REPRESENTATION('',(#498),#502);
#498 = LINE('',#499,#500);
#499 = CARTESIAN_POINT('',(-4.055933618209E-02,-0.147440679732));
#500 = VECTOR('',#501,1.);
#501 = DIRECTION('',(0.467227121085,0.884137329448));
#502 = ( GEOMETRIC_REPRESENTATION_CONTEXT(2) 
PARAMETRIC_REPRESENTATION_CONTEXT() REPRESENTATION_CONTEXT('2D SPACE',''
  ) );
#503 = PCURVE('',#504,#509);
#504 = PLANE('',#505);
#505 = AXIS2_PLACEMENT_3D('',#506,#507,#508);
#506 = CARTESIAN_POINT('',(-0.204082743357,-6.950157396514E-03,
    -2.676569158211E-03));
#507 = DIRECTION('',(7.190152773487E-33,2.853336158472E-33,-1.));
#508 = DIRECTION('',(-1.,0.,-7.190152773487E-33));
#509 = DEFINITIONAL_REPRESENTATION('',(#510),#513);
#510 = B_SPLINE_CURVE_WITH_KNOTS('',1,(#511,#512),.UNSPECIFIED.,.F.,.F.,
  (2,2),(0.,0.278237326489),.PIECEWISE_BEZIER_KNOTS.);
#511 = CARTESIAN_POINT('',(-7.758362693588E-02,-0.111675155647));
#512 = CARTESIAN_POINT('',(5.241639809807E-02,0.134324851148));
#513 = ( GEOMETRIC_REPRESENTATION_CONTEXT(2) 
PARAMETRIC_REPRESENTATION_CONTEXT() REPRESENTATION_CONTEXT('2D SPACE',''
  ) );
#514 = ORIENTED_EDGE('',*,*,#253,.F.);
#515 = ORIENTED_EDGE('',*,*,#141,.F.);
#516 = ADVANCED_FACE('',(#517),#371,.T.);
#517 = FACE_BOUND('',#518,.T.);
#518 = EDGE_LOOP('',(#519,#546,#566));
#519 = ORIENTED_EDGE('',*,*,#520,.T.);
#520 = EDGE_CURVE('',#254,#521,#523,.T.);
#521 = VERTEX_POINT('',#522);
#522 = CARTESIAN_POINT('',(-0.235024914145,-0.104548744857,
    -2.676569158211E-03));
#523 = SURFACE_CURVE('',#524,(#528,#535),.PCURVE_S1.);
#524 = LINE('',#525,#526);
#525 = CARTESIAN_POINT('',(-0.256499141455,0.127374693751,
    -2.676569158211E-03));
#526 = VECTOR('',#527,1.);
#527 = DIRECTION('',(9.219750751326E-02,-0.995740739153,0.));
#528 = PCURVE('',#371,#529);
#529 = DEFINITIONAL_REPRESENTATION('',(#530),#534);
#530 = LINE('',#531,#532);
#531 = CARTESIAN_POINT('',(5.502529885524E-03,0.125652020929));
#532 = VECTOR('',#533,1.);
#533 = DIRECTION('',(-9.219750751326E-02,-0.995740739153));
#534 = ( GEOMETRIC_REPRESENTATION_CONTEXT(2) 
PARAMETRIC_REPRESENTATION_CONTEXT() REPRESENTATION_CONTEXT('2D SPACE',''
  ) );
#535 = PCURVE('',#536,#541);
#536 = PLANE('',#537);
#537 = AXIS2_PLACEMENT_3D('',#538,#539,#540);
#538 = CARTESIAN_POINT('',(-0.245462423521,1.142763338132E-02,
    -2.676569158211E-03));
#539 = DIRECTION('',(-0.,-0.,-1.));
#540 = DIRECTION('',(-1.,0.,0.));
#541 = DEFINITIONAL_REPRESENTATION('',(#542),#545);
#542 = B_SPLINE_CURVE_WITH_KNOTS('',1,(#543,#544),.UNSPECIFIED.,.F.,.F.,
  (2,2),(0.,0.232915486421),.PIECEWISE_BEZIER_KNOTS.);
#543 = CARTESIAN_POINT('',(1.103671793386E-02,0.11594706037));
#544 = CARTESIAN_POINT('',(-1.043750937536E-02,-0.115976378239));
#545 = ( GEOMETRIC_REPRESENTATION_CONTEXT(2) 
PARAMETRIC_REPRESENTATION_CONTEXT() REPRESENTATION_CONTEXT('2D SPACE',''
  ) );
#546 = ORIENTED_EDGE('',*,*,#547,.T.);
#547 = EDGE_CURVE('',#521,#356,#548,.T.);
#548 = SURFACE_CURVE('',#549,(#553,#560),.PCURVE_S1.);
#549 = LINE('',#550,#551);
#550 = CARTESIAN_POINT('',(-0.235024914145,-0.104548744857,
    -2.676569158211E-03));
#551 = VECTOR('',#552,1.);
#552 = DIRECTION('',(-0.836331729241,-0.548223712243,0.));
#553 = PCURVE('',#371,#554);
#554 = DEFINITIONAL_REPRESENTATION('',(#555),#559);
#555 = LINE('',#556,#557);
#556 = CARTESIAN_POINT('',(-1.59716974237E-02,-0.106271417679));
#557 = VECTOR('',#558,1.);
#558 = DIRECTION('',(0.836331729241,-0.548223712243));
#559 = ( GEOMETRIC_REPRESENTATION_CONTEXT(2) 
PARAMETRIC_REPRESENTATION_CONTEXT() REPRESENTATION_CONTEXT('2D SPACE',''
  ) );
#560 = PCURVE('',#474,#561);
#561 = DEFINITIONAL_REPRESENTATION('',(#562),#565);
#562 = B_SPLINE_CURVE_WITH_KNOTS('',1,(#563,#564),.UNSPECIFIED.,.F.,.F.,
  (2,2),(0.,2.567668612636E-02),.PIECEWISE_BEZIER_KNOTS.);
#563 = CARTESIAN_POINT('',(-1.048957423199E-02,4.270244744945E-02));
#564 = CARTESIAN_POINT('',(3.586993954291E-03,6.417667475868E-02));
#565 = ( GEOMETRIC_REPRESENTATION_CONTEXT(2) 
PARAMETRIC_REPRESENTATION_CONTEXT() REPRESENTATION_CONTEXT('2D SPACE',''
  ) );
#566 = ORIENTED_EDGE('',*,*,#355,.F.);
#567 = ADVANCED_FACE('',(#568),#536,.T.);
#568 = FACE_BOUND('',#569,.T.);
#569 = EDGE_LOOP('',(#570,#597,#622));
#570 = ORIENTED_EDGE('',*,*,#571,.T.);
#571 = EDGE_CURVE('',#254,#572,#574,.T.);
#572 = VERTEX_POINT('',#573);
#573 = CARTESIAN_POINT('',(-0.235024914145,-9.15487408638E-02,
    -2.676569158211E-03));
#574 = SURFACE_CURVE('',#575,(#579,#586),.PCURVE_S1.);
#575 = LINE('',#576,#577);
#576 = CARTESIAN_POINT('',(-0.256499141455,0.127374693751,
    -2.676569158211E-03));
#577 = VECTOR('',#578,1.);
#578 = DIRECTION('',(9.762160879843E-02,-0.995223603767,0.));
#579 = PCURVE('',#536,#580);
#580 = DEFINITIONAL_REPRESENTATION('',(#581),#585);
#581 = LINE('',#582,#583);
#582 = CARTESIAN_POINT('',(1.103671793386E-02,0.11594706037));
#583 = VECTOR('',#584,1.);
#584 = DIRECTION('',(-9.762160879843E-02,-0.995223603767));
#585 = ( GEOMETRIC_REPRESENTATION_CONTEXT(2) 
PARAMETRIC_REPRESENTATION_CONTEXT() REPRESENTATION_CONTEXT('2D SPACE',''
  ) );
#586 = PCURVE('',#587,#592);
#587 = PLANE('',#588);
#588 = AXIS2_PLACEMENT_3D('',#589,#590,#591);
#589 = CARTESIAN_POINT('',(-0.238856441913,1.229439871655E-02,
    -2.676569158211E-03));
#590 = DIRECTION('',(-1.60974127729E-32,-2.347437678007E-33,-1.));
#591 = DIRECTION('',(-1.,0.,1.60974127729E-32));
#592 = DEFINITIONAL_REPRESENTATION('',(#593),#596);
#593 = B_SPLINE_CURVE_WITH_KNOTS('',1,(#594,#595),.UNSPECIFIED.,.F.,.F.,
  (2,2),(0.,0.219974118164),.PIECEWISE_BEZIER_KNOTS.);
#594 = CARTESIAN_POINT('',(1.764269954147E-02,0.115080295035));
#595 = CARTESIAN_POINT('',(-3.831527767758E-03,-0.10384313958));
#596 = ( GEOMETRIC_REPRESENTATION_CONTEXT(2) 
PARAMETRIC_REPRESENTATION_CONTEXT() REPRESENTATION_CONTEXT('2D SPACE',''
  ) );
#597 = ORIENTED_EDGE('',*,*,#598,.T.);
#598 = EDGE_CURVE('',#572,#521,#599,.T.);
#599 = SURFACE_CURVE('',#600,(#604,#611),.PCURVE_S1.);
#600 = LINE('',#601,#602);
#601 = CARTESIAN_POINT('',(-0.235024914145,-9.15487408638E-02,
    -2.676569158211E-03));
#602 = VECTOR('',#603,1.);
#603 = DIRECTION('',(0.,-1.,0.));
#604 = PCURVE('',#536,#605);
#605 = DEFINITIONAL_REPRESENTATION('',(#606),#610);
#606 = LINE('',#607,#608);
#607 = CARTESIAN_POINT('',(-1.043750937536E-02,-0.102976374245));
#608 = VECTOR('',#609,1.);
#609 = DIRECTION('',(0.,-1.));
#610 = ( GEOMETRIC_REPRESENTATION_CONTEXT(2) 
PARAMETRIC_REPRESENTATION_CONTEXT() REPRESENTATION_CONTEXT('2D SPACE',''
  ) );
#611 = PCURVE('',#612,#617);
#612 = PLANE('',#613);
#613 = AXIS2_PLACEMENT_3D('',#614,#615,#616);
#614 = CARTESIAN_POINT('',(-0.235024914145,-9.906664591452E-02,
    -1.194472035225E-03));
#615 = DIRECTION('',(1.,-7.745626617775E-30,-1.408459305863E-29));
#616 = DIRECTION('',(1.408459305863E-29,0.,1.));
#617 = DEFINITIONAL_REPRESENTATION('',(#618),#621);
#618 = B_SPLINE_CURVE_WITH_KNOTS('',1,(#619,#620),.UNSPECIFIED.,.F.,.F.,
  (2,2),(0.,1.300000399351E-02),.PIECEWISE_BEZIER_KNOTS.);
#619 = CARTESIAN_POINT('',(-1.482097122986E-03,-7.517905050721E-03));
#620 = CARTESIAN_POINT('',(-1.482097122986E-03,5.482098942791E-03));
#621 = ( GEOMETRIC_REPRESENTATION_CONTEXT(2) 
PARAMETRIC_REPRESENTATION_CONTEXT() REPRESENTATION_CONTEXT('2D SPACE',''
  ) );
#622 = ORIENTED_EDGE('',*,*,#520,.F.);
#623 = ADVANCED_FACE('',(#624),#504,.T.);
#624 = FACE_BOUND('',#625,.T.);
#625 = EDGE_LOOP('',(#626,#648,#649));
#626 = ORIENTED_EDGE('',*,*,#627,.T.);
#627 = EDGE_CURVE('',#628,#254,#630,.T.);
#628 = VERTEX_POINT('',#629);
#629 = CARTESIAN_POINT('',(-0.211024910212,-9.15487408638E-02,
    -2.676569158211E-03));
#630 = SURFACE_CURVE('',#631,(#635,#642),.PCURVE_S1.);
#631 = LINE('',#632,#633);
#632 = CARTESIAN_POINT('',(-0.211024910212,-9.15487408638E-02,
    -2.676569158211E-03));
#633 = VECTOR('',#634,1.);
#634 = DIRECTION('',(-0.203376349049,0.979100638672,0.));
#635 = PCURVE('',#504,#636);
#636 = DEFINITIONAL_REPRESENTATION('',(#637),#641);
#637 = LINE('',#638,#639);
#638 = CARTESIAN_POINT('',(6.942166854937E-03,-8.459858346729E-02));
#639 = VECTOR('',#640,1.);
#640 = DIRECTION('',(0.203376349049,0.979100638672));
#641 = ( GEOMETRIC_REPRESENTATION_CONTEXT(2) 
PARAMETRIC_REPRESENTATION_CONTEXT() REPRESENTATION_CONTEXT('2D SPACE',''
  ) );
#642 = PCURVE('',#587,#643);
#643 = DEFINITIONAL_REPRESENTATION('',(#644),#647);
#644 = B_SPLINE_CURVE_WITH_KNOTS('',1,(#645,#646),.UNSPECIFIED.,.F.,.F.,
  (2,2),(0.,0.223596457778),.PIECEWISE_BEZIER_KNOTS.);
#645 = CARTESIAN_POINT('',(-2.783153170166E-02,-0.10384313958));
#646 = CARTESIAN_POINT('',(1.764269954147E-02,0.115080295035));
#647 = ( GEOMETRIC_REPRESENTATION_CONTEXT(2) 
PARAMETRIC_REPRESENTATION_CONTEXT() REPRESENTATION_CONTEXT('2D SPACE',''
  ) );
#648 = ORIENTED_EDGE('',*,*,#490,.F.);
#649 = ORIENTED_EDGE('',*,*,#650,.F.);
#650 = EDGE_CURVE('',#628,#53,#651,.T.);
#651 = SURFACE_CURVE('',#652,(#656,#662),.PCURVE_S1.);
#652 = LINE('',#653,#654);
#653 = CARTESIAN_POINT('',(-0.211024910212,-9.15487408638E-02,
    -2.676569158211E-03));
#654 = VECTOR('',#655,1.);
#655 = DIRECTION('',(0.95233148962,-0.305065130552,0.));
#656 = PCURVE('',#504,#657);
#657 = DEFINITIONAL_REPRESENTATION('',(#658),#661);
#658 = B_SPLINE_CURVE_WITH_KNOTS('',1,(#659,#660),.UNSPECIFIED.,.F.,.F.,
  (2,2),(0.,8.875669313903E-02),.PIECEWISE_BEZIER_KNOTS.);
#659 = CARTESIAN_POINT('',(6.942166854937E-03,-8.459858346729E-02));
#660 = CARTESIAN_POINT('',(-7.758362693588E-02,-0.111675155647));
#661 = ( GEOMETRIC_REPRESENTATION_CONTEXT(2) 
PARAMETRIC_REPRESENTATION_CONTEXT() REPRESENTATION_CONTEXT('2D SPACE',''
  ) );
#662 = PCURVE('',#663,#668);
#663 = PLANE('',#664);
#664 = AXIS2_PLACEMENT_3D('',#665,#666,#667);
#665 = CARTESIAN_POINT('',(-0.171693076489,-0.10757033058,
    -2.676569158211E-03));
#666 = DIRECTION('',(-0.,-0.,-1.));
#667 = DIRECTION('',(-1.,0.,0.));
#668 = DEFINITIONAL_REPRESENTATION('',(#669),#673);
#669 = LINE('',#670,#671);
#670 = CARTESIAN_POINT('',(3.933183372265E-02,1.602158971649E-02));
#671 = VECTOR('',#672,1.);
#672 = DIRECTION('',(-0.95233148962,-0.305065130552));
#673 = ( GEOMETRIC_REPRESENTATION_CONTEXT(2) 
PARAMETRIC_REPRESENTATION_CONTEXT() REPRESENTATION_CONTEXT('2D SPACE',''
  ) );
#674 = ADVANCED_FACE('',(#675),#663,.T.);
#675 = FACE_BOUND('',#676,.T.);
#676 = EDGE_LOOP('',(#677,#678,#705));
#677 = ORIENTED_EDGE('',*,*,#650,.T.);
#678 = ORIENTED_EDGE('',*,*,#679,.T.);
#679 = EDGE_CURVE('',#53,#680,#682,.T.);
#680 = VERTEX_POINT('',#681);
#681 = CARTESIAN_POINT('',(-0.211024910212,-0.104548744857,
    -2.676569158211E-03));
#682 = SURFACE_CURVE('',#683,(#687,#694),.PCURVE_S1.);
#683 = LINE('',#684,#685);
#684 = CARTESIAN_POINT('',(-0.126499116421,-0.118625313044,
    -2.676569158211E-03));
#685 = VECTOR('',#686,1.);
#686 = DIRECTION('',(-0.986414853892,0.164273357611,0.));
#687 = PCURVE('',#663,#688);
#688 = DEFINITIONAL_REPRESENTATION('',(#689),#693);
#689 = LINE('',#690,#691);
#690 = CARTESIAN_POINT('',(-4.519396006817E-02,-1.10549824633E-02));
#691 = VECTOR('',#692,1.);
#692 = DIRECTION('',(0.986414853892,0.164273357611));
#693 = ( GEOMETRIC_REPRESENTATION_CONTEXT(2) 
PARAMETRIC_REPRESENTATION_CONTEXT() REPRESENTATION_CONTEXT('2D SPACE',''
  ) );
#694 = PCURVE('',#695,#700);
#695 = PLANE('',#696);
#696 = AXIS2_PLACEMENT_3D('',#697,#698,#699);
#697 = CARTESIAN_POINT('',(-0.180698264764,-0.110816149361,
    -2.676569158211E-03));
#698 = DIRECTION('',(-0.,-0.,-1.));
#699 = DIRECTION('',(-1.,0.,0.));
#700 = DEFINITIONAL_REPRESENTATION('',(#701),#704);
#701 = B_SPLINE_CURVE_WITH_KNOTS('',1,(#702,#703),.UNSPECIFIED.,.F.,.F.,
  (2,2),(0.,8.568990365189E-02),.PIECEWISE_BEZIER_KNOTS.);
#702 = CARTESIAN_POINT('',(-5.419914834308E-02,-7.80916368244E-03));
#703 = CARTESIAN_POINT('',(3.032664544774E-02,6.267404503843E-03));
#704 = ( GEOMETRIC_REPRESENTATION_CONTEXT(2) 
PARAMETRIC_REPRESENTATION_CONTEXT() REPRESENTATION_CONTEXT('2D SPACE',''
  ) );
#705 = ORIENTED_EDGE('',*,*,#706,.T.);
#706 = EDGE_CURVE('',#680,#628,#707,.T.);
#707 = SURFACE_CURVE('',#708,(#712,#719),.PCURVE_S1.);
#708 = LINE('',#709,#710);
#709 = CARTESIAN_POINT('',(-0.211024910212,-0.104548744857,
    -2.676569158211E-03));
#710 = VECTOR('',#711,1.);
#711 = DIRECTION('',(0.,1.,0.));
#712 = PCURVE('',#663,#713);
#713 = DEFINITIONAL_REPRESENTATION('',(#714),#718);
#714 = LINE('',#715,#716);
#715 = CARTESIAN_POINT('',(3.933183372265E-02,3.021585722981E-03));
#716 = VECTOR('',#717,1.);
#717 = DIRECTION('',(0.,1.));
#718 = ( GEOMETRIC_REPRESENTATION_CONTEXT(2) 
PARAMETRIC_REPRESENTATION_CONTEXT() REPRESENTATION_CONTEXT('2D SPACE',''
  ) );
#719 = PCURVE('',#720,#725);
#720 = PLANE('',#721);
#721 = AXIS2_PLACEMENT_3D('',#722,#723,#724);
#722 = CARTESIAN_POINT('',(-0.211024910212,-9.906664591452E-02,
    -1.194472035225E-03));
#723 = DIRECTION('',(-1.,-0.,-0.));
#724 = DIRECTION('',(0.,0.,-1.));
#725 = DEFINITIONAL_REPRESENTATION('',(#726),#729);
#726 = B_SPLINE_CURVE_WITH_KNOTS('',1,(#727,#728),.UNSPECIFIED.,.F.,.F.,
  (2,2),(0.,1.300000399351E-02),.PIECEWISE_BEZIER_KNOTS.);
#727 = CARTESIAN_POINT('',(1.482097122986E-03,5.482098942791E-03));
#728 = CARTESIAN_POINT('',(1.482097122986E-03,-7.517905050721E-03));
#729 = ( GEOMETRIC_REPRESENTATION_CONTEXT(2) 
PARAMETRIC_REPRESENTATION_CONTEXT() REPRESENTATION_CONTEXT('2D SPACE',''
  ) );
#730 = ADVANCED_FACE('',(#731),#587,.T.);
#731 = FACE_BOUND('',#732,.T.);
#732 = EDGE_LOOP('',(#733,#734,#759));
#733 = ORIENTED_EDGE('',*,*,#627,.F.);
#734 = ORIENTED_EDGE('',*,*,#735,.T.);
#735 = EDGE_CURVE('',#628,#572,#736,.T.);
#736 = SURFACE_CURVE('',#737,(#741,#748),.PCURVE_S1.);
#737 = LINE('',#738,#739);
#738 = CARTESIAN_POINT('',(-0.211024910212,-9.15487408638E-02,
    -2.676569158211E-03));
#739 = VECTOR('',#740,1.);
#740 = DIRECTION('',(-1.,0.,0.));
#741 = PCURVE('',#587,#742);
#742 = DEFINITIONAL_REPRESENTATION('',(#743),#747);
#743 = LINE('',#744,#745);
#744 = CARTESIAN_POINT('',(-2.783153170166E-02,-0.10384313958));
#745 = VECTOR('',#746,1.);
#746 = DIRECTION('',(1.,3.778767326155E-65));
#747 = ( GEOMETRIC_REPRESENTATION_CONTEXT(2) 
PARAMETRIC_REPRESENTATION_CONTEXT() REPRESENTATION_CONTEXT('2D SPACE',''
  ) );
#748 = PCURVE('',#749,#754);
#749 = PLANE('',#750);
#750 = AXIS2_PLACEMENT_3D('',#751,#752,#753);
#751 = CARTESIAN_POINT('',(-0.221903737423,-9.15487408638E-02,
    -1.297743736297E-03));
#752 = DIRECTION('',(-0.,-1.,-0.));
#753 = DIRECTION('',(0.,0.,-1.));
#754 = DEFINITIONAL_REPRESENTATION('',(#755),#758);
#755 = B_SPLINE_CURVE_WITH_KNOTS('',1,(#756,#757),.UNSPECIFIED.,.F.,.F.,
  (2,2),(0.,2.400000393391E-02),.PIECEWISE_BEZIER_KNOTS.);
#756 = CARTESIAN_POINT('',(1.378825421914E-03,1.087882721192E-02));
#757 = CARTESIAN_POINT('',(1.378825421914E-03,-1.312117672199E-02));
#758 = ( GEOMETRIC_REPRESENTATION_CONTEXT(2) 
PARAMETRIC_REPRESENTATION_CONTEXT() REPRESENTATION_CONTEXT('2D SPACE',''
  ) );
#759 = ORIENTED_EDGE('',*,*,#571,.F.);
#760 = ADVANCED_FACE('',(#761),#474,.T.);
#761 = FACE_BOUND('',#762,.T.);
#762 = EDGE_LOOP('',(#763,#783,#784));
#763 = ORIENTED_EDGE('',*,*,#764,.T.);
#764 = EDGE_CURVE('',#521,#53,#765,.T.);
#765 = SURFACE_CURVE('',#766,(#770,#777),.PCURVE_S1.);
#766 = LINE('',#767,#768);
#767 = CARTESIAN_POINT('',(-0.235024914145,-0.104548744857,
    -2.676569158211E-03));
#768 = VECTOR('',#769,1.);
#769 = DIRECTION('',(0.99169270737,-0.128629600591,0.));
#770 = PCURVE('',#474,#771);
#771 = DEFINITIONAL_REPRESENTATION('',(#772),#776);
#772 = LINE('',#773,#774);
#773 = CARTESIAN_POINT('',(-1.048957423199E-02,4.270244744945E-02));
#774 = VECTOR('',#775,1.);
#775 = DIRECTION('',(0.128629600591,-0.99169270737));
#776 = ( GEOMETRIC_REPRESENTATION_CONTEXT(2) 
PARAMETRIC_REPRESENTATION_CONTEXT() REPRESENTATION_CONTEXT('2D SPACE',''
  ) );
#777 = PCURVE('',#695,#778);
#778 = DEFINITIONAL_REPRESENTATION('',(#779),#782);
#779 = B_SPLINE_CURVE_WITH_KNOTS('',1,(#780,#781),.UNSPECIFIED.,.F.,.F.,
  (2,2),(0.,0.109434905509),.PIECEWISE_BEZIER_KNOTS.);
#780 = CARTESIAN_POINT('',(5.432664938165E-02,6.267404503843E-03));
#781 = CARTESIAN_POINT('',(-5.419914834308E-02,-7.80916368244E-03));
#782 = ( GEOMETRIC_REPRESENTATION_CONTEXT(2) 
PARAMETRIC_REPRESENTATION_CONTEXT() REPRESENTATION_CONTEXT('2D SPACE',''
  ) );
#783 = ORIENTED_EDGE('',*,*,#460,.F.);
#784 = ORIENTED_EDGE('',*,*,#547,.F.);
#785 = ADVANCED_FACE('',(#786),#695,.T.);
#786 = FACE_BOUND('',#787,.T.);
#787 = EDGE_LOOP('',(#788,#813,#814));
#788 = ORIENTED_EDGE('',*,*,#789,.T.);
#789 = EDGE_CURVE('',#521,#680,#790,.T.);
#790 = SURFACE_CURVE('',#791,(#795,#802),.PCURVE_S1.);
#791 = LINE('',#792,#793);
#792 = CARTESIAN_POINT('',(-0.235024914145,-0.104548744857,
    -2.676569158211E-03));
#793 = VECTOR('',#794,1.);
#794 = DIRECTION('',(1.,0.,0.));
#795 = PCURVE('',#695,#796);
#796 = DEFINITIONAL_REPRESENTATION('',(#797),#801);
#797 = LINE('',#798,#799);
#798 = CARTESIAN_POINT('',(5.432664938165E-02,6.267404503843E-03));
#799 = VECTOR('',#800,1.);
#800 = DIRECTION('',(-1.,0.));
#801 = ( GEOMETRIC_REPRESENTATION_CONTEXT(2) 
PARAMETRIC_REPRESENTATION_CONTEXT() REPRESENTATION_CONTEXT('2D SPACE',''
  ) );
#802 = PCURVE('',#803,#808);
#803 = PLANE('',#804);
#804 = AXIS2_PLACEMENT_3D('',#805,#806,#807);
#805 = CARTESIAN_POINT('',(-0.221903737423,-0.104548744857,
    -1.297743736297E-03));
#806 = DIRECTION('',(1.326730547539E-30,1.,-4.537991270907E-30));
#807 = DIRECTION('',(0.,4.537991270907E-30,1.));
#808 = DEFINITIONAL_REPRESENTATION('',(#809),#812);
#809 = B_SPLINE_CURVE_WITH_KNOTS('',1,(#810,#811),.UNSPECIFIED.,.F.,.F.,
  (2,2),(0.,2.400000393391E-02),.PIECEWISE_BEZIER_KNOTS.);
#810 = CARTESIAN_POINT('',(-1.378825421914E-03,-1.312117672199E-02));
#811 = CARTESIAN_POINT('',(-1.378825421914E-03,1.087882721192E-02));
#812 = ( GEOMETRIC_REPRESENTATION_CONTEXT(2) 
PARAMETRIC_REPRESENTATION_CONTEXT() REPRESENTATION_CONTEXT('2D SPACE',''
  ) );
#813 = ORIENTED_EDGE('',*,*,#679,.F.);
#814 = ORIENTED_EDGE('',*,*,#764,.F.);
#815 = ADVANCED_FACE('',(#816),#238,.T.);
#816 = FACE_BOUND('',#817,.T.);
#817 = EDGE_LOOP('',(#818,#843,#844));
#818 = ORIENTED_EDGE('',*,*,#819,.T.);
#819 = EDGE_CURVE('',#305,#55,#820,.T.);
#820 = SURFACE_CURVE('',#821,(#825,#832),.PCURVE_S1.);
#821 = LINE('',#822,#823);
#822 = CARTESIAN_POINT('',(-0.256499141455,-0.118625313044,
    2.323431195691E-03));
#823 = VECTOR('',#824,1.);
#824 = DIRECTION('',(0.467227121085,0.884137329448,0.));
#825 = PCURVE('',#238,#826);
#826 = DEFINITIONAL_REPRESENTATION('',(#827),#831);
#827 = LINE('',#828,#829);
#828 = CARTESIAN_POINT('',(-4.055933618209E-02,-0.147440679732));
#829 = VECTOR('',#830,1.);
#830 = DIRECTION('',(0.467227121085,0.884137329448));
#831 = ( GEOMETRIC_REPRESENTATION_CONTEXT(2) 
PARAMETRIC_REPRESENTATION_CONTEXT() REPRESENTATION_CONTEXT('2D SPACE',''
  ) );
#832 = PCURVE('',#833,#838);
#833 = PLANE('',#834);
#834 = AXIS2_PLACEMENT_3D('',#835,#836,#837);
#835 = CARTESIAN_POINT('',(-0.190155954708,3.52250914255E-03,
    2.323431195691E-03));
#836 = DIRECTION('',(7.087906516494E-30,-3.657177251723E-30,1.));
#837 = DIRECTION('',(1.,0.,-7.087906516494E-30));
#838 = DEFINITIONAL_REPRESENTATION('',(#839),#842);
#839 = B_SPLINE_CURVE_WITH_KNOTS('',1,(#840,#841),.UNSPECIFIED.,.F.,.F.,
  (2,2),(0.,0.278237326489),.PIECEWISE_BEZIER_KNOTS.);
#840 = CARTESIAN_POINT('',(-6.634318674696E-02,-0.122147822186));
#841 = CARTESIAN_POINT('',(6.365683828699E-02,0.123852184609));
#842 = ( GEOMETRIC_REPRESENTATION_CONTEXT(2) 
PARAMETRIC_REPRESENTATION_CONTEXT() REPRESENTATION_CONTEXT('2D SPACE',''
  ) );
#843 = ORIENTED_EDGE('',*,*,#224,.F.);
#844 = ORIENTED_EDGE('',*,*,#331,.F.);
#845 = ADVANCED_FACE('',(#846),#102,.T.);
#846 = FACE_BOUND('',#847,.T.);
#847 = EDGE_LOOP('',(#848,#875,#895));
#848 = ORIENTED_EDGE('',*,*,#849,.T.);
#849 = EDGE_CURVE('',#55,#850,#852,.T.);
#850 = VERTEX_POINT('',#851);
#851 = CARTESIAN_POINT('',(-0.211024910212,-0.104548744857,
    2.323431195691E-03));
#852 = SURFACE_CURVE('',#853,(#857,#864),.PCURVE_S1.);
#853 = LINE('',#854,#855);
#854 = CARTESIAN_POINT('',(-0.126499116421,0.127374693751,
    2.323431195691E-03));
#855 = VECTOR('',#856,1.);
#856 = DIRECTION('',(-0.342422782935,-0.939545974249,0.));
#857 = PCURVE('',#102,#858);
#858 = DEFINITIONAL_REPRESENTATION('',(#859),#863);
#859 = LINE('',#860,#861);
#860 = CARTESIAN_POINT('',(2.429224457615E-02,0.137172624261));
#861 = VECTOR('',#862,1.);
#862 = DIRECTION('',(-0.342422782935,-0.939545974249));
#863 = ( GEOMETRIC_REPRESENTATION_CONTEXT(2) 
PARAMETRIC_REPRESENTATION_CONTEXT() REPRESENTATION_CONTEXT('2D SPACE',''
  ) );
#864 = PCURVE('',#865,#870);
#865 = PLANE('',#866);
#866 = AXIS2_PLACEMENT_3D('',#867,#868,#869);
#867 = CARTESIAN_POINT('',(-0.169873024079,1.162000599967E-02,
    2.323431195691E-03));
#868 = DIRECTION('',(0.,0.,1.));
#869 = DIRECTION('',(1.,0.,-0.));
#870 = DEFINITIONAL_REPRESENTATION('',(#871),#874);
#871 = B_SPLINE_CURVE_WITH_KNOTS('',1,(#872,#873),.UNSPECIFIED.,.F.,.F.,
  (2,2),(0.,0.246846290618),.PIECEWISE_BEZIER_KNOTS.);
#872 = CARTESIAN_POINT('',(4.337390765824E-02,0.115754687752));
#873 = CARTESIAN_POINT('',(-4.115188613258E-02,-0.116168750857));
#874 = ( GEOMETRIC_REPRESENTATION_CONTEXT(2) 
PARAMETRIC_REPRESENTATION_CONTEXT() REPRESENTATION_CONTEXT('2D SPACE',''
  ) );
#875 = ORIENTED_EDGE('',*,*,#876,.T.);
#876 = EDGE_CURVE('',#850,#87,#877,.T.);
#877 = SURFACE_CURVE('',#878,(#882,#889),.PCURVE_S1.);
#878 = LINE('',#879,#880);
#879 = CARTESIAN_POINT('',(-0.211024910212,-0.104548744857,
    2.323431195691E-03));
#880 = VECTOR('',#881,1.);
#881 = DIRECTION('',(0.986414853892,-0.164273357611,0.));
#882 = PCURVE('',#102,#883);
#883 = DEFINITIONAL_REPRESENTATION('',(#884),#888);
#884 = LINE('',#885,#886);
#885 = CARTESIAN_POINT('',(-6.023354921466E-02,-9.47508143472E-02));
#886 = VECTOR('',#887,1.);
#887 = DIRECTION('',(0.986414853892,-0.164273357611));
#888 = ( GEOMETRIC_REPRESENTATION_CONTEXT(2) 
PARAMETRIC_REPRESENTATION_CONTEXT() REPRESENTATION_CONTEXT('2D SPACE',''
  ) );
#889 = PCURVE('',#445,#890);
#890 = DEFINITIONAL_REPRESENTATION('',(#891),#894);
#891 = B_SPLINE_CURVE_WITH_KNOTS('',1,(#892,#893),.UNSPECIFIED.,.F.,.F.,
  (2,2),(0.,8.568990365189E-02),.PIECEWISE_BEZIER_KNOTS.);
#892 = CARTESIAN_POINT('',(1.051341254647E-02,1.928459063229E-02));
#893 = CARTESIAN_POINT('',(-3.563155639813E-03,-6.524120315853E-02));
#894 = ( GEOMETRIC_REPRESENTATION_CONTEXT(2) 
PARAMETRIC_REPRESENTATION_CONTEXT() REPRESENTATION_CONTEXT('2D SPACE',''
  ) );
#895 = ORIENTED_EDGE('',*,*,#86,.F.);
#896 = ADVANCED_FACE('',(#897),#865,.T.);
#897 = FACE_BOUND('',#898,.T.);
#898 = EDGE_LOOP('',(#899,#926,#951));
#899 = ORIENTED_EDGE('',*,*,#900,.T.);
#900 = EDGE_CURVE('',#55,#901,#903,.T.);
#901 = VERTEX_POINT('',#902);
#902 = CARTESIAN_POINT('',(-0.211024910212,-9.15487408638E-02,
    2.323431195691E-03));
#903 = SURFACE_CURVE('',#904,(#908,#915),.PCURVE_S1.);
#904 = LINE('',#905,#906);
#905 = CARTESIAN_POINT('',(-0.126499116421,0.127374693751,
    2.323431195691E-03));
#906 = VECTOR('',#907,1.);
#907 = DIRECTION('',(-0.360183254619,-0.932881569703,0.));
#908 = PCURVE('',#865,#909);
#909 = DEFINITIONAL_REPRESENTATION('',(#910),#914);
#910 = LINE('',#911,#912);
#911 = CARTESIAN_POINT('',(4.337390765824E-02,0.115754687752));
#912 = VECTOR('',#913,1.);
#913 = DIRECTION('',(-0.360183254619,-0.932881569703));
#914 = ( GEOMETRIC_REPRESENTATION_CONTEXT(2) 
PARAMETRIC_REPRESENTATION_CONTEXT() REPRESENTATION_CONTEXT('2D SPACE',''
  ) );
#915 = PCURVE('',#916,#921);
#916 = PLANE('',#917);
#917 = AXIS2_PLACEMENT_3D('',#918,#919,#920);
#918 = CARTESIAN_POINT('',(-0.177180090794,1.269036955878E-02,
    2.323431195691E-03));
#919 = DIRECTION('',(-1.807742201119E-31,8.025406758047E-32,1.));
#920 = DIRECTION('',(1.,0.,1.807742201119E-31));
#921 = DEFINITIONAL_REPRESENTATION('',(#922),#925);
#922 = B_SPLINE_CURVE_WITH_KNOTS('',1,(#923,#924),.UNSPECIFIED.,.F.,.F.,
  (2,2),(0.,0.234674412835),.PIECEWISE_BEZIER_KNOTS.);
#923 = CARTESIAN_POINT('',(5.068097437368E-02,0.114684324193));
#924 = CARTESIAN_POINT('',(-3.384481941713E-02,-0.104239110423));
#925 = ( GEOMETRIC_REPRESENTATION_CONTEXT(2) 
PARAMETRIC_REPRESENTATION_CONTEXT() REPRESENTATION_CONTEXT('2D SPACE',''
  ) );
#926 = ORIENTED_EDGE('',*,*,#927,.T.);
#927 = EDGE_CURVE('',#901,#850,#928,.T.);
#928 = SURFACE_CURVE('',#929,(#933,#940),.PCURVE_S1.);
#929 = LINE('',#930,#931);
#930 = CARTESIAN_POINT('',(-0.211024910212,-9.15487408638E-02,
    2.323431195691E-03));
#931 = VECTOR('',#932,1.);
#932 = DIRECTION('',(0.,-1.,0.));
#933 = PCURVE('',#865,#934);
#934 = DEFINITIONAL_REPRESENTATION('',(#935),#939);
#935 = LINE('',#936,#937);
#936 = CARTESIAN_POINT('',(-4.115188613258E-02,-0.103168746863));
#937 = VECTOR('',#938,1.);
#938 = DIRECTION('',(0.,-1.));
#939 = ( GEOMETRIC_REPRESENTATION_CONTEXT(2) 
PARAMETRIC_REPRESENTATION_CONTEXT() REPRESENTATION_CONTEXT('2D SPACE',''
  ) );
#940 = PCURVE('',#941,#946);
#941 = PLANE('',#942);
#942 = AXIS2_PLACEMENT_3D('',#943,#944,#945);
#943 = CARTESIAN_POINT('',(-0.211024910212,-9.703083980659E-02,
    8.413340727049E-04));
#944 = DIRECTION('',(-1.,-6.436805949831E-30,-1.003074978936E-29));
#945 = DIRECTION('',(1.003074978936E-29,0.,-1.));
#946 = DEFINITIONAL_REPRESENTATION('',(#947),#950);
#947 = B_SPLINE_CURVE_WITH_KNOTS('',1,(#948,#949),.UNSPECIFIED.,.F.,.F.,
  (2,2),(0.,1.300000399351E-02),.PIECEWISE_BEZIER_KNOTS.);
#948 = CARTESIAN_POINT('',(-1.482097122986E-03,-5.482098942791E-03));
#949 = CARTESIAN_POINT('',(-1.482097122986E-03,7.517905050721E-03));
#950 = ( GEOMETRIC_REPRESENTATION_CONTEXT(2) 
PARAMETRIC_REPRESENTATION_CONTEXT() REPRESENTATION_CONTEXT('2D SPACE',''
  ) );
#951 = ORIENTED_EDGE('',*,*,#849,.F.);
#952 = ADVANCED_FACE('',(#953),#833,.T.);
#953 = FACE_BOUND('',#954,.T.);
#954 = EDGE_LOOP('',(#955,#977,#978));
#955 = ORIENTED_EDGE('',*,*,#956,.T.);
#956 = EDGE_CURVE('',#957,#55,#959,.T.);
#957 = VERTEX_POINT('',#958);
#958 = CARTESIAN_POINT('',(-0.235024914145,-9.15487408638E-02,
    2.323431195691E-03));
#959 = SURFACE_CURVE('',#960,(#964,#971),.PCURVE_S1.);
#960 = LINE('',#961,#962);
#961 = CARTESIAN_POINT('',(-0.235024914145,-9.15487408638E-02,
    2.323431195691E-03));
#962 = VECTOR('',#963,1.);
#963 = DIRECTION('',(0.444146736454,0.895954059368,0.));
#964 = PCURVE('',#833,#965);
#965 = DEFINITIONAL_REPRESENTATION('',(#966),#970);
#966 = LINE('',#967,#968);
#967 = CARTESIAN_POINT('',(-4.486895943773E-02,-9.507125000635E-02));
#968 = VECTOR('',#969,1.);
#969 = DIRECTION('',(0.444146736454,0.895954059368));
#970 = ( GEOMETRIC_REPRESENTATION_CONTEXT(2) 
PARAMETRIC_REPRESENTATION_CONTEXT() REPRESENTATION_CONTEXT('2D SPACE',''
  ) );
#971 = PCURVE('',#916,#972);
#972 = DEFINITIONAL_REPRESENTATION('',(#973),#976);
#973 = B_SPLINE_CURVE_WITH_KNOTS('',1,(#974,#975),.UNSPECIFIED.,.F.,.F.,
  (2,2),(0.,0.244346718815),.PIECEWISE_BEZIER_KNOTS.);
#974 = CARTESIAN_POINT('',(-5.784482335104E-02,-0.104239110423));
#975 = CARTESIAN_POINT('',(5.068097437368E-02,0.114684324193));
#976 = ( GEOMETRIC_REPRESENTATION_CONTEXT(2) 
PARAMETRIC_REPRESENTATION_CONTEXT() REPRESENTATION_CONTEXT('2D SPACE',''
  ) );
#977 = ORIENTED_EDGE('',*,*,#819,.F.);
#978 = ORIENTED_EDGE('',*,*,#979,.F.);
#979 = EDGE_CURVE('',#957,#305,#980,.T.);
#980 = SURFACE_CURVE('',#981,(#985,#991),.PCURVE_S1.);
#981 = LINE('',#982,#983);
#982 = CARTESIAN_POINT('',(-0.235024914145,-9.15487408638E-02,
    2.323431195691E-03));
#983 = VECTOR('',#984,1.);
#984 = DIRECTION('',(-0.621389462772,-0.78350184145,0.));
#985 = PCURVE('',#833,#986);
#986 = DEFINITIONAL_REPRESENTATION('',(#987),#990);
#987 = B_SPLINE_CURVE_WITH_KNOTS('',1,(#988,#989),.UNSPECIFIED.,.F.,.F.,
  (2,2),(0.,3.455840273415E-02),.PIECEWISE_BEZIER_KNOTS.);
#988 = CARTESIAN_POINT('',(-4.486895943773E-02,-9.507125000635E-02));
#989 = CARTESIAN_POINT('',(-6.634318674696E-02,-0.122147822186));
#990 = ( GEOMETRIC_REPRESENTATION_CONTEXT(2) 
PARAMETRIC_REPRESENTATION_CONTEXT() REPRESENTATION_CONTEXT('2D SPACE',''
  ) );
#991 = PCURVE('',#992,#997);
#992 = PLANE('',#993);
#993 = AXIS2_PLACEMENT_3D('',#994,#995,#996);
#994 = CARTESIAN_POINT('',(-0.243856076501,-0.1061165988,
    2.323431195691E-03));
#995 = DIRECTION('',(0.,0.,1.));
#996 = DIRECTION('',(1.,0.,-0.));
#997 = DEFINITIONAL_REPRESENTATION('',(#998),#1002);
#998 = LINE('',#999,#1000);
#999 = CARTESIAN_POINT('',(8.831162355187E-03,1.456785793633E-02));
#1000 = VECTOR('',#1001,1.);
#1001 = DIRECTION('',(-0.621389462772,-0.78350184145));
#1002 = ( GEOMETRIC_REPRESENTATION_CONTEXT(2) 
PARAMETRIC_REPRESENTATION_CONTEXT() REPRESENTATION_CONTEXT('2D SPACE',''
  ) );
#1003 = ADVANCED_FACE('',(#1004),#992,.T.);
#1004 = FACE_BOUND('',#1005,.T.);
#1005 = EDGE_LOOP('',(#1006,#1007,#1034));
#1006 = ORIENTED_EDGE('',*,*,#979,.T.);
#1007 = ORIENTED_EDGE('',*,*,#1008,.T.);
#1008 = EDGE_CURVE('',#305,#1009,#1011,.T.);
#1009 = VERTEX_POINT('',#1010);
#1010 = CARTESIAN_POINT('',(-0.235024914145,-0.104548744857,
    2.323431195691E-03));
#1011 = SURFACE_CURVE('',#1012,(#1016,#1023),.PCURVE_S1.);
#1012 = LINE('',#1013,#1014);
#1013 = CARTESIAN_POINT('',(-0.256499141455,-0.118625313044,
    2.323431195691E-03));
#1014 = VECTOR('',#1015,1.);
#1015 = DIRECTION('',(0.836331729241,0.548223712243,0.));
#1016 = PCURVE('',#992,#1017);
#1017 = DEFINITIONAL_REPRESENTATION('',(#1018),#1022);
#1018 = LINE('',#1019,#1020);
#1019 = CARTESIAN_POINT('',(-1.264306495404E-02,-1.250871424347E-02));
#1020 = VECTOR('',#1021,1.);
#1021 = DIRECTION('',(0.836331729241,0.548223712243));
#1022 = ( GEOMETRIC_REPRESENTATION_CONTEXT(2) 
PARAMETRIC_REPRESENTATION_CONTEXT() REPRESENTATION_CONTEXT('2D SPACE',''
  ) );
#1023 = PCURVE('',#1024,#1029);
#1024 = PLANE('',#1025);
#1025 = AXIS2_PLACEMENT_3D('',#1026,#1027,#1028);
#1026 = CARTESIAN_POINT('',(-0.234280422431,-0.109850606211,
    2.323431195691E-03));
#1027 = DIRECTION('',(0.,0.,1.));
#1028 = DIRECTION('',(1.,0.,-0.));
#1029 = DEFINITIONAL_REPRESENTATION('',(#1030),#1033);
#1030 = B_SPLINE_CURVE_WITH_KNOTS('',1,(#1031,#1032),.UNSPECIFIED.,.F.,
  .F.,(2,2),(0.,2.567668612636E-02),.PIECEWISE_BEZIER_KNOTS.);
#1031 = CARTESIAN_POINT('',(-2.221871902411E-02,-8.774706832595E-03));
#1032 = CARTESIAN_POINT('',(-7.444917148798E-04,5.301861353688E-03));
#1033 = ( GEOMETRIC_REPRESENTATION_CONTEXT(2) 
PARAMETRIC_REPRESENTATION_CONTEXT() REPRESENTATION_CONTEXT('2D SPACE',''
  ) );
#1034 = ORIENTED_EDGE('',*,*,#1035,.T.);
#1035 = EDGE_CURVE('',#1009,#957,#1036,.T.);
#1036 = SURFACE_CURVE('',#1037,(#1041,#1048),.PCURVE_S1.);
#1037 = LINE('',#1038,#1039);
#1038 = CARTESIAN_POINT('',(-0.235024914145,-0.104548744857,
    2.323431195691E-03));
#1039 = VECTOR('',#1040,1.);
#1040 = DIRECTION('',(0.,1.,0.));
#1041 = PCURVE('',#992,#1042);
#1042 = DEFINITIONAL_REPRESENTATION('',(#1043),#1047);
#1043 = LINE('',#1044,#1045);
#1044 = CARTESIAN_POINT('',(8.831162355187E-03,1.567853942814E-03));
#1045 = VECTOR('',#1046,1.);
#1046 = DIRECTION('',(0.,1.));
#1047 = ( GEOMETRIC_REPRESENTATION_CONTEXT(2) 
PARAMETRIC_REPRESENTATION_CONTEXT() REPRESENTATION_CONTEXT('2D SPACE',''
  ) );
#1048 = PCURVE('',#1049,#1054);
#1049 = PLANE('',#1050);
#1050 = AXIS2_PLACEMENT_3D('',#1051,#1052,#1053);
#1051 = CARTESIAN_POINT('',(-0.235024914145,-9.703083980659E-02,
    8.413340727049E-04));
#1052 = DIRECTION('',(1.,-6.620714691254E-30,-1.031734264049E-29));
#1053 = DIRECTION('',(1.031734264049E-29,0.,1.));
#1054 = DEFINITIONAL_REPRESENTATION('',(#1055),#1058);
#1055 = B_SPLINE_CURVE_WITH_KNOTS('',1,(#1056,#1057),.UNSPECIFIED.,.F.,
  .F.,(2,2),(0.,1.300000399351E-02),.PIECEWISE_BEZIER_KNOTS.);
#1056 = CARTESIAN_POINT('',(1.482097122986E-03,7.517905050721E-03));
#1057 = CARTESIAN_POINT('',(1.482097122986E-03,-5.482098942791E-03));
#1058 = ( GEOMETRIC_REPRESENTATION_CONTEXT(2) 
PARAMETRIC_REPRESENTATION_CONTEXT() REPRESENTATION_CONTEXT('2D SPACE',''
  ) );
#1059 = ADVANCED_FACE('',(#1060),#916,.T.);
#1060 = FACE_BOUND('',#1061,.T.);
#1061 = EDGE_LOOP('',(#1062,#1063,#1088));
#1062 = ORIENTED_EDGE('',*,*,#956,.F.);
#1063 = ORIENTED_EDGE('',*,*,#1064,.T.);
#1064 = EDGE_CURVE('',#957,#901,#1065,.T.);
#1065 = SURFACE_CURVE('',#1066,(#1070,#1077),.PCURVE_S1.);
#1066 = LINE('',#1067,#1068);
#1067 = CARTESIAN_POINT('',(-0.235024914145,-9.15487408638E-02,
    2.323431195691E-03));
#1068 = VECTOR('',#1069,1.);
#1069 = DIRECTION('',(1.,0.,0.));
#1070 = PCURVE('',#916,#1071);
#1071 = DEFINITIONAL_REPRESENTATION('',(#1072),#1076);
#1072 = LINE('',#1073,#1074);
#1073 = CARTESIAN_POINT('',(-5.784482335104E-02,-0.104239110423));
#1074 = VECTOR('',#1075,1.);
#1075 = DIRECTION('',(1.,1.450786647767E-62));
#1076 = ( GEOMETRIC_REPRESENTATION_CONTEXT(2) 
PARAMETRIC_REPRESENTATION_CONTEXT() REPRESENTATION_CONTEXT('2D SPACE',''
  ) );
#1077 = PCURVE('',#1078,#1083);
#1078 = PLANE('',#1079);
#1079 = AXIS2_PLACEMENT_3D('',#1080,#1081,#1082);
#1080 = CARTESIAN_POINT('',(-0.224146086934,-9.15487408638E-02,
    9.446057737772E-04));
#1081 = DIRECTION('',(5.278338587756E-30,-1.,-1.640951415675E-29));
#1082 = DIRECTION('',(0.,1.640951415675E-29,-1.));
#1083 = DEFINITIONAL_REPRESENTATION('',(#1084),#1087);
#1084 = B_SPLINE_CURVE_WITH_KNOTS('',1,(#1085,#1086),.UNSPECIFIED.,.F.,
  .F.,(2,2),(0.,2.400000393391E-02),.PIECEWISE_BEZIER_KNOTS.);
#1085 = CARTESIAN_POINT('',(-1.378825421914E-03,-1.087882721192E-02));
#1086 = CARTESIAN_POINT('',(-1.378825421914E-03,1.312117672199E-02));
#1087 = ( GEOMETRIC_REPRESENTATION_CONTEXT(2) 
PARAMETRIC_REPRESENTATION_CONTEXT() REPRESENTATION_CONTEXT('2D SPACE',''
  ) );
#1088 = ORIENTED_EDGE('',*,*,#900,.F.);
#1089 = ADVANCED_FACE('',(#1090),#445,.T.);
#1090 = FACE_BOUND('',#1091,.T.);
#1091 = EDGE_LOOP('',(#1092,#1112,#1113));
#1092 = ORIENTED_EDGE('',*,*,#1093,.T.);
#1093 = EDGE_CURVE('',#850,#305,#1094,.T.);
#1094 = SURFACE_CURVE('',#1095,(#1099,#1106),.PCURVE_S1.);
#1095 = LINE('',#1096,#1097);
#1096 = CARTESIAN_POINT('',(-0.211024910212,-0.104548744857,
    2.323431195691E-03));
#1097 = VECTOR('',#1098,1.);
#1098 = DIRECTION('',(-0.955278705312,-0.295706941374,0.));
#1099 = PCURVE('',#445,#1100);
#1100 = DEFINITIONAL_REPRESENTATION('',(#1101),#1105);
#1101 = LINE('',#1102,#1103);
#1102 = CARTESIAN_POINT('',(1.051341254647E-02,1.928459063229E-02));
#1103 = VECTOR('',#1104,1.);
#1104 = DIRECTION('',(-0.295706941374,0.955278705312));
#1105 = ( GEOMETRIC_REPRESENTATION_CONTEXT(2) 
PARAMETRIC_REPRESENTATION_CONTEXT() REPRESENTATION_CONTEXT('2D SPACE',''
  ) );
#1106 = PCURVE('',#1024,#1107);
#1107 = DEFINITIONAL_REPRESENTATION('',(#1108),#1111);
#1108 = B_SPLINE_CURVE_WITH_KNOTS('',1,(#1109,#1110),.UNSPECIFIED.,.F.,
  .F.,(2,2),(0.,4.760310367042E-02),.PIECEWISE_BEZIER_KNOTS.);
#1109 = CARTESIAN_POINT('',(2.325551221903E-02,5.301861353688E-03));
#1110 = CARTESIAN_POINT('',(-2.221871902411E-02,-8.774706832595E-03));
#1111 = ( GEOMETRIC_REPRESENTATION_CONTEXT(2) 
PARAMETRIC_REPRESENTATION_CONTEXT() REPRESENTATION_CONTEXT('2D SPACE',''
  ) );
#1112 = ORIENTED_EDGE('',*,*,#431,.F.);
#1113 = ORIENTED_EDGE('',*,*,#876,.F.);
#1114 = ADVANCED_FACE('',(#1115),#1024,.T.);
#1115 = FACE_BOUND('',#1116,.T.);
#1116 = EDGE_LOOP('',(#1117,#1142,#1143));
#1117 = ORIENTED_EDGE('',*,*,#1118,.T.);
#1118 = EDGE_CURVE('',#850,#1009,#1119,.T.);
#1119 = SURFACE_CURVE('',#1120,(#1124,#1131),.PCURVE_S1.);
#1120 = LINE('',#1121,#1122);
#1121 = CARTESIAN_POINT('',(-0.211024910212,-0.104548744857,
    2.323431195691E-03));
#1122 = VECTOR('',#1123,1.);
#1123 = DIRECTION('',(-1.,0.,0.));
#1124 = PCURVE('',#1024,#1125);
#1125 = DEFINITIONAL_REPRESENTATION('',(#1126),#1130);
#1126 = LINE('',#1127,#1128);
#1127 = CARTESIAN_POINT('',(2.325551221903E-02,5.301861353688E-03));
#1128 = VECTOR('',#1129,1.);
#1129 = DIRECTION('',(-1.,0.));
#1130 = ( GEOMETRIC_REPRESENTATION_CONTEXT(2) 
PARAMETRIC_REPRESENTATION_CONTEXT() REPRESENTATION_CONTEXT('2D SPACE',''
  ) );
#1131 = PCURVE('',#1132,#1137);
#1132 = PLANE('',#1133);
#1133 = AXIS2_PLACEMENT_3D('',#1134,#1135,#1136);
#1134 = CARTESIAN_POINT('',(-0.224146086934,-0.104548744857,
    9.446057737772E-04));
#1135 = DIRECTION('',(-1.055667717551E-29,1.,3.28190283135E-29));
#1136 = DIRECTION('',(0.,-3.28190283135E-29,1.));
#1137 = DEFINITIONAL_REPRESENTATION('',(#1138),#1141);
#1138 = B_SPLINE_CURVE_WITH_KNOTS('',1,(#1139,#1140),.UNSPECIFIED.,.F.,
  .F.,(2,2),(0.,2.400000393391E-02),.PIECEWISE_BEZIER_KNOTS.);
#1139 = CARTESIAN_POINT('',(1.378825421914E-03,1.312117672199E-02));
#1140 = CARTESIAN_POINT('',(1.378825421914E-03,-1.087882721192E-02));
#1141 = ( GEOMETRIC_REPRESENTATION_CONTEXT(2) 
PARAMETRIC_REPRESENTATION_CONTEXT() REPRESENTATION_CONTEXT('2D SPACE',''
  ) );
#1142 = ORIENTED_EDGE('',*,*,#1008,.F.);
#1143 = ORIENTED_EDGE('',*,*,#1093,.F.);
#1144 = ADVANCED_FACE('',(#1145),#803,.T.);
#1145 = FACE_BOUND('',#1146,.T.);
#1146 = EDGE_LOOP('',(#1147,#1167,#1187));
#1147 = ORIENTED_EDGE('',*,*,#1148,.T.);
#1148 = EDGE_CURVE('',#521,#850,#1149,.T.);
#1149 = SURFACE_CURVE('',#1150,(#1154,#1161),.PCURVE_S1.);
#1150 = LINE('',#1151,#1152);
#1151 = CARTESIAN_POINT('',(-0.235024914145,-0.104548744857,
    -2.676569158211E-03));
#1152 = VECTOR('',#1153,1.);
#1153 = DIRECTION('',(0.97898042353,0.,0.203954235907));
#1154 = PCURVE('',#803,#1155);
#1155 = DEFINITIONAL_REPRESENTATION('',(#1156),#1160);
#1156 = LINE('',#1157,#1158);
#1157 = CARTESIAN_POINT('',(-1.378825421914E-03,-1.312117672199E-02));
#1158 = VECTOR('',#1159,1.);
#1159 = DIRECTION('',(0.203954235907,0.97898042353));
#1160 = ( GEOMETRIC_REPRESENTATION_CONTEXT(2) 
PARAMETRIC_REPRESENTATION_CONTEXT() REPRESENTATION_CONTEXT('2D SPACE',''
  ) );
#1161 = PCURVE('',#1132,#1162);
#1162 = DEFINITIONAL_REPRESENTATION('',(#1163),#1166);
#1163 = B_SPLINE_CURVE_WITH_KNOTS('',1,(#1164,#1165),.UNSPECIFIED.,.F.,
  .F.,(2,2),(0.,2.451530526766E-02),.PIECEWISE_BEZIER_KNOTS.);
#1164 = CARTESIAN_POINT('',(-3.621174931989E-03,-1.087882721192E-02));
#1165 = CARTESIAN_POINT('',(1.378825421914E-03,1.312117672199E-02));
#1166 = ( GEOMETRIC_REPRESENTATION_CONTEXT(2) 
PARAMETRIC_REPRESENTATION_CONTEXT() REPRESENTATION_CONTEXT('2D SPACE',''
  ) );
#1167 = ORIENTED_EDGE('',*,*,#1168,.T.);
#1168 = EDGE_CURVE('',#850,#680,#1169,.T.);
#1169 = SURFACE_CURVE('',#1170,(#1174,#1181),.PCURVE_S1.);
#1170 = LINE('',#1171,#1172);
#1171 = CARTESIAN_POINT('',(-0.211024910212,-0.104548744857,
    2.323431195691E-03));
#1172 = VECTOR('',#1173,1.);
#1173 = DIRECTION('',(0.,0.,-1.));
#1174 = PCURVE('',#803,#1175);
#1175 = DEFINITIONAL_REPRESENTATION('',(#1176),#1180);
#1176 = LINE('',#1177,#1178);
#1177 = CARTESIAN_POINT('',(3.621174931989E-03,1.087882721192E-02));
#1178 = VECTOR('',#1179,1.);
#1179 = DIRECTION('',(-1.,-6.020691643575E-60));
#1180 = ( GEOMETRIC_REPRESENTATION_CONTEXT(2) 
PARAMETRIC_REPRESENTATION_CONTEXT() REPRESENTATION_CONTEXT('2D SPACE',''
  ) );
#1181 = PCURVE('',#720,#1182);
#1182 = DEFINITIONAL_REPRESENTATION('',(#1183),#1186);
#1183 = B_SPLINE_CURVE_WITH_KNOTS('',1,(#1184,#1185),.UNSPECIFIED.,.F.,
  .F.,(2,2),(0.,5.000000353903E-03),.PIECEWISE_BEZIER_KNOTS.);
#1184 = CARTESIAN_POINT('',(-3.517903230916E-03,5.482098942791E-03));
#1185 = CARTESIAN_POINT('',(1.482097122986E-03,5.482098942791E-03));
#1186 = ( GEOMETRIC_REPRESENTATION_CONTEXT(2) 
PARAMETRIC_REPRESENTATION_CONTEXT() REPRESENTATION_CONTEXT('2D SPACE',''
  ) );
#1187 = ORIENTED_EDGE('',*,*,#789,.F.);
#1188 = ADVANCED_FACE('',(#1189),#1132,.T.);
#1189 = FACE_BOUND('',#1190,.T.);
#1190 = EDGE_LOOP('',(#1191,#1211,#1212));
#1191 = ORIENTED_EDGE('',*,*,#1192,.T.);
#1192 = EDGE_CURVE('',#521,#1009,#1193,.T.);
#1193 = SURFACE_CURVE('',#1194,(#1198,#1205),.PCURVE_S1.);
#1194 = LINE('',#1195,#1196);
#1195 = CARTESIAN_POINT('',(-0.235024914145,-0.104548744857,
    -2.676569158211E-03));
#1196 = VECTOR('',#1197,1.);
#1197 = DIRECTION('',(0.,0.,1.));
#1198 = PCURVE('',#1132,#1199);
#1199 = DEFINITIONAL_REPRESENTATION('',(#1200),#1204);
#1200 = LINE('',#1201,#1202);
#1201 = CARTESIAN_POINT('',(-3.621174931989E-03,-1.087882721192E-02));
#1202 = VECTOR('',#1203,1.);
#1203 = DIRECTION('',(1.,3.464598871196E-58));
#1204 = ( GEOMETRIC_REPRESENTATION_CONTEXT(2) 
PARAMETRIC_REPRESENTATION_CONTEXT() REPRESENTATION_CONTEXT('2D SPACE',''
  ) );
#1205 = PCURVE('',#612,#1206);
#1206 = DEFINITIONAL_REPRESENTATION('',(#1207),#1210);
#1207 = B_SPLINE_CURVE_WITH_KNOTS('',1,(#1208,#1209),.UNSPECIFIED.,.F.,
  .F.,(2,2),(0.,5.000000353903E-03),.PIECEWISE_BEZIER_KNOTS.);
#1208 = CARTESIAN_POINT('',(-1.482097122986E-03,5.482098942791E-03));
#1209 = CARTESIAN_POINT('',(3.517903230916E-03,5.482098942791E-03));
#1210 = ( GEOMETRIC_REPRESENTATION_CONTEXT(2) 
PARAMETRIC_REPRESENTATION_CONTEXT() REPRESENTATION_CONTEXT('2D SPACE',''
  ) );
#1211 = ORIENTED_EDGE('',*,*,#1118,.F.);
#1212 = ORIENTED_EDGE('',*,*,#1148,.F.);
#1213 = ADVANCED_FACE('',(#1214),#612,.T.);
#1214 = FACE_BOUND('',#1215,.T.);
#1215 = EDGE_LOOP('',(#1216,#1236,#1237));
#1216 = ORIENTED_EDGE('',*,*,#1217,.T.);
#1217 = EDGE_CURVE('',#572,#1009,#1218,.T.);
#1218 = SURFACE_CURVE('',#1219,(#1223,#1230),.PCURVE_S1.);
#1219 = LINE('',#1220,#1221);
#1220 = CARTESIAN_POINT('',(-0.235024914145,-9.15487408638E-02,
    -2.676569158211E-03));
#1221 = VECTOR('',#1222,1.);
#1222 = DIRECTION('',(0.,-0.933345634638,0.358979005378));
#1223 = PCURVE('',#612,#1224);
#1224 = DEFINITIONAL_REPRESENTATION('',(#1225),#1229);
#1225 = LINE('',#1226,#1227);
#1226 = CARTESIAN_POINT('',(-1.482097122986E-03,-7.517905050721E-03));
#1227 = VECTOR('',#1228,1.);
#1228 = DIRECTION('',(0.358979005378,0.933345634638));
#1229 = ( GEOMETRIC_REPRESENTATION_CONTEXT(2) 
PARAMETRIC_REPRESENTATION_CONTEXT() REPRESENTATION_CONTEXT('2D SPACE',''
  ) );
#1230 = PCURVE('',#1049,#1231);
#1231 = DEFINITIONAL_REPRESENTATION('',(#1232),#1235);
#1232 = B_SPLINE_CURVE_WITH_KNOTS('',1,(#1233,#1234),.UNSPECIFIED.,.F.,
  .F.,(2,2),(0.,1.392839213155E-02),.PIECEWISE_BEZIER_KNOTS.);
#1233 = CARTESIAN_POINT('',(-3.517903230916E-03,-5.482098942791E-03));
#1234 = CARTESIAN_POINT('',(1.482097122986E-03,7.517905050721E-03));
#1235 = ( GEOMETRIC_REPRESENTATION_CONTEXT(2) 
PARAMETRIC_REPRESENTATION_CONTEXT() REPRESENTATION_CONTEXT('2D SPACE',''
  ) );
#1236 = ORIENTED_EDGE('',*,*,#1192,.F.);
#1237 = ORIENTED_EDGE('',*,*,#598,.F.);
#1238 = ADVANCED_FACE('',(#1239),#1049,.T.);
#1239 = FACE_BOUND('',#1240,.T.);
#1240 = EDGE_LOOP('',(#1241,#1261,#1262));
#1241 = ORIENTED_EDGE('',*,*,#1242,.T.);
#1242 = EDGE_CURVE('',#572,#957,#1243,.T.);
#1243 = SURFACE_CURVE('',#1244,(#1248,#1255),.PCURVE_S1.);
#1244 = LINE('',#1245,#1246);
#1245 = CARTESIAN_POINT('',(-0.235024914145,-9.15487408638E-02,
    -2.676569158211E-03));
#1246 = VECTOR('',#1247,1.);
#1247 = DIRECTION('',(0.,0.,1.));
#1248 = PCURVE('',#1049,#1249);
#1249 = DEFINITIONAL_REPRESENTATION('',(#1250),#1254);
#1250 = LINE('',#1251,#1252);
#1251 = CARTESIAN_POINT('',(-3.517903230916E-03,-5.482098942791E-03));
#1252 = VECTOR('',#1253,1.);
#1253 = DIRECTION('',(1.,6.830818199459E-59));
#1254 = ( GEOMETRIC_REPRESENTATION_CONTEXT(2) 
PARAMETRIC_REPRESENTATION_CONTEXT() REPRESENTATION_CONTEXT('2D SPACE',''
  ) );
#1255 = PCURVE('',#1078,#1256);
#1256 = DEFINITIONAL_REPRESENTATION('',(#1257),#1260);
#1257 = B_SPLINE_CURVE_WITH_KNOTS('',1,(#1258,#1259),.UNSPECIFIED.,.F.,
  .F.,(2,2),(0.,5.000000353903E-03),.PIECEWISE_BEZIER_KNOTS.);
#1258 = CARTESIAN_POINT('',(3.621174931989E-03,-1.087882721192E-02));
#1259 = CARTESIAN_POINT('',(-1.378825421914E-03,-1.087882721192E-02));
#1260 = ( GEOMETRIC_REPRESENTATION_CONTEXT(2) 
PARAMETRIC_REPRESENTATION_CONTEXT() REPRESENTATION_CONTEXT('2D SPACE',''
  ) );
#1261 = ORIENTED_EDGE('',*,*,#1035,.F.);
#1262 = ORIENTED_EDGE('',*,*,#1217,.F.);
#1263 = ADVANCED_FACE('',(#1264),#749,.T.);
#1264 = FACE_BOUND('',#1265,.T.);
#1265 = EDGE_LOOP('',(#1266,#1286,#1287));
#1266 = ORIENTED_EDGE('',*,*,#1267,.T.);
#1267 = EDGE_CURVE('',#901,#572,#1268,.T.);
#1268 = SURFACE_CURVE('',#1269,(#1273,#1280),.PCURVE_S1.);
#1269 = LINE('',#1270,#1271);
#1270 = CARTESIAN_POINT('',(-0.211024910212,-9.15487408638E-02,
    2.323431195691E-03));
#1271 = VECTOR('',#1272,1.);
#1272 = DIRECTION('',(-0.97898042353,0.,-0.203954235907));
#1273 = PCURVE('',#749,#1274);
#1274 = DEFINITIONAL_REPRESENTATION('',(#1275),#1279);
#1275 = LINE('',#1276,#1277);
#1276 = CARTESIAN_POINT('',(-3.621174931989E-03,1.087882721192E-02));
#1277 = VECTOR('',#1278,1.);
#1278 = DIRECTION('',(0.203954235907,-0.97898042353));
#1279 = ( GEOMETRIC_REPRESENTATION_CONTEXT(2) 
PARAMETRIC_REPRESENTATION_CONTEXT() REPRESENTATION_CONTEXT('2D SPACE',''
  ) );
#1280 = PCURVE('',#1078,#1281);
#1281 = DEFINITIONAL_REPRESENTATION('',(#1282),#1285);
#1282 = B_SPLINE_CURVE_WITH_KNOTS('',1,(#1283,#1284),.UNSPECIFIED.,.F.,
  .F.,(2,2),(0.,2.451530526766E-02),.PIECEWISE_BEZIER_KNOTS.);
#1283 = CARTESIAN_POINT('',(-1.378825421914E-03,1.312117672199E-02));
#1284 = CARTESIAN_POINT('',(3.621174931989E-03,-1.087882721192E-02));
#1285 = ( GEOMETRIC_REPRESENTATION_CONTEXT(2) 
PARAMETRIC_REPRESENTATION_CONTEXT() REPRESENTATION_CONTEXT('2D SPACE',''
  ) );
#1286 = ORIENTED_EDGE('',*,*,#735,.F.);
#1287 = ORIENTED_EDGE('',*,*,#1288,.T.);
#1288 = EDGE_CURVE('',#628,#901,#1289,.T.);
#1289 = SURFACE_CURVE('',#1290,(#1294,#1301),.PCURVE_S1.);
#1290 = LINE('',#1291,#1292);
#1291 = CARTESIAN_POINT('',(-0.211024910212,-9.15487408638E-02,
    -2.676569158211E-03));
#1292 = VECTOR('',#1293,1.);
#1293 = DIRECTION('',(0.,0.,1.));
#1294 = PCURVE('',#749,#1295);
#1295 = DEFINITIONAL_REPRESENTATION('',(#1296),#1300);
#1296 = LINE('',#1297,#1298);
#1297 = CARTESIAN_POINT('',(1.378825421914E-03,1.087882721192E-02));
#1298 = VECTOR('',#1299,1.);
#1299 = DIRECTION('',(-1.,0.));
#1300 = ( GEOMETRIC_REPRESENTATION_CONTEXT(2) 
PARAMETRIC_REPRESENTATION_CONTEXT() REPRESENTATION_CONTEXT('2D SPACE',''
  ) );
#1301 = PCURVE('',#941,#1302);
#1302 = DEFINITIONAL_REPRESENTATION('',(#1303),#1306);
#1303 = B_SPLINE_CURVE_WITH_KNOTS('',1,(#1304,#1305),.UNSPECIFIED.,.F.,
  .F.,(2,2),(0.,5.000000353903E-03),.PIECEWISE_BEZIER_KNOTS.);
#1304 = CARTESIAN_POINT('',(3.517903230916E-03,-5.482098942791E-03));
#1305 = CARTESIAN_POINT('',(-1.482097122986E-03,-5.482098942791E-03));
#1306 = ( GEOMETRIC_REPRESENTATION_CONTEXT(2) 
PARAMETRIC_REPRESENTATION_CONTEXT() REPRESENTATION_CONTEXT('2D SPACE',''
  ) );
#1307 = ADVANCED_FACE('',(#1308),#1078,.T.);
#1308 = FACE_BOUND('',#1309,.T.);
#1309 = EDGE_LOOP('',(#1310,#1311,#1312));
#1310 = ORIENTED_EDGE('',*,*,#1064,.F.);
#1311 = ORIENTED_EDGE('',*,*,#1242,.F.);
#1312 = ORIENTED_EDGE('',*,*,#1267,.F.);
#1313 = ADVANCED_FACE('',(#1314),#720,.T.);
#1314 = FACE_BOUND('',#1315,.T.);
#1315 = EDGE_LOOP('',(#1316,#1336,#1337));
#1316 = ORIENTED_EDGE('',*,*,#1317,.T.);
#1317 = EDGE_CURVE('',#850,#628,#1318,.T.);
#1318 = SURFACE_CURVE('',#1319,(#1323,#1330),.PCURVE_S1.);
#1319 = LINE('',#1320,#1321);
#1320 = CARTESIAN_POINT('',(-0.211024910212,-0.104548744857,
    2.323431195691E-03));
#1321 = VECTOR('',#1322,1.);
#1322 = DIRECTION('',(0.,0.933345634638,-0.358979005378));
#1323 = PCURVE('',#720,#1324);
#1324 = DEFINITIONAL_REPRESENTATION('',(#1325),#1329);
#1325 = LINE('',#1326,#1327);
#1326 = CARTESIAN_POINT('',(-3.517903230916E-03,5.482098942791E-03));
#1327 = VECTOR('',#1328,1.);
#1328 = DIRECTION('',(0.358979005378,-0.933345634638));
#1329 = ( GEOMETRIC_REPRESENTATION_CONTEXT(2) 
PARAMETRIC_REPRESENTATION_CONTEXT() REPRESENTATION_CONTEXT('2D SPACE',''
  ) );
#1330 = PCURVE('',#941,#1331);
#1331 = DEFINITIONAL_REPRESENTATION('',(#1332),#1335);
#1332 = B_SPLINE_CURVE_WITH_KNOTS('',1,(#1333,#1334),.UNSPECIFIED.,.F.,
  .F.,(2,2),(0.,1.392839213155E-02),.PIECEWISE_BEZIER_KNOTS.);
#1333 = CARTESIAN_POINT('',(-1.482097122986E-03,7.517905050721E-03));
#1334 = CARTESIAN_POINT('',(3.517903230916E-03,-5.482098942791E-03));
#1335 = ( GEOMETRIC_REPRESENTATION_CONTEXT(2) 
PARAMETRIC_REPRESENTATION_CONTEXT() REPRESENTATION_CONTEXT('2D SPACE',''
  ) );
#1336 = ORIENTED_EDGE('',*,*,#706,.F.);
#1337 = ORIENTED_EDGE('',*,*,#1168,.F.);
#1338 = ADVANCED_FACE('',(#1339),#941,.T.);
#1339 = FACE_BOUND('',#1340,.T.);
#1340 = EDGE_LOOP('',(#1341,#1342,#1343));
#1341 = ORIENTED_EDGE('',*,*,#927,.F.);
#1342 = ORIENTED_EDGE('',*,*,#1288,.F.);
#1343 = ORIENTED_EDGE('',*,*,#1317,.F.);
#1344 = ( GEOMETRIC_REPRESENTATION_CONTEXT(3) 
GLOBAL_UNCERTAINTY_ASSIGNED_CONTEXT((#1348)) 
GLOBAL_UNIT_ASSIGNED_CONTEXT((#1345,#1346,#1347)) REPRESENTATION_CONTEXT
('Context #1','3D Context with UNIT and UNCERTAINTY') );
#1345 = ( LENGTH_UNIT() NAMED_UNIT(*) SI_UNIT(.MILLI.,.METRE.) );
#1346 = ( NAMED_UNIT(*) PLANE_ANGLE_UNIT() SI_UNIT($,.RADIAN.) );
#1347 = ( NAMED_UNIT(*) SI_UNIT($,.STERADIAN.) SOLID_ANGLE_UNIT() );
#1348 = UNCERTAINTY_MEASURE_WITH_UNIT(LENGTH_MEASURE(1.E-07),#1345,
  'distance_accuracy_value','confusion accuracy');
#1349 = SHAPE_DEFINITION_REPRESENTATION(#1350,#45);
#1350 = PRODUCT_DEFINITION_SHAPE('','',#1351);
#1351 = PRODUCT_DEFINITION('design','',#1352,#1355);
#1352 = PRODUCT_DEFINITION_FORMATION('','',#1353);
#1353 = PRODUCT(' STEP translator 7.5 1.1',
  ' STEP translator 7.5 1.1','',(#1354));
#1354 = PRODUCT_CONTEXT('',#2,'mechanical');
#1355 = PRODUCT_DEFINITION_CONTEXT('part definition',#2,'design');
#1356 = CONTEXT_DEPENDENT_SHAPE_REPRESENTATION(#1357,#1359);
#1357 = ( REPRESENTATION_RELATIONSHIP('','',#45,#10) 
REPRESENTATION_RELATIONSHIP_WITH_TRANSFORMATION(#1358) 
SHAPE_REPRESENTATION_RELATIONSHIP() );
#1358 = ITEM_DEFINED_TRANSFORMATION('','',#11,#15);
#1359 = PRODUCT_DEFINITION_SHAPE('Placement','Placement of an item',
  #1360);
#1360 = NEXT_ASSEMBLY_USAGE_OCCURRENCE('1','','',#5,#1351,$);
#1361 = PRODUCT_RELATED_PRODUCT_CATEGORY('part',$,(#1353));
#1362 = MANIFOLD_SURFACE_SHAPE_REPRESENTATION('',(#11,#1363),#1855);
#1363 = SHELL_BASED_SURFACE_MODEL('',(#1364));
#1364 = CLOSED_SHELL('',(#1365,#1454,#1510,#1561,#1617,#1673,#1724,#1768
    ,#1793,#1818,#1824,#1849));
#1365 = ADVANCED_FACE('',(#1366),#1380,.T.);
#1366 = FACE_BOUND('',#1367,.T.);
#1367 = EDGE_LOOP('',(#1368,#1402,#1429));
#1368 = ORIENTED_EDGE('',*,*,#1369,.T.);
#1369 = EDGE_CURVE('',#1370,#1372,#1374,.T.);
#1370 = VERTEX_POINT('',#1371);
#1371 = CARTESIAN_POINT('',(-0.256458431482,-0.118625313044,
    -4.268380627036E-02));
#1372 = VERTEX_POINT('',#1373);
#1373 = CARTESIAN_POINT('',(-0.251458436251,0.127374693751,
    -4.268380627036E-02));
#1374 = SURFACE_CURVE('',#1375,(#1379,#1391),.PCURVE_S1.);
#1375 = LINE('',#1376,#1377);
#1376 = CARTESIAN_POINT('',(-0.256458431482,-0.118625313044,
    -4.268380627036E-02));
#1377 = VECTOR('',#1378,1.);
#1378 = DIRECTION('',(2.032098630782E-02,0.999793507438,0.));
#1379 = PCURVE('',#1380,#1385);
#1380 = PLANE('',#1381);
#1381 = AXIS2_PLACEMENT_3D('',#1382,#1383,#1384);
#1382 = CARTESIAN_POINT('',(-0.252721136974,3.137393461719E-03,
    -4.268380627036E-02));
#1383 = DIRECTION('',(-4.155693229726E-30,4.292619996347E-32,-1.));
#1384 = DIRECTION('',(-1.,0.,4.155693229726E-30));
#1385 = DEFINITIONAL_REPRESENTATION('',(#1386),#1390);
#1386 = LINE('',#1387,#1388);
#1387 = CARTESIAN_POINT('',(3.737294507966E-03,-0.121762706505));
#1388 = VECTOR('',#1389,1.);
#1389 = DIRECTION('',(-2.032098630782E-02,0.999793507438));
#1390 = ( GEOMETRIC_REPRESENTATION_CONTEXT(2) 
PARAMETRIC_REPRESENTATION_CONTEXT() REPRESENTATION_CONTEXT('2D SPACE',''
  ) );
#1391 = PCURVE('',#1392,#1397);
#1392 = PLANE('',#1393);
#1393 = AXIS2_PLACEMENT_3D('',#1394,#1395,#1396);
#1394 = CARTESIAN_POINT('',(-0.255195730759,5.611987246022E-03,
    -4.268380627036E-02));
#1395 = DIRECTION('',(4.011505406344E-30,-4.077141702017E-32,-1.));
#1396 = DIRECTION('',(-1.,0.,-4.011505406344E-30));
#1397 = DEFINITIONAL_REPRESENTATION('',(#1398),#1401);
#1398 = B_SPLINE_CURVE_WITH_KNOTS('',1,(#1399,#1400),.UNSPECIFIED.,.F.,
  .F.,(2,2),(0.,0.246050814458),.PIECEWISE_BEZIER_KNOTS.);
#1399 = CARTESIAN_POINT('',(1.262700723663E-03,-0.12423730029));
#1400 = CARTESIAN_POINT('',(-3.737294507966E-03,0.121762706505));
#1401 = ( GEOMETRIC_REPRESENTATION_CONTEXT(2) 
PARAMETRIC_REPRESENTATION_CONTEXT() REPRESENTATION_CONTEXT('2D SPACE',''
  ) );
#1402 = ORIENTED_EDGE('',*,*,#1403,.T.);
#1403 = EDGE_CURVE('',#1372,#1404,#1406,.T.);
#1404 = VERTEX_POINT('',#1405);
#1405 = CARTESIAN_POINT('',(-0.251458436251,-0.118625313044,
    -4.268380627036E-02));
#1406 = SURFACE_CURVE('',#1407,(#1411,#1418),.PCURVE_S1.);
#1407 = LINE('',#1408,#1409);
#1408 = CARTESIAN_POINT('',(-0.251458436251,0.127374693751,
    -4.268380627036E-02));
#1409 = VECTOR('',#1410,1.);
#1410 = DIRECTION('',(0.,-1.,0.));
#1411 = PCURVE('',#1380,#1412);
#1412 = DEFINITIONAL_REPRESENTATION('',(#1413),#1417);
#1413 = LINE('',#1414,#1415);
#1414 = CARTESIAN_POINT('',(-1.262700723663E-03,0.12423730029));
#1415 = VECTOR('',#1416,1.);
#1416 = DIRECTION('',(0.,-1.));
#1417 = ( GEOMETRIC_REPRESENTATION_CONTEXT(2) 
PARAMETRIC_REPRESENTATION_CONTEXT() REPRESENTATION_CONTEXT('2D SPACE',''
  ) );
#1418 = PCURVE('',#1419,#1424);
#1419 = PLANE('',#1420);
#1420 = AXIS2_PLACEMENT_3D('',#1421,#1422,#1423);
#1421 = CARTESIAN_POINT('',(-0.251458436251,1.356698679156E-02,
    -3.187610129244E-02));
#1422 = DIRECTION('',(1.,0.,0.));
#1423 = DIRECTION('',(-0.,0.,1.));
#1424 = DEFINITIONAL_REPRESENTATION('',(#1425),#1428);
#1425 = B_SPLINE_CURVE_WITH_KNOTS('',1,(#1426,#1427),.UNSPECIFIED.,.F.,
  .F.,(2,2),(0.,0.246000006795),.PIECEWISE_BEZIER_KNOTS.);
#1426 = CARTESIAN_POINT('',(-1.080770497792E-02,-0.11380770696));
#1427 = CARTESIAN_POINT('',(-1.080770497792E-02,0.132192299835));
#1428 = ( GEOMETRIC_REPRESENTATION_CONTEXT(2) 
PARAMETRIC_REPRESENTATION_CONTEXT() REPRESENTATION_CONTEXT('2D SPACE',''
  ) );
#1429 = ORIENTED_EDGE('',*,*,#1430,.T.);
#1430 = EDGE_CURVE('',#1404,#1370,#1431,.T.);
#1431 = SURFACE_CURVE('',#1432,(#1436,#1443),.PCURVE_S1.);
#1432 = LINE('',#1433,#1434);
#1433 = CARTESIAN_POINT('',(-0.251458436251,-0.118625313044,
    -4.268380627036E-02));
#1434 = VECTOR('',#1435,1.);
#1435 = DIRECTION('',(-1.,0.,0.));
#1436 = PCURVE('',#1380,#1437);
#1437 = DEFINITIONAL_REPRESENTATION('',(#1438),#1442);
#1438 = LINE('',#1439,#1440);
#1439 = CARTESIAN_POINT('',(-1.262700723663E-03,-0.121762706505));
#1440 = VECTOR('',#1441,1.);
#1441 = DIRECTION('',(1.,-1.783881185661E-61));
#1442 = ( GEOMETRIC_REPRESENTATION_CONTEXT(2) 
PARAMETRIC_REPRESENTATION_CONTEXT() REPRESENTATION_CONTEXT('2D SPACE',''
  ) );
#1443 = PCURVE('',#1444,#1449);
#1444 = PLANE('',#1445);
#1445 = AXIS2_PLACEMENT_3D('',#1446,#1447,#1448);
#1446 = CARTESIAN_POINT('',(-0.255130610642,-0.118625313044,
    -2.385598163061E-02));
#1447 = DIRECTION('',(3.838554466911E-28,-1.,2.458729576159E-29));
#1448 = DIRECTION('',(-1.,-3.838554466911E-28,0.));
#1449 = DEFINITIONAL_REPRESENTATION('',(#1450),#1453);
#1450 = B_SPLINE_CURVE_WITH_KNOTS('',1,(#1451,#1452),.UNSPECIFIED.,.F.,
  .F.,(2,2),(0.,4.999995231628E-03),.PIECEWISE_BEZIER_KNOTS.);
#1451 = CARTESIAN_POINT('',(-3.672174391675E-03,1.882782463975E-02));
#1452 = CARTESIAN_POINT('',(1.327820839954E-03,1.882782463975E-02));
#1453 = ( GEOMETRIC_REPRESENTATION_CONTEXT(2) 
PARAMETRIC_REPRESENTATION_CONTEXT() REPRESENTATION_CONTEXT('2D SPACE',''
  ) );
#1454 = ADVANCED_FACE('',(#1455),#1392,.T.);
#1455 = FACE_BOUND('',#1456,.T.);
#1456 = EDGE_LOOP('',(#1457,#1484,#1509));
#1457 = ORIENTED_EDGE('',*,*,#1458,.T.);
#1458 = EDGE_CURVE('',#1370,#1459,#1461,.T.);
#1459 = VERTEX_POINT('',#1460);
#1460 = CARTESIAN_POINT('',(-0.256458431482,0.127374693751,
    -4.268380627036E-02));
#1461 = SURFACE_CURVE('',#1462,(#1466,#1473),.PCURVE_S1.);
#1462 = LINE('',#1463,#1464);
#1463 = CARTESIAN_POINT('',(-0.256458431482,-0.118625313044,
    -4.268380627036E-02));
#1464 = VECTOR('',#1465,1.);
#1465 = DIRECTION('',(0.,1.,0.));
#1466 = PCURVE('',#1392,#1467);
#1467 = DEFINITIONAL_REPRESENTATION('',(#1468),#1472);
#1468 = LINE('',#1469,#1470);
#1469 = CARTESIAN_POINT('',(1.262700723663E-03,-0.12423730029));
#1470 = VECTOR('',#1471,1.);
#1471 = DIRECTION('',(0.,1.));
#1472 = ( GEOMETRIC_REPRESENTATION_CONTEXT(2) 
PARAMETRIC_REPRESENTATION_CONTEXT() REPRESENTATION_CONTEXT('2D SPACE',''
  ) );
#1473 = PCURVE('',#1474,#1479);
#1474 = PLANE('',#1475);
#1475 = AXIS2_PLACEMENT_3D('',#1476,#1477,#1478);
#1476 = CARTESIAN_POINT('',(-0.256458431482,-4.817606083821E-03,
    -3.187610129244E-02));
#1477 = DIRECTION('',(-1.,-0.,-0.));
#1478 = DIRECTION('',(0.,0.,-1.));
#1479 = DEFINITIONAL_REPRESENTATION('',(#1480),#1483);
#1480 = B_SPLINE_CURVE_WITH_KNOTS('',1,(#1481,#1482),.UNSPECIFIED.,.F.,
  .F.,(2,2),(0.,0.246000006795),.PIECEWISE_BEZIER_KNOTS.);
#1481 = CARTESIAN_POINT('',(1.080770497792E-02,0.11380770696));
#1482 = CARTESIAN_POINT('',(1.080770497792E-02,-0.132192299835));
#1483 = ( GEOMETRIC_REPRESENTATION_CONTEXT(2) 
PARAMETRIC_REPRESENTATION_CONTEXT() REPRESENTATION_CONTEXT('2D SPACE',''
  ) );
#1484 = ORIENTED_EDGE('',*,*,#1485,.T.);
#1485 = EDGE_CURVE('',#1459,#1372,#1486,.T.);
#1486 = SURFACE_CURVE('',#1487,(#1491,#1498),.PCURVE_S1.);
#1487 = LINE('',#1488,#1489);
#1488 = CARTESIAN_POINT('',(-0.256458431482,0.127374693751,
    -4.268380627036E-02));
#1489 = VECTOR('',#1490,1.);
#1490 = DIRECTION('',(1.,0.,0.));
#1491 = PCURVE('',#1392,#1492);
#1492 = DEFINITIONAL_REPRESENTATION('',(#1493),#1497);
#1493 = LINE('',#1494,#1495);
#1494 = CARTESIAN_POINT('',(1.262700723663E-03,0.121762706505));
#1495 = VECTOR('',#1496,1.);
#1496 = DIRECTION('',(-1.,1.635547598007E-61));
#1497 = ( GEOMETRIC_REPRESENTATION_CONTEXT(2) 
PARAMETRIC_REPRESENTATION_CONTEXT() REPRESENTATION_CONTEXT('2D SPACE',''
  ) );
#1498 = PCURVE('',#1499,#1504);
#1499 = PLANE('',#1500);
#1500 = AXIS2_PLACEMENT_3D('',#1501,#1502,#1503);
#1501 = CARTESIAN_POINT('',(-0.252786257091,0.127374693751,
    -2.385598163061E-02));
#1502 = DIRECTION('',(0.,1.,0.));
#1503 = DIRECTION('',(0.,-0.,1.));
#1504 = DEFINITIONAL_REPRESENTATION('',(#1505),#1508);
#1505 = B_SPLINE_CURVE_WITH_KNOTS('',1,(#1506,#1507),.UNSPECIFIED.,.F.,
  .F.,(2,2),(0.,4.999995231628E-03),.PIECEWISE_BEZIER_KNOTS.);
#1506 = CARTESIAN_POINT('',(-1.882782463975E-02,-3.672174391675E-03));
#1507 = CARTESIAN_POINT('',(-1.882782463975E-02,1.327820839954E-03));
#1508 = ( GEOMETRIC_REPRESENTATION_CONTEXT(2) 
PARAMETRIC_REPRESENTATION_CONTEXT() REPRESENTATION_CONTEXT('2D SPACE',''
  ) );
#1509 = ORIENTED_EDGE('',*,*,#1369,.F.);
#1510 = ADVANCED_FACE('',(#1511),#1499,.T.);
#1511 = FACE_BOUND('',#1512,.T.);
#1512 = EDGE_LOOP('',(#1513,#1540,#1560));
#1513 = ORIENTED_EDGE('',*,*,#1514,.T.);
#1514 = EDGE_CURVE('',#1459,#1515,#1517,.T.);
#1515 = VERTEX_POINT('',#1516);
#1516 = CARTESIAN_POINT('',(-0.251458436251,0.127374693751,
    -2.68380343914E-03));
#1517 = SURFACE_CURVE('',#1518,(#1522,#1529),.PCURVE_S1.);
#1518 = LINE('',#1519,#1520);
#1519 = CARTESIAN_POINT('',(-0.256458431482,0.127374693751,
    -4.268380627036E-02));
#1520 = VECTOR('',#1521,1.);
#1521 = DIRECTION('',(0.124034609476,0.,0.992277892353));
#1522 = PCURVE('',#1499,#1523);
#1523 = DEFINITIONAL_REPRESENTATION('',(#1524),#1528);
#1524 = LINE('',#1525,#1526);
#1525 = CARTESIAN_POINT('',(-1.882782463975E-02,-3.672174391675E-03));
#1526 = VECTOR('',#1527,1.);
#1527 = DIRECTION('',(0.992277892353,0.124034609476));
#1528 = ( GEOMETRIC_REPRESENTATION_CONTEXT(2) 
PARAMETRIC_REPRESENTATION_CONTEXT() REPRESENTATION_CONTEXT('2D SPACE',''
  ) );
#1529 = PCURVE('',#1530,#1535);
#1530 = PLANE('',#1531);
#1531 = AXIS2_PLACEMENT_3D('',#1532,#1533,#1534);
#1532 = CARTESIAN_POINT('',(-0.255130610642,0.127374693751,
    -2.151162807889E-02));
#1533 = DIRECTION('',(3.786796604082E-28,1.,-2.35778116492E-29));
#1534 = DIRECTION('',(1.,-3.786796604082E-28,0.));
#1535 = DEFINITIONAL_REPRESENTATION('',(#1536),#1539);
#1536 = B_SPLINE_CURVE_WITH_KNOTS('',1,(#1537,#1538),.UNSPECIFIED.,.F.,
  .F.,(2,2),(0.,4.031129095941E-02),.PIECEWISE_BEZIER_KNOTS.);
#1537 = CARTESIAN_POINT('',(-1.327820839954E-03,2.117217819147E-02));
#1538 = CARTESIAN_POINT('',(3.672174391675E-03,-1.882782463975E-02));
#1539 = ( GEOMETRIC_REPRESENTATION_CONTEXT(2) 
PARAMETRIC_REPRESENTATION_CONTEXT() REPRESENTATION_CONTEXT('2D SPACE',''
  ) );
#1540 = ORIENTED_EDGE('',*,*,#1541,.T.);
#1541 = EDGE_CURVE('',#1515,#1372,#1542,.T.);
#1542 = SURFACE_CURVE('',#1543,(#1547,#1554),.PCURVE_S1.);
#1543 = LINE('',#1544,#1545);
#1544 = CARTESIAN_POINT('',(-0.251458436251,0.127374693751,
    -2.68380343914E-03));
#1545 = VECTOR('',#1546,1.);
#1546 = DIRECTION('',(0.,0.,-1.));
#1547 = PCURVE('',#1499,#1548);
#1548 = DEFINITIONAL_REPRESENTATION('',(#1549),#1553);
#1549 = LINE('',#1550,#1551);
#1550 = CARTESIAN_POINT('',(2.117217819147E-02,1.327820839954E-03));
#1551 = VECTOR('',#1552,1.);
#1552 = DIRECTION('',(-1.,0.));
#1553 = ( GEOMETRIC_REPRESENTATION_CONTEXT(2) 
PARAMETRIC_REPRESENTATION_CONTEXT() REPRESENTATION_CONTEXT('2D SPACE',''
  ) );
#1554 = PCURVE('',#1419,#1555);
#1555 = DEFINITIONAL_REPRESENTATION('',(#1556),#1559);
#1556 = B_SPLINE_CURVE_WITH_KNOTS('',1,(#1557,#1558),.UNSPECIFIED.,.F.,
  .F.,(2,2),(0.,4.000000283122E-02),.PIECEWISE_BEZIER_KNOTS.);
#1557 = CARTESIAN_POINT('',(2.91922978533E-02,-0.11380770696));
#1558 = CARTESIAN_POINT('',(-1.080770497792E-02,-0.11380770696));
#1559 = ( GEOMETRIC_REPRESENTATION_CONTEXT(2) 
PARAMETRIC_REPRESENTATION_CONTEXT() REPRESENTATION_CONTEXT('2D SPACE',''
  ) );
#1560 = ORIENTED_EDGE('',*,*,#1485,.F.);
#1561 = ADVANCED_FACE('',(#1562),#1530,.T.);
#1562 = FACE_BOUND('',#1563,.T.);
#1563 = EDGE_LOOP('',(#1564,#1591,#1616));
#1564 = ORIENTED_EDGE('',*,*,#1565,.T.);
#1565 = EDGE_CURVE('',#1459,#1566,#1568,.T.);
#1566 = VERTEX_POINT('',#1567);
#1567 = CARTESIAN_POINT('',(-0.256458431482,0.127374693751,
    -2.68380343914E-03));
#1568 = SURFACE_CURVE('',#1569,(#1573,#1580),.PCURVE_S1.);
#1569 = LINE('',#1570,#1571);
#1570 = CARTESIAN_POINT('',(-0.256458431482,0.127374693751,
    -4.268380627036E-02));
#1571 = VECTOR('',#1572,1.);
#1572 = DIRECTION('',(0.,0.,1.));
#1573 = PCURVE('',#1530,#1574);
#1574 = DEFINITIONAL_REPRESENTATION('',(#1575),#1579);
#1575 = LINE('',#1576,#1577);
#1576 = CARTESIAN_POINT('',(-1.327820839954E-03,2.117217819147E-02));
#1577 = VECTOR('',#1578,1.);
#1578 = DIRECTION('',(0.,-1.));
#1579 = ( GEOMETRIC_REPRESENTATION_CONTEXT(2) 
PARAMETRIC_REPRESENTATION_CONTEXT() REPRESENTATION_CONTEXT('2D SPACE',''
  ) );
#1580 = PCURVE('',#1581,#1586);
#1581 = PLANE('',#1582);
#1582 = AXIS2_PLACEMENT_3D('',#1583,#1584,#1585);
#1583 = CARTESIAN_POINT('',(-0.256458431482,1.356698679156E-02,
    -1.349150841706E-02));
#1584 = DIRECTION('',(-1.,-0.,-0.));
#1585 = DIRECTION('',(0.,0.,-1.));
#1586 = DEFINITIONAL_REPRESENTATION('',(#1587),#1590);
#1587 = B_SPLINE_CURVE_WITH_KNOTS('',1,(#1588,#1589),.UNSPECIFIED.,.F.,
  .F.,(2,2),(0.,4.000000283122E-02),.PIECEWISE_BEZIER_KNOTS.);
#1588 = CARTESIAN_POINT('',(2.91922978533E-02,-0.11380770696));
#1589 = CARTESIAN_POINT('',(-1.080770497792E-02,-0.11380770696));
#1590 = ( GEOMETRIC_REPRESENTATION_CONTEXT(2) 
PARAMETRIC_REPRESENTATION_CONTEXT() REPRESENTATION_CONTEXT('2D SPACE',''
  ) );
#1591 = ORIENTED_EDGE('',*,*,#1592,.T.);
#1592 = EDGE_CURVE('',#1566,#1515,#1593,.T.);
#1593 = SURFACE_CURVE('',#1594,(#1598,#1605),.PCURVE_S1.);
#1594 = LINE('',#1595,#1596);
#1595 = CARTESIAN_POINT('',(-0.256458431482,0.127374693751,
    -2.68380343914E-03));
#1596 = VECTOR('',#1597,1.);
#1597 = DIRECTION('',(1.,0.,0.));
#1598 = PCURVE('',#1530,#1599);
#1599 = DEFINITIONAL_REPRESENTATION('',(#1600),#1604);
#1600 = LINE('',#1601,#1602);
#1601 = CARTESIAN_POINT('',(-1.327820839954E-03,-1.882782463975E-02));
#1602 = VECTOR('',#1603,1.);
#1603 = DIRECTION('',(1.,-8.928437708486E-57));
#1604 = ( GEOMETRIC_REPRESENTATION_CONTEXT(2) 
PARAMETRIC_REPRESENTATION_CONTEXT() REPRESENTATION_CONTEXT('2D SPACE',''
  ) );
#1605 = PCURVE('',#1606,#1611);
#1606 = PLANE('',#1607);
#1607 = AXIS2_PLACEMENT_3D('',#1608,#1609,#1610);
#1608 = CARTESIAN_POINT('',(-0.252721136974,5.611987246022E-03,
    -2.68380343914E-03));
#1609 = DIRECTION('',(-2.597308268579E-31,-2.682887497717E-33,1.));
#1610 = DIRECTION('',(1.,0.,2.597308268579E-31));
#1611 = DEFINITIONAL_REPRESENTATION('',(#1612),#1615);
#1612 = B_SPLINE_CURVE_WITH_KNOTS('',1,(#1613,#1614),.UNSPECIFIED.,.F.,
  .F.,(2,2),(0.,4.999995231628E-03),.PIECEWISE_BEZIER_KNOTS.);
#1613 = CARTESIAN_POINT('',(-3.737294507966E-03,0.121762706505));
#1614 = CARTESIAN_POINT('',(1.262700723663E-03,0.121762706505));
#1615 = ( GEOMETRIC_REPRESENTATION_CONTEXT(2) 
PARAMETRIC_REPRESENTATION_CONTEXT() REPRESENTATION_CONTEXT('2D SPACE',''
  ) );
#1616 = ORIENTED_EDGE('',*,*,#1514,.F.);
#1617 = ADVANCED_FACE('',(#1618),#1606,.T.);
#1618 = FACE_BOUND('',#1619,.T.);
#1619 = EDGE_LOOP('',(#1620,#1647,#1672));
#1620 = ORIENTED_EDGE('',*,*,#1621,.T.);
#1621 = EDGE_CURVE('',#1566,#1622,#1624,.T.);
#1622 = VERTEX_POINT('',#1623);
#1623 = CARTESIAN_POINT('',(-0.251458436251,-0.118625313044,
    -2.68380343914E-03));
#1624 = SURFACE_CURVE('',#1625,(#1629,#1636),.PCURVE_S1.);
#1625 = LINE('',#1626,#1627);
#1626 = CARTESIAN_POINT('',(-0.256458431482,0.127374693751,
    -2.68380343914E-03));
#1627 = VECTOR('',#1628,1.);
#1628 = DIRECTION('',(2.032098630782E-02,-0.999793507438,0.));
#1629 = PCURVE('',#1606,#1630);
#1630 = DEFINITIONAL_REPRESENTATION('',(#1631),#1635);
#1631 = LINE('',#1632,#1633);
#1632 = CARTESIAN_POINT('',(-3.737294507966E-03,0.121762706505));
#1633 = VECTOR('',#1634,1.);
#1634 = DIRECTION('',(2.032098630782E-02,-0.999793507438));
#1635 = ( GEOMETRIC_REPRESENTATION_CONTEXT(2) 
PARAMETRIC_REPRESENTATION_CONTEXT() REPRESENTATION_CONTEXT('2D SPACE',''
  ) );
#1636 = PCURVE('',#1637,#1642);
#1637 = PLANE('',#1638);
#1638 = AXIS2_PLACEMENT_3D('',#1639,#1640,#1641);
#1639 = CARTESIAN_POINT('',(-0.255195730759,3.137393461719E-03,
    -2.68380343914E-03));
#1640 = DIRECTION('',(2.507190878965E-31,2.54821356376E-33,1.));
#1641 = DIRECTION('',(1.,0.,-2.507190878965E-31));
#1642 = DEFINITIONAL_REPRESENTATION('',(#1643),#1646);
#1643 = B_SPLINE_CURVE_WITH_KNOTS('',1,(#1644,#1645),.UNSPECIFIED.,.F.,
  .F.,(2,2),(0.,0.246050814458),.PIECEWISE_BEZIER_KNOTS.);
#1644 = CARTESIAN_POINT('',(-1.262700723663E-03,0.12423730029));
#1645 = CARTESIAN_POINT('',(3.737294507966E-03,-0.121762706505));
#1646 = ( GEOMETRIC_REPRESENTATION_CONTEXT(2) 
PARAMETRIC_REPRESENTATION_CONTEXT() REPRESENTATION_CONTEXT('2D SPACE',''
  ) );
#1647 = ORIENTED_EDGE('',*,*,#1648,.T.);
#1648 = EDGE_CURVE('',#1622,#1515,#1649,.T.);
#1649 = SURFACE_CURVE('',#1650,(#1654,#1661),.PCURVE_S1.);
#1650 = LINE('',#1651,#1652);
#1651 = CARTESIAN_POINT('',(-0.251458436251,-0.118625313044,
    -2.68380343914E-03));
#1652 = VECTOR('',#1653,1.);
#1653 = DIRECTION('',(0.,1.,0.));
#1654 = PCURVE('',#1606,#1655);
#1655 = DEFINITIONAL_REPRESENTATION('',(#1656),#1660);
#1656 = LINE('',#1657,#1658);
#1657 = CARTESIAN_POINT('',(1.262700723663E-03,-0.12423730029));
#1658 = VECTOR('',#1659,1.);
#1659 = DIRECTION('',(0.,1.));
#1660 = ( GEOMETRIC_REPRESENTATION_CONTEXT(2) 
PARAMETRIC_REPRESENTATION_CONTEXT() REPRESENTATION_CONTEXT('2D SPACE',''
  ) );
#1661 = PCURVE('',#1662,#1667);
#1662 = PLANE('',#1663);
#1663 = AXIS2_PLACEMENT_3D('',#1664,#1665,#1666);
#1664 = CARTESIAN_POINT('',(-0.251458436251,-4.817606083821E-03,
    -1.349150841706E-02));
#1665 = DIRECTION('',(1.,0.,0.));
#1666 = DIRECTION('',(-0.,0.,1.));
#1667 = DEFINITIONAL_REPRESENTATION('',(#1668),#1671);
#1668 = B_SPLINE_CURVE_WITH_KNOTS('',1,(#1669,#1670),.UNSPECIFIED.,.F.,
  .F.,(2,2),(0.,0.246000006795),.PIECEWISE_BEZIER_KNOTS.);
#1669 = CARTESIAN_POINT('',(1.080770497792E-02,0.11380770696));
#1670 = CARTESIAN_POINT('',(1.080770497792E-02,-0.132192299835));
#1671 = ( GEOMETRIC_REPRESENTATION_CONTEXT(2) 
PARAMETRIC_REPRESENTATION_CONTEXT() REPRESENTATION_CONTEXT('2D SPACE',''
  ) );
#1672 = ORIENTED_EDGE('',*,*,#1592,.F.);
#1673 = ADVANCED_FACE('',(#1674),#1637,.T.);
#1674 = FACE_BOUND('',#1675,.T.);
#1675 = EDGE_LOOP('',(#1676,#1698,#1723));
#1676 = ORIENTED_EDGE('',*,*,#1677,.T.);
#1677 = EDGE_CURVE('',#1566,#1678,#1680,.T.);
#1678 = VERTEX_POINT('',#1679);
#1679 = CARTESIAN_POINT('',(-0.256458431482,-0.118625313044,
    -2.68380343914E-03));
#1680 = SURFACE_CURVE('',#1681,(#1685,#1692),.PCURVE_S1.);
#1681 = LINE('',#1682,#1683);
#1682 = CARTESIAN_POINT('',(-0.256458431482,0.127374693751,
    -2.68380343914E-03));
#1683 = VECTOR('',#1684,1.);
#1684 = DIRECTION('',(0.,-1.,0.));
#1685 = PCURVE('',#1637,#1686);
#1686 = DEFINITIONAL_REPRESENTATION('',(#1687),#1691);
#1687 = LINE('',#1688,#1689);
#1688 = CARTESIAN_POINT('',(-1.262700723663E-03,0.12423730029));
#1689 = VECTOR('',#1690,1.);
#1690 = DIRECTION('',(0.,-1.));
#1691 = ( GEOMETRIC_REPRESENTATION_CONTEXT(2) 
PARAMETRIC_REPRESENTATION_CONTEXT() REPRESENTATION_CONTEXT('2D SPACE',''
  ) );
#1692 = PCURVE('',#1581,#1693);
#1693 = DEFINITIONAL_REPRESENTATION('',(#1694),#1697);
#1694 = B_SPLINE_CURVE_WITH_KNOTS('',1,(#1695,#1696),.UNSPECIFIED.,.F.,
  .F.,(2,2),(0.,0.246000006795),.PIECEWISE_BEZIER_KNOTS.);
#1695 = CARTESIAN_POINT('',(-1.080770497792E-02,-0.11380770696));
#1696 = CARTESIAN_POINT('',(-1.080770497792E-02,0.132192299835));
#1697 = ( GEOMETRIC_REPRESENTATION_CONTEXT(2) 
PARAMETRIC_REPRESENTATION_CONTEXT() REPRESENTATION_CONTEXT('2D SPACE',''
  ) );
#1698 = ORIENTED_EDGE('',*,*,#1699,.T.);
#1699 = EDGE_CURVE('',#1678,#1622,#1700,.T.);
#1700 = SURFACE_CURVE('',#1701,(#1705,#1712),.PCURVE_S1.);
#1701 = LINE('',#1702,#1703);
#1702 = CARTESIAN_POINT('',(-0.256458431482,-0.118625313044,
    -2.68380343914E-03));
#1703 = VECTOR('',#1704,1.);
#1704 = DIRECTION('',(1.,0.,0.));
#1705 = PCURVE('',#1637,#1706);
#1706 = DEFINITIONAL_REPRESENTATION('',(#1707),#1711);
#1707 = LINE('',#1708,#1709);
#1708 = CARTESIAN_POINT('',(-1.262700723663E-03,-0.121762706505));
#1709 = VECTOR('',#1710,1.);
#1710 = DIRECTION('',(1.,-6.388857804714E-64));
#1711 = ( GEOMETRIC_REPRESENTATION_CONTEXT(2) 
PARAMETRIC_REPRESENTATION_CONTEXT() REPRESENTATION_CONTEXT('2D SPACE',''
  ) );
#1712 = PCURVE('',#1713,#1718);
#1713 = PLANE('',#1714);
#1714 = AXIS2_PLACEMENT_3D('',#1715,#1716,#1717);
#1715 = CARTESIAN_POINT('',(-0.252786257091,-0.118625313044,
    -2.151162807889E-02));
#1716 = DIRECTION('',(-0.,-1.,-0.));
#1717 = DIRECTION('',(0.,0.,-1.));
#1718 = DEFINITIONAL_REPRESENTATION('',(#1719),#1722);
#1719 = B_SPLINE_CURVE_WITH_KNOTS('',1,(#1720,#1721),.UNSPECIFIED.,.F.,
  .F.,(2,2),(0.,4.999995231628E-03),.PIECEWISE_BEZIER_KNOTS.);
#1720 = CARTESIAN_POINT('',(-1.882782463975E-02,-3.672174391675E-03));
#1721 = CARTESIAN_POINT('',(-1.882782463975E-02,1.327820839954E-03));
#1722 = ( GEOMETRIC_REPRESENTATION_CONTEXT(2) 
PARAMETRIC_REPRESENTATION_CONTEXT() REPRESENTATION_CONTEXT('2D SPACE',''
  ) );
#1723 = ORIENTED_EDGE('',*,*,#1621,.F.);
#1724 = ADVANCED_FACE('',(#1725),#1713,.T.);
#1725 = FACE_BOUND('',#1726,.T.);
#1726 = EDGE_LOOP('',(#1727,#1747,#1767));
#1727 = ORIENTED_EDGE('',*,*,#1728,.T.);
#1728 = EDGE_CURVE('',#1678,#1404,#1729,.T.);
#1729 = SURFACE_CURVE('',#1730,(#1734,#1741),.PCURVE_S1.);
#1730 = LINE('',#1731,#1732);
#1731 = CARTESIAN_POINT('',(-0.256458431482,-0.118625313044,
    -2.68380343914E-03));
#1732 = VECTOR('',#1733,1.);
#1733 = DIRECTION('',(0.124034609476,0.,-0.992277892353));
#1734 = PCURVE('',#1713,#1735);
#1735 = DEFINITIONAL_REPRESENTATION('',(#1736),#1740);
#1736 = LINE('',#1737,#1738);
#1737 = CARTESIAN_POINT('',(-1.882782463975E-02,-3.672174391675E-03));
#1738 = VECTOR('',#1739,1.);
#1739 = DIRECTION('',(0.992277892353,0.124034609476));
#1740 = ( GEOMETRIC_REPRESENTATION_CONTEXT(2) 
PARAMETRIC_REPRESENTATION_CONTEXT() REPRESENTATION_CONTEXT('2D SPACE',''
  ) );
#1741 = PCURVE('',#1444,#1742);
#1742 = DEFINITIONAL_REPRESENTATION('',(#1743),#1746);
#1743 = B_SPLINE_CURVE_WITH_KNOTS('',1,(#1744,#1745),.UNSPECIFIED.,.F.,
  .F.,(2,2),(0.,4.031129095941E-02),.PIECEWISE_BEZIER_KNOTS.);
#1744 = CARTESIAN_POINT('',(1.327820839954E-03,-2.117217819147E-02));
#1745 = CARTESIAN_POINT('',(-3.672174391675E-03,1.882782463975E-02));
#1746 = ( GEOMETRIC_REPRESENTATION_CONTEXT(2) 
PARAMETRIC_REPRESENTATION_CONTEXT() REPRESENTATION_CONTEXT('2D SPACE',''
  ) );
#1747 = ORIENTED_EDGE('',*,*,#1748,.T.);
#1748 = EDGE_CURVE('',#1404,#1622,#1749,.T.);
#1749 = SURFACE_CURVE('',#1750,(#1754,#1761),.PCURVE_S1.);
#1750 = LINE('',#1751,#1752);
#1751 = CARTESIAN_POINT('',(-0.251458436251,-0.118625313044,
    -4.268380627036E-02));
#1752 = VECTOR('',#1753,1.);
#1753 = DIRECTION('',(0.,0.,1.));
#1754 = PCURVE('',#1713,#1755);
#1755 = DEFINITIONAL_REPRESENTATION('',(#1756),#1760);
#1756 = LINE('',#1757,#1758);
#1757 = CARTESIAN_POINT('',(2.117217819147E-02,1.327820839954E-03));
#1758 = VECTOR('',#1759,1.);
#1759 = DIRECTION('',(-1.,0.));
#1760 = ( GEOMETRIC_REPRESENTATION_CONTEXT(2) 
PARAMETRIC_REPRESENTATION_CONTEXT() REPRESENTATION_CONTEXT('2D SPACE',''
  ) );
#1761 = PCURVE('',#1662,#1762);
#1762 = DEFINITIONAL_REPRESENTATION('',(#1763),#1766);
#1763 = B_SPLINE_CURVE_WITH_KNOTS('',1,(#1764,#1765),.UNSPECIFIED.,.F.,
  .F.,(2,2),(0.,4.000000283122E-02),.PIECEWISE_BEZIER_KNOTS.);
#1764 = CARTESIAN_POINT('',(-2.91922978533E-02,0.11380770696));
#1765 = CARTESIAN_POINT('',(1.080770497792E-02,0.11380770696));
#1766 = ( GEOMETRIC_REPRESENTATION_CONTEXT(2) 
PARAMETRIC_REPRESENTATION_CONTEXT() REPRESENTATION_CONTEXT('2D SPACE',''
  ) );
#1767 = ORIENTED_EDGE('',*,*,#1699,.F.);
#1768 = ADVANCED_FACE('',(#1769),#1444,.T.);
#1769 = FACE_BOUND('',#1770,.T.);
#1770 = EDGE_LOOP('',(#1771,#1791,#1792));
#1771 = ORIENTED_EDGE('',*,*,#1772,.T.);
#1772 = EDGE_CURVE('',#1678,#1370,#1773,.T.);
#1773 = SURFACE_CURVE('',#1774,(#1778,#1785),.PCURVE_S1.);
#1774 = LINE('',#1775,#1776);
#1775 = CARTESIAN_POINT('',(-0.256458431482,-0.118625313044,
    -2.68380343914E-03));
#1776 = VECTOR('',#1777,1.);
#1777 = DIRECTION('',(0.,0.,-1.));
#1778 = PCURVE('',#1444,#1779);
#1779 = DEFINITIONAL_REPRESENTATION('',(#1780),#1784);
#1780 = LINE('',#1781,#1782);
#1781 = CARTESIAN_POINT('',(1.327820839954E-03,-2.117217819147E-02));
#1782 = VECTOR('',#1783,1.);
#1783 = DIRECTION('',(0.,1.));
#1784 = ( GEOMETRIC_REPRESENTATION_CONTEXT(2) 
PARAMETRIC_REPRESENTATION_CONTEXT() REPRESENTATION_CONTEXT('2D SPACE',''
  ) );
#1785 = PCURVE('',#1474,#1786);
#1786 = DEFINITIONAL_REPRESENTATION('',(#1787),#1790);
#1787 = B_SPLINE_CURVE_WITH_KNOTS('',1,(#1788,#1789),.UNSPECIFIED.,.F.,
  .F.,(2,2),(0.,4.000000283122E-02),.PIECEWISE_BEZIER_KNOTS.);
#1788 = CARTESIAN_POINT('',(-2.91922978533E-02,0.11380770696));
#1789 = CARTESIAN_POINT('',(1.080770497792E-02,0.11380770696));
#1790 = ( GEOMETRIC_REPRESENTATION_CONTEXT(2) 
PARAMETRIC_REPRESENTATION_CONTEXT() REPRESENTATION_CONTEXT('2D SPACE',''
  ) );
#1791 = ORIENTED_EDGE('',*,*,#1430,.F.);
#1792 = ORIENTED_EDGE('',*,*,#1728,.F.);
#1793 = ADVANCED_FACE('',(#1794),#1581,.T.);
#1794 = FACE_BOUND('',#1795,.T.);
#1795 = EDGE_LOOP('',(#1796,#1816,#1817));
#1796 = ORIENTED_EDGE('',*,*,#1797,.T.);
#1797 = EDGE_CURVE('',#1459,#1678,#1798,.T.);
#1798 = SURFACE_CURVE('',#1799,(#1803,#1810),.PCURVE_S1.);
#1799 = LINE('',#1800,#1801);
#1800 = CARTESIAN_POINT('',(-0.256458431482,0.127374693751,
    -4.268380627036E-02));
#1801 = VECTOR('',#1802,1.);
#1802 = DIRECTION('',(0.,-0.98703684789,0.160493803332));
#1803 = PCURVE('',#1581,#1804);
#1804 = DEFINITIONAL_REPRESENTATION('',(#1805),#1809);
#1805 = LINE('',#1806,#1807);
#1806 = CARTESIAN_POINT('',(2.91922978533E-02,-0.11380770696));
#1807 = VECTOR('',#1808,1.);
#1808 = DIRECTION('',(-0.160493803332,0.98703684789));
#1809 = ( GEOMETRIC_REPRESENTATION_CONTEXT(2) 
PARAMETRIC_REPRESENTATION_CONTEXT() REPRESENTATION_CONTEXT('2D SPACE',''
  ) );
#1810 = PCURVE('',#1474,#1811);
#1811 = DEFINITIONAL_REPRESENTATION('',(#1812),#1815);
#1812 = B_SPLINE_CURVE_WITH_KNOTS('',1,(#1813,#1814),.UNSPECIFIED.,.F.,
  .F.,(2,2),(0.,0.249230823875),.PIECEWISE_BEZIER_KNOTS.);
#1813 = CARTESIAN_POINT('',(1.080770497792E-02,-0.132192299835));
#1814 = CARTESIAN_POINT('',(-2.91922978533E-02,0.11380770696));
#1815 = ( GEOMETRIC_REPRESENTATION_CONTEXT(2) 
PARAMETRIC_REPRESENTATION_CONTEXT() REPRESENTATION_CONTEXT('2D SPACE',''
  ) );
#1816 = ORIENTED_EDGE('',*,*,#1677,.F.);
#1817 = ORIENTED_EDGE('',*,*,#1565,.F.);
#1818 = ADVANCED_FACE('',(#1819),#1474,.T.);
#1819 = FACE_BOUND('',#1820,.T.);
#1820 = EDGE_LOOP('',(#1821,#1822,#1823));
#1821 = ORIENTED_EDGE('',*,*,#1458,.F.);
#1822 = ORIENTED_EDGE('',*,*,#1772,.F.);
#1823 = ORIENTED_EDGE('',*,*,#1797,.F.);
#1824 = ADVANCED_FACE('',(#1825),#1419,.T.);
#1825 = FACE_BOUND('',#1826,.T.);
#1826 = EDGE_LOOP('',(#1827,#1847,#1848));
#1827 = ORIENTED_EDGE('',*,*,#1828,.T.);
#1828 = EDGE_CURVE('',#1515,#1404,#1829,.T.);
#1829 = SURFACE_CURVE('',#1830,(#1834,#1841),.PCURVE_S1.);
#1830 = LINE('',#1831,#1832);
#1831 = CARTESIAN_POINT('',(-0.251458436251,0.127374693751,
    -2.68380343914E-03));
#1832 = VECTOR('',#1833,1.);
#1833 = DIRECTION('',(0.,-0.98703684789,-0.160493803332));
#1834 = PCURVE('',#1419,#1835);
#1835 = DEFINITIONAL_REPRESENTATION('',(#1836),#1840);
#1836 = LINE('',#1837,#1838);
#1837 = CARTESIAN_POINT('',(2.91922978533E-02,-0.11380770696));
#1838 = VECTOR('',#1839,1.);
#1839 = DIRECTION('',(-0.160493803332,0.98703684789));
#1840 = ( GEOMETRIC_REPRESENTATION_CONTEXT(2) 
PARAMETRIC_REPRESENTATION_CONTEXT() REPRESENTATION_CONTEXT('2D SPACE',''
  ) );
#1841 = PCURVE('',#1662,#1842);
#1842 = DEFINITIONAL_REPRESENTATION('',(#1843),#1846);
#1843 = B_SPLINE_CURVE_WITH_KNOTS('',1,(#1844,#1845),.UNSPECIFIED.,.F.,
  .F.,(2,2),(0.,0.249230823875),.PIECEWISE_BEZIER_KNOTS.);
#1844 = CARTESIAN_POINT('',(1.080770497792E-02,-0.132192299835));
#1845 = CARTESIAN_POINT('',(-2.91922978533E-02,0.11380770696));
#1846 = ( GEOMETRIC_REPRESENTATION_CONTEXT(2) 
PARAMETRIC_REPRESENTATION_CONTEXT() REPRESENTATION_CONTEXT('2D SPACE',''
  ) );
#1847 = ORIENTED_EDGE('',*,*,#1403,.F.);
#1848 = ORIENTED_EDGE('',*,*,#1541,.F.);
#1849 = ADVANCED_FACE('',(#1850),#1662,.T.);
#1850 = FACE_BOUND('',#1851,.T.);
#1851 = EDGE_LOOP('',(#1852,#1853,#1854));
#1852 = ORIENTED_EDGE('',*,*,#1648,.F.);
#1853 = ORIENTED_EDGE('',*,*,#1748,.F.);
#1854 = ORIENTED_EDGE('',*,*,#1828,.F.);
#1855 = ( GEOMETRIC_REPRESENTATION_CONTEXT(3) 
GLOBAL_UNCERTAINTY_ASSIGNED_CONTEXT((#1859)) 
GLOBAL_UNIT_ASSIGNED_CONTEXT((#1856,#1857,#1858)) REPRESENTATION_CONTEXT
('Context #1','3D Context with UNIT and UNCERTAINTY') );
#1856 = ( LENGTH_UNIT() NAMED_UNIT(*) SI_UNIT(.MILLI.,.METRE.) );
#1857 = ( NAMED_UNIT(*) PLANE_ANGLE_UNIT() SI_UNIT($,.RADIAN.) );
#1858 = ( NAMED_UNIT(*) SI_UNIT($,.STERADIAN.) SOLID_ANGLE_UNIT() );
#1859 = UNCERTAINTY_MEASURE_WITH_UNIT(LENGTH_MEASURE(1.E-07),#1856,
  'distance_accuracy_value','confusion accuracy');
#1860 = SHAPE_DEFINITION_REPRESENTATION(#1861,#1362);
#1861 = PRODUCT_DEFINITION_SHAPE('','',#1862);
#1862 = PRODUCT_DEFINITION('design','',#1863,#1866);
#1863 = PRODUCT_DEFINITION_FORMATION('','',#1864);
#1864 = PRODUCT(' STEP translator 7.5 1.2',
  ' STEP translator 7.5 1.2','',(#1865));
#1865 = PRODUCT_CONTEXT('',#2,'mechanical');
#1866 = PRODUCT_DEFINITION_CONTEXT('part definition',#2,'design');
#1867 = CONTEXT_DEPENDENT_SHAPE_REPRESENTATION(#1868,#1870);
#1868 = ( REPRESENTATION_RELATIONSHIP('','',#1362,#10) 
REPRESENTATION_RELATIONSHIP_WITH_TRANSFORMATION(#1869) 
SHAPE_REPRESENTATION_RELATIONSHIP() );
#1869 = ITEM_DEFINED_TRANSFORMATION('','',#11,#19);
#1870 = PRODUCT_DEFINITION_SHAPE('Placement','Placement of an item',
  #1871);
#1871 = NEXT_ASSEMBLY_USAGE_OCCURRENCE('2','','',#5,#1862,$);
#1872 = PRODUCT_RELATED_PRODUCT_CATEGORY('part',$,(#1864));
#1873 = MANIFOLD_SURFACE_SHAPE_REPRESENTATION('',(#11,#1874),#2366);
#1874 = SHELL_BASED_SURFACE_MODEL('',(#1875));
#1875 = CLOSED_SHELL('',(#1876,#1965,#2021,#2072,#2128,#2184,#2235,#2279
    ,#2304,#2329,#2335,#2360));
#1876 = ADVANCED_FACE('',(#1877),#1891,.T.);
#1877 = FACE_BOUND('',#1878,.T.);
#1878 = EDGE_LOOP('',(#1879,#1913,#1940));
#1879 = ORIENTED_EDGE('',*,*,#1880,.T.);
#1880 = EDGE_CURVE('',#1881,#1883,#1885,.T.);
#1881 = VERTEX_POINT('',#1882);
#1882 = CARTESIAN_POINT('',(0.117244273424,-0.118625313044,
    -4.273145645857E-02));
#1883 = VERTEX_POINT('',#1884);
#1884 = CARTESIAN_POINT('',(0.122244268656,0.127374693751,
    -4.273145645857E-02));
#1885 = SURFACE_CURVE('',#1886,(#1890,#1902),.PCURVE_S1.);
#1886 = LINE('',#1887,#1888);
#1887 = CARTESIAN_POINT('',(0.117244273424,-0.118625313044,
    -4.273145645857E-02));
#1888 = VECTOR('',#1889,1.);
#1889 = DIRECTION('',(2.032098630782E-02,0.999793507438,0.));
#1890 = PCURVE('',#1891,#1896);
#1891 = PLANE('',#1892);
#1892 = AXIS2_PLACEMENT_3D('',#1893,#1894,#1895);
#1893 = CARTESIAN_POINT('',(0.120981567932,3.137393461719E-03,
    -4.273145645857E-02));
#1894 = DIRECTION('',(-0.,-0.,-1.));
#1895 = DIRECTION('',(-1.,0.,0.));
#1896 = DEFINITIONAL_REPRESENTATION('',(#1897),#1901);
#1897 = LINE('',#1898,#1899);
#1898 = CARTESIAN_POINT('',(3.737294507966E-03,-0.121762706505));
#1899 = VECTOR('',#1900,1.);
#1900 = DIRECTION('',(-2.032098630782E-02,0.999793507438));
#1901 = ( GEOMETRIC_REPRESENTATION_CONTEXT(2) 
PARAMETRIC_REPRESENTATION_CONTEXT() REPRESENTATION_CONTEXT('2D SPACE',''
  ) );
#1902 = PCURVE('',#1903,#1908);
#1903 = PLANE('',#1904);
#1904 = AXIS2_PLACEMENT_3D('',#1905,#1906,#1907);
#1905 = CARTESIAN_POINT('',(0.118506974148,5.611987246022E-03,
    -4.273145645857E-02));
#1906 = DIRECTION('',(-0.,-0.,-1.));
#1907 = DIRECTION('',(-1.,0.,0.));
#1908 = DEFINITIONAL_REPRESENTATION('',(#1909),#1912);
#1909 = B_SPLINE_CURVE_WITH_KNOTS('',1,(#1910,#1911),.UNSPECIFIED.,.F.,
  .F.,(2,2),(0.,0.246050814458),.PIECEWISE_BEZIER_KNOTS.);
#1910 = CARTESIAN_POINT('',(1.262700723663E-03,-0.12423730029));
#1911 = CARTESIAN_POINT('',(-3.737294507966E-03,0.121762706505));
#1912 = ( GEOMETRIC_REPRESENTATION_CONTEXT(2) 
PARAMETRIC_REPRESENTATION_CONTEXT() REPRESENTATION_CONTEXT('2D SPACE',''
  ) );
#1913 = ORIENTED_EDGE('',*,*,#1914,.T.);
#1914 = EDGE_CURVE('',#1883,#1915,#1917,.T.);
#1915 = VERTEX_POINT('',#1916);
#1916 = CARTESIAN_POINT('',(0.122244268656,-0.118625313044,
    -4.273145645857E-02));
#1917 = SURFACE_CURVE('',#1918,(#1922,#1929),.PCURVE_S1.);
#1918 = LINE('',#1919,#1920);
#1919 = CARTESIAN_POINT('',(0.122244268656,0.127374693751,
    -4.273145645857E-02));
#1920 = VECTOR('',#1921,1.);
#1921 = DIRECTION('',(0.,-1.,0.));
#1922 = PCURVE('',#1891,#1923);
#1923 = DEFINITIONAL_REPRESENTATION('',(#1924),#1928);
#1924 = LINE('',#1925,#1926);
#1925 = CARTESIAN_POINT('',(-1.262700723663E-03,0.12423730029));
#1926 = VECTOR('',#1927,1.);
#1927 = DIRECTION('',(0.,-1.));
#1928 = ( GEOMETRIC_REPRESENTATION_CONTEXT(2) 
PARAMETRIC_REPRESENTATION_CONTEXT() REPRESENTATION_CONTEXT('2D SPACE',''
  ) );
#1929 = PCURVE('',#1930,#1935);
#1930 = PLANE('',#1931);
#1931 = AXIS2_PLACEMENT_3D('',#1932,#1933,#1934);
#1932 = CARTESIAN_POINT('',(0.122244268656,1.460419372722E-02,
    -3.046095986917E-02));
#1933 = DIRECTION('',(1.,-5.54340960557E-32,5.858053201712E-31));
#1934 = DIRECTION('',(-5.858053201712E-31,0.,1.));
#1935 = DEFINITIONAL_REPRESENTATION('',(#1936),#1939);
#1936 = B_SPLINE_CURVE_WITH_KNOTS('',1,(#1937,#1938),.UNSPECIFIED.,.F.,
  .F.,(2,2),(0.,0.246000006795),.PIECEWISE_BEZIER_KNOTS.);
#1937 = CARTESIAN_POINT('',(-1.22704965894E-02,-0.112770500024));
#1938 = CARTESIAN_POINT('',(-1.22704965894E-02,0.133229506771));
#1939 = ( GEOMETRIC_REPRESENTATION_CONTEXT(2) 
PARAMETRIC_REPRESENTATION_CONTEXT() REPRESENTATION_CONTEXT('2D SPACE',''
  ) );
#1940 = ORIENTED_EDGE('',*,*,#1941,.T.);
#1941 = EDGE_CURVE('',#1915,#1881,#1942,.T.);
#1942 = SURFACE_CURVE('',#1943,(#1947,#1954),.PCURVE_S1.);
#1943 = LINE('',#1944,#1945);
#1944 = CARTESIAN_POINT('',(0.122244268656,-0.118625313044,
    -4.273145645857E-02));
#1945 = VECTOR('',#1946,1.);
#1946 = DIRECTION('',(-1.,0.,0.));
#1947 = PCURVE('',#1891,#1948);
#1948 = DEFINITIONAL_REPRESENTATION('',(#1949),#1953);
#1949 = LINE('',#1950,#1951);
#1950 = CARTESIAN_POINT('',(-1.262700723663E-03,-0.121762706505));
#1951 = VECTOR('',#1952,1.);
#1952 = DIRECTION('',(1.,0.));
#1953 = ( GEOMETRIC_REPRESENTATION_CONTEXT(2) 
PARAMETRIC_REPRESENTATION_CONTEXT() REPRESENTATION_CONTEXT('2D SPACE',''
  ) );
#1954 = PCURVE('',#1955,#1960);
#1955 = PLANE('',#1956);
#1956 = AXIS2_PLACEMENT_3D('',#1957,#1958,#1959);
#1957 = CARTESIAN_POINT('',(0.118563503523,-0.118625313044,
    -2.141222401259E-02));
#1958 = DIRECTION('',(-1.583620723552E-28,-1.,-8.731538206512E-30));
#1959 = DIRECTION('',(-1.,1.583620723552E-28,0.));
#1960 = DEFINITIONAL_REPRESENTATION('',(#1961),#1964);
#1961 = B_SPLINE_CURVE_WITH_KNOTS('',1,(#1962,#1963),.UNSPECIFIED.,.F.,
  .F.,(2,2),(0.,4.999995231628E-03),.PIECEWISE_BEZIER_KNOTS.);
#1962 = CARTESIAN_POINT('',(-3.68076513258E-03,2.131923244598E-02));
#1963 = CARTESIAN_POINT('',(1.319230099048E-03,2.131923244598E-02));
#1964 = ( GEOMETRIC_REPRESENTATION_CONTEXT(2) 
PARAMETRIC_REPRESENTATION_CONTEXT() REPRESENTATION_CONTEXT('2D SPACE',''
  ) );
#1965 = ADVANCED_FACE('',(#1966),#1903,.T.);
#1966 = FACE_BOUND('',#1967,.T.);
#1967 = EDGE_LOOP('',(#1968,#1995,#2020));
#1968 = ORIENTED_EDGE('',*,*,#1969,.T.);
#1969 = EDGE_CURVE('',#1881,#1970,#1972,.T.);
#1970 = VERTEX_POINT('',#1971);
#1971 = CARTESIAN_POINT('',(0.117244273424,0.127374693751,
    -4.273145645857E-02));
#1972 = SURFACE_CURVE('',#1973,(#1977,#1984),.PCURVE_S1.);
#1973 = LINE('',#1974,#1975);
#1974 = CARTESIAN_POINT('',(0.117244273424,-0.118625313044,
    -4.273145645857E-02));
#1975 = VECTOR('',#1976,1.);
#1976 = DIRECTION('',(0.,1.,0.));
#1977 = PCURVE('',#1903,#1978);
#1978 = DEFINITIONAL_REPRESENTATION('',(#1979),#1983);
#1979 = LINE('',#1980,#1981);
#1980 = CARTESIAN_POINT('',(1.262700723663E-03,-0.12423730029));
#1981 = VECTOR('',#1982,1.);
#1982 = DIRECTION('',(0.,1.));
#1983 = ( GEOMETRIC_REPRESENTATION_CONTEXT(2) 
PARAMETRIC_REPRESENTATION_CONTEXT() REPRESENTATION_CONTEXT('2D SPACE',''
  ) );
#1984 = PCURVE('',#1985,#1990);
#1985 = PLANE('',#1986);
#1986 = AXIS2_PLACEMENT_3D('',#1987,#1988,#1989);
#1987 = CARTESIAN_POINT('',(0.117244273424,-5.85481301948E-03,
    -3.046095986917E-02));
#1988 = DIRECTION('',(-1.,-2.534830669595E-33,-9.185077408624E-32));
#1989 = DIRECTION('',(9.185077408624E-32,0.,-1.));
#1990 = DEFINITIONAL_REPRESENTATION('',(#1991),#1994);
#1991 = B_SPLINE_CURVE_WITH_KNOTS('',1,(#1992,#1993),.UNSPECIFIED.,.F.,
  .F.,(2,2),(0.,0.246000006795),.PIECEWISE_BEZIER_KNOTS.);
#1992 = CARTESIAN_POINT('',(1.22704965894E-02,0.112770500024));
#1993 = CARTESIAN_POINT('',(1.22704965894E-02,-0.133229506771));
#1994 = ( GEOMETRIC_REPRESENTATION_CONTEXT(2) 
PARAMETRIC_REPRESENTATION_CONTEXT() REPRESENTATION_CONTEXT('2D SPACE',''
  ) );
#1995 = ORIENTED_EDGE('',*,*,#1996,.T.);
#1996 = EDGE_CURVE('',#1970,#1883,#1997,.T.);
#1997 = SURFACE_CURVE('',#1998,(#2002,#2009),.PCURVE_S1.);
#1998 = LINE('',#1999,#2000);
#1999 = CARTESIAN_POINT('',(0.117244273424,0.127374693751,
    -4.273145645857E-02));
#2000 = VECTOR('',#2001,1.);
#2001 = DIRECTION('',(1.,0.,0.));
#2002 = PCURVE('',#1903,#2003);
#2003 = DEFINITIONAL_REPRESENTATION('',(#2004),#2008);
#2004 = LINE('',#2005,#2006);
#2005 = CARTESIAN_POINT('',(1.262700723663E-03,0.121762706505));
#2006 = VECTOR('',#2007,1.);
#2007 = DIRECTION('',(-1.,0.));
#2008 = ( GEOMETRIC_REPRESENTATION_CONTEXT(2) 
PARAMETRIC_REPRESENTATION_CONTEXT() REPRESENTATION_CONTEXT('2D SPACE',''
  ) );
#2009 = PCURVE('',#2010,#2015);
#2010 = PLANE('',#2011);
#2011 = AXIS2_PLACEMENT_3D('',#2012,#2013,#2014);
#2012 = CARTESIAN_POINT('',(0.120925038557,0.127374693751,
    -2.141222401259E-02));
#2013 = DIRECTION('',(-7.575467334073E-29,1.,4.333514667255E-30));
#2014 = DIRECTION('',(1.,7.575467334073E-29,0.));
#2015 = DEFINITIONAL_REPRESENTATION('',(#2016),#2019);
#2016 = B_SPLINE_CURVE_WITH_KNOTS('',1,(#2017,#2018),.UNSPECIFIED.,.F.,
  .F.,(2,2),(0.,4.999995231628E-03),.PIECEWISE_BEZIER_KNOTS.);
#2017 = CARTESIAN_POINT('',(-3.68076513258E-03,2.131923244598E-02));
#2018 = CARTESIAN_POINT('',(1.319230099048E-03,2.131923244598E-02));
#2019 = ( GEOMETRIC_REPRESENTATION_CONTEXT(2) 
PARAMETRIC_REPRESENTATION_CONTEXT() REPRESENTATION_CONTEXT('2D SPACE',''
  ) );
#2020 = ORIENTED_EDGE('',*,*,#1880,.F.);
#2021 = ADVANCED_FACE('',(#2022),#2010,.T.);
#2022 = FACE_BOUND('',#2023,.T.);
#2023 = EDGE_LOOP('',(#2024,#2051,#2071));
#2024 = ORIENTED_EDGE('',*,*,#2025,.T.);
#2025 = EDGE_CURVE('',#1970,#2026,#2028,.T.);
#2026 = VERTEX_POINT('',#2027);
#2027 = CARTESIAN_POINT('',(0.122244268656,0.127374693751,
    2.268543466926E-03));
#2028 = SURFACE_CURVE('',#2029,(#2033,#2040),.PCURVE_S1.);
#2029 = LINE('',#2030,#2031);
#2030 = CARTESIAN_POINT('',(0.117244273424,0.127374693751,
    -4.273145645857E-02));
#2031 = VECTOR('',#2032,1.);
#2032 = DIRECTION('',(0.110431422224,0.,0.993883746213));
#2033 = PCURVE('',#2010,#2034);
#2034 = DEFINITIONAL_REPRESENTATION('',(#2035),#2039);
#2035 = LINE('',#2036,#2037);
#2036 = CARTESIAN_POINT('',(-3.68076513258E-03,2.131923244598E-02));
#2037 = VECTOR('',#2038,1.);
#2038 = DIRECTION('',(0.110431422224,-0.993883746213));
#2039 = ( GEOMETRIC_REPRESENTATION_CONTEXT(2) 
PARAMETRIC_REPRESENTATION_CONTEXT() REPRESENTATION_CONTEXT('2D SPACE',''
  ) );
#2040 = PCURVE('',#2041,#2046);
#2041 = PLANE('',#2042);
#2042 = AXIS2_PLACEMENT_3D('',#2043,#2044,#2045);
#2043 = CARTESIAN_POINT('',(0.118563503523,0.127374693751,
    -1.905068897906E-02));
#2044 = DIRECTION('',(-1.59912299512E-28,1.,8.999184899746E-30));
#2045 = DIRECTION('',(1.,1.59912299512E-28,0.));
#2046 = DEFINITIONAL_REPRESENTATION('',(#2047),#2050);
#2047 = B_SPLINE_CURVE_WITH_KNOTS('',1,(#2048,#2049),.UNSPECIFIED.,.F.,
  .F.,(2,2),(0.,4.527692509006E-02),.PIECEWISE_BEZIER_KNOTS.);
#2048 = CARTESIAN_POINT('',(-1.319230099048E-03,2.368076747951E-02));
#2049 = CARTESIAN_POINT('',(3.68076513258E-03,-2.131923244598E-02));
#2050 = ( GEOMETRIC_REPRESENTATION_CONTEXT(2) 
PARAMETRIC_REPRESENTATION_CONTEXT() REPRESENTATION_CONTEXT('2D SPACE',''
  ) );
#2051 = ORIENTED_EDGE('',*,*,#2052,.T.);
#2052 = EDGE_CURVE('',#2026,#1883,#2053,.T.);
#2053 = SURFACE_CURVE('',#2054,(#2058,#2065),.PCURVE_S1.);
#2054 = LINE('',#2055,#2056);
#2055 = CARTESIAN_POINT('',(0.122244268656,0.127374693751,
    2.268543466926E-03));
#2056 = VECTOR('',#2057,1.);
#2057 = DIRECTION('',(0.,0.,-1.));
#2058 = PCURVE('',#2010,#2059);
#2059 = DEFINITIONAL_REPRESENTATION('',(#2060),#2064);
#2060 = LINE('',#2061,#2062);
#2061 = CARTESIAN_POINT('',(1.319230099048E-03,-2.368076747951E-02));
#2062 = VECTOR('',#2063,1.);
#2063 = DIRECTION('',(0.,1.));
#2064 = ( GEOMETRIC_REPRESENTATION_CONTEXT(2) 
PARAMETRIC_REPRESENTATION_CONTEXT() REPRESENTATION_CONTEXT('2D SPACE',''
  ) );
#2065 = PCURVE('',#1930,#2066);
#2066 = DEFINITIONAL_REPRESENTATION('',(#2067),#2070);
#2067 = B_SPLINE_CURVE_WITH_KNOTS('',1,(#2068,#2069),.UNSPECIFIED.,.F.,
  .F.,(2,2),(0.,4.499999992549E-02),.PIECEWISE_BEZIER_KNOTS.);
#2068 = CARTESIAN_POINT('',(3.27295033361E-02,-0.112770500024));
#2069 = CARTESIAN_POINT('',(-1.22704965894E-02,-0.112770500024));
#2070 = ( GEOMETRIC_REPRESENTATION_CONTEXT(2) 
PARAMETRIC_REPRESENTATION_CONTEXT() REPRESENTATION_CONTEXT('2D SPACE',''
  ) );
#2071 = ORIENTED_EDGE('',*,*,#1996,.F.);
#2072 = ADVANCED_FACE('',(#2073),#2041,.T.);
#2073 = FACE_BOUND('',#2074,.T.);
#2074 = EDGE_LOOP('',(#2075,#2102,#2127));
#2075 = ORIENTED_EDGE('',*,*,#2076,.T.);
#2076 = EDGE_CURVE('',#1970,#2077,#2079,.T.);
#2077 = VERTEX_POINT('',#2078);
#2078 = CARTESIAN_POINT('',(0.117244273424,0.127374693751,
    2.268543466926E-03));
#2079 = SURFACE_CURVE('',#2080,(#2084,#2091),.PCURVE_S1.);
#2080 = LINE('',#2081,#2082);
#2081 = CARTESIAN_POINT('',(0.117244273424,0.127374693751,
    -4.273145645857E-02));
#2082 = VECTOR('',#2083,1.);
#2083 = DIRECTION('',(0.,0.,1.));
#2084 = PCURVE('',#2041,#2085);
#2085 = DEFINITIONAL_REPRESENTATION('',(#2086),#2090);
#2086 = LINE('',#2087,#2088);
#2087 = CARTESIAN_POINT('',(-1.319230099048E-03,2.368076747951E-02));
#2088 = VECTOR('',#2089,1.);
#2089 = DIRECTION('',(0.,-1.));
#2090 = ( GEOMETRIC_REPRESENTATION_CONTEXT(2) 
PARAMETRIC_REPRESENTATION_CONTEXT() REPRESENTATION_CONTEXT('2D SPACE',''
  ) );
#2091 = PCURVE('',#2092,#2097);
#2092 = PLANE('',#2093);
#2093 = AXIS2_PLACEMENT_3D('',#2094,#2095,#2096);
#2094 = CARTESIAN_POINT('',(0.117244273424,1.460419372722E-02,
    -1.000195312247E-02));
#2095 = DIRECTION('',(-1.,2.169682518756E-33,7.475707163079E-33));
#2096 = DIRECTION('',(-7.475707163079E-33,0.,-1.));
#2097 = DEFINITIONAL_REPRESENTATION('',(#2098),#2101);
#2098 = B_SPLINE_CURVE_WITH_KNOTS('',1,(#2099,#2100),.UNSPECIFIED.,.F.,
  .F.,(2,2),(0.,4.499999992549E-02),.PIECEWISE_BEZIER_KNOTS.);
#2099 = CARTESIAN_POINT('',(3.27295033361E-02,-0.112770500024));
#2100 = CARTESIAN_POINT('',(-1.22704965894E-02,-0.112770500024));
#2101 = ( GEOMETRIC_REPRESENTATION_CONTEXT(2) 
PARAMETRIC_REPRESENTATION_CONTEXT() REPRESENTATION_CONTEXT('2D SPACE',''
  ) );
#2102 = ORIENTED_EDGE('',*,*,#2103,.T.);
#2103 = EDGE_CURVE('',#2077,#2026,#2104,.T.);
#2104 = SURFACE_CURVE('',#2105,(#2109,#2116),.PCURVE_S1.);
#2105 = LINE('',#2106,#2107);
#2106 = CARTESIAN_POINT('',(0.117244273424,0.127374693751,
    2.268543466926E-03));
#2107 = VECTOR('',#2108,1.);
#2108 = DIRECTION('',(1.,0.,0.));
#2109 = PCURVE('',#2041,#2110);
#2110 = DEFINITIONAL_REPRESENTATION('',(#2111),#2115);
#2111 = LINE('',#2112,#2113);
#2112 = CARTESIAN_POINT('',(-1.319230099048E-03,-2.131923244598E-02));
#2113 = VECTOR('',#2114,1.);
#2114 = DIRECTION('',(1.,-1.439080351052E-57));
#2115 = ( GEOMETRIC_REPRESENTATION_CONTEXT(2) 
PARAMETRIC_REPRESENTATION_CONTEXT() REPRESENTATION_CONTEXT('2D SPACE',''
  ) );
#2116 = PCURVE('',#2117,#2122);
#2117 = PLANE('',#2118);
#2118 = AXIS2_PLACEMENT_3D('',#2119,#2120,#2121);
#2119 = CARTESIAN_POINT('',(0.120981567932,5.611987246022E-03,
    2.268543466926E-03));
#2120 = DIRECTION('',(0.,0.,1.));
#2121 = DIRECTION('',(1.,0.,-0.));
#2122 = DEFINITIONAL_REPRESENTATION('',(#2123),#2126);
#2123 = B_SPLINE_CURVE_WITH_KNOTS('',1,(#2124,#2125),.UNSPECIFIED.,.F.,
  .F.,(2,2),(0.,4.999995231628E-03),.PIECEWISE_BEZIER_KNOTS.);
#2124 = CARTESIAN_POINT('',(-3.737294507966E-03,0.121762706505));
#2125 = CARTESIAN_POINT('',(1.262700723663E-03,0.121762706505));
#2126 = ( GEOMETRIC_REPRESENTATION_CONTEXT(2) 
PARAMETRIC_REPRESENTATION_CONTEXT() REPRESENTATION_CONTEXT('2D SPACE',''
  ) );
#2127 = ORIENTED_EDGE('',*,*,#2025,.F.);
#2128 = ADVANCED_FACE('',(#2129),#2117,.T.);
#2129 = FACE_BOUND('',#2130,.T.);
#2130 = EDGE_LOOP('',(#2131,#2158,#2183));
#2131 = ORIENTED_EDGE('',*,*,#2132,.T.);
#2132 = EDGE_CURVE('',#2077,#2133,#2135,.T.);
#2133 = VERTEX_POINT('',#2134);
#2134 = CARTESIAN_POINT('',(0.122244268656,-0.118625313044,
    2.268543466926E-03));
#2135 = SURFACE_CURVE('',#2136,(#2140,#2147),.PCURVE_S1.);
#2136 = LINE('',#2137,#2138);
#2137 = CARTESIAN_POINT('',(0.117244273424,0.127374693751,
    2.268543466926E-03));
#2138 = VECTOR('',#2139,1.);
#2139 = DIRECTION('',(2.032098630782E-02,-0.999793507438,0.));
#2140 = PCURVE('',#2117,#2141);
#2141 = DEFINITIONAL_REPRESENTATION('',(#2142),#2146);
#2142 = LINE('',#2143,#2144);
#2143 = CARTESIAN_POINT('',(-3.737294507966E-03,0.121762706505));
#2144 = VECTOR('',#2145,1.);
#2145 = DIRECTION('',(2.032098630782E-02,-0.999793507438));
#2146 = ( GEOMETRIC_REPRESENTATION_CONTEXT(2) 
PARAMETRIC_REPRESENTATION_CONTEXT() REPRESENTATION_CONTEXT('2D SPACE',''
  ) );
#2147 = PCURVE('',#2148,#2153);
#2148 = PLANE('',#2149);
#2149 = AXIS2_PLACEMENT_3D('',#2150,#2151,#2152);
#2150 = CARTESIAN_POINT('',(0.118506974148,3.137393461719E-03,
    2.268543466926E-03));
#2151 = DIRECTION('',(0.,0.,1.));
#2152 = DIRECTION('',(1.,0.,-0.));
#2153 = DEFINITIONAL_REPRESENTATION('',(#2154),#2157);
#2154 = B_SPLINE_CURVE_WITH_KNOTS('',1,(#2155,#2156),.UNSPECIFIED.,.F.,
  .F.,(2,2),(0.,0.246050814458),.PIECEWISE_BEZIER_KNOTS.);
#2155 = CARTESIAN_POINT('',(-1.262700723663E-03,0.12423730029));
#2156 = CARTESIAN_POINT('',(3.737294507966E-03,-0.121762706505));
#2157 = ( GEOMETRIC_REPRESENTATION_CONTEXT(2) 
PARAMETRIC_REPRESENTATION_CONTEXT() REPRESENTATION_CONTEXT('2D SPACE',''
  ) );
#2158 = ORIENTED_EDGE('',*,*,#2159,.T.);
#2159 = EDGE_CURVE('',#2133,#2026,#2160,.T.);
#2160 = SURFACE_CURVE('',#2161,(#2165,#2172),.PCURVE_S1.);
#2161 = LINE('',#2162,#2163);
#2162 = CARTESIAN_POINT('',(0.122244268656,-0.118625313044,
    2.268543466926E-03));
#2163 = VECTOR('',#2164,1.);
#2164 = DIRECTION('',(0.,1.,0.));
#2165 = PCURVE('',#2117,#2166);
#2166 = DEFINITIONAL_REPRESENTATION('',(#2167),#2171);
#2167 = LINE('',#2168,#2169);
#2168 = CARTESIAN_POINT('',(1.262700723663E-03,-0.12423730029));
#2169 = VECTOR('',#2170,1.);
#2170 = DIRECTION('',(0.,1.));
#2171 = ( GEOMETRIC_REPRESENTATION_CONTEXT(2) 
PARAMETRIC_REPRESENTATION_CONTEXT() REPRESENTATION_CONTEXT('2D SPACE',''
  ) );
#2172 = PCURVE('',#2173,#2178);
#2173 = PLANE('',#2174);
#2174 = AXIS2_PLACEMENT_3D('',#2175,#2176,#2177);
#2175 = CARTESIAN_POINT('',(0.122244268656,-5.85481301948E-03,
    -1.000195312247E-02));
#2176 = DIRECTION('',(1.,-8.678730075024E-33,2.990282865232E-32));
#2177 = DIRECTION('',(-2.990282865232E-32,0.,1.));
#2178 = DEFINITIONAL_REPRESENTATION('',(#2179),#2182);
#2179 = B_SPLINE_CURVE_WITH_KNOTS('',1,(#2180,#2181),.UNSPECIFIED.,.F.,
  .F.,(2,2),(0.,0.246000006795),.PIECEWISE_BEZIER_KNOTS.);
#2180 = CARTESIAN_POINT('',(1.22704965894E-02,0.112770500024));
#2181 = CARTESIAN_POINT('',(1.22704965894E-02,-0.133229506771));
#2182 = ( GEOMETRIC_REPRESENTATION_CONTEXT(2) 
PARAMETRIC_REPRESENTATION_CONTEXT() REPRESENTATION_CONTEXT('2D SPACE',''
  ) );
#2183 = ORIENTED_EDGE('',*,*,#2103,.F.);
#2184 = ADVANCED_FACE('',(#2185),#2148,.T.);
#2185 = FACE_BOUND('',#2186,.T.);
#2186 = EDGE_LOOP('',(#2187,#2209,#2234));
#2187 = ORIENTED_EDGE('',*,*,#2188,.T.);
#2188 = EDGE_CURVE('',#2077,#2189,#2191,.T.);
#2189 = VERTEX_POINT('',#2190);
#2190 = CARTESIAN_POINT('',(0.117244273424,-0.118625313044,
    2.268543466926E-03));
#2191 = SURFACE_CURVE('',#2192,(#2196,#2203),.PCURVE_S1.);
#2192 = LINE('',#2193,#2194);
#2193 = CARTESIAN_POINT('',(0.117244273424,0.127374693751,
    2.268543466926E-03));
#2194 = VECTOR('',#2195,1.);
#2195 = DIRECTION('',(0.,-1.,0.));
#2196 = PCURVE('',#2148,#2197);
#2197 = DEFINITIONAL_REPRESENTATION('',(#2198),#2202);
#2198 = LINE('',#2199,#2200);
#2199 = CARTESIAN_POINT('',(-1.262700723663E-03,0.12423730029));
#2200 = VECTOR('',#2201,1.);
#2201 = DIRECTION('',(0.,-1.));
#2202 = ( GEOMETRIC_REPRESENTATION_CONTEXT(2) 
PARAMETRIC_REPRESENTATION_CONTEXT() REPRESENTATION_CONTEXT('2D SPACE',''
  ) );
#2203 = PCURVE('',#2092,#2204);
#2204 = DEFINITIONAL_REPRESENTATION('',(#2205),#2208);
#2205 = B_SPLINE_CURVE_WITH_KNOTS('',1,(#2206,#2207),.UNSPECIFIED.,.F.,
  .F.,(2,2),(0.,0.246000006795),.PIECEWISE_BEZIER_KNOTS.);
#2206 = CARTESIAN_POINT('',(-1.22704965894E-02,-0.112770500024));
#2207 = CARTESIAN_POINT('',(-1.22704965894E-02,0.133229506771));
#2208 = ( GEOMETRIC_REPRESENTATION_CONTEXT(2) 
PARAMETRIC_REPRESENTATION_CONTEXT() REPRESENTATION_CONTEXT('2D SPACE',''
  ) );
#2209 = ORIENTED_EDGE('',*,*,#2210,.T.);
#2210 = EDGE_CURVE('',#2189,#2133,#2211,.T.);
#2211 = SURFACE_CURVE('',#2212,(#2216,#2223),.PCURVE_S1.);
#2212 = LINE('',#2213,#2214);
#2213 = CARTESIAN_POINT('',(0.117244273424,-0.118625313044,
    2.268543466926E-03));
#2214 = VECTOR('',#2215,1.);
#2215 = DIRECTION('',(1.,0.,0.));
#2216 = PCURVE('',#2148,#2217);
#2217 = DEFINITIONAL_REPRESENTATION('',(#2218),#2222);
#2218 = LINE('',#2219,#2220);
#2219 = CARTESIAN_POINT('',(-1.262700723663E-03,-0.121762706505));
#2220 = VECTOR('',#2221,1.);
#2221 = DIRECTION('',(1.,0.));
#2222 = ( GEOMETRIC_REPRESENTATION_CONTEXT(2) 
PARAMETRIC_REPRESENTATION_CONTEXT() REPRESENTATION_CONTEXT('2D SPACE',''
  ) );
#2223 = PCURVE('',#2224,#2229);
#2224 = PLANE('',#2225);
#2225 = AXIS2_PLACEMENT_3D('',#2226,#2227,#2228);
#2226 = CARTESIAN_POINT('',(0.120925038557,-0.118625313044,
    -1.905068897906E-02));
#2227 = DIRECTION('',(-3.70537784933E-29,-1.,-2.024570027847E-30));
#2228 = DIRECTION('',(-1.,3.70537784933E-29,0.));
#2229 = DEFINITIONAL_REPRESENTATION('',(#2230),#2233);
#2230 = B_SPLINE_CURVE_WITH_KNOTS('',1,(#2231,#2232),.UNSPECIFIED.,.F.,
  .F.,(2,2),(0.,4.999995231628E-03),.PIECEWISE_BEZIER_KNOTS.);
#2231 = CARTESIAN_POINT('',(3.68076513258E-03,-2.131923244598E-02));
#2232 = CARTESIAN_POINT('',(-1.319230099048E-03,-2.131923244598E-02));
#2233 = ( GEOMETRIC_REPRESENTATION_CONTEXT(2) 
PARAMETRIC_REPRESENTATION_CONTEXT() REPRESENTATION_CONTEXT('2D SPACE',''
  ) );
#2234 = ORIENTED_EDGE('',*,*,#2132,.F.);
#2235 = ADVANCED_FACE('',(#2236),#2224,.T.);
#2236 = FACE_BOUND('',#2237,.T.);
#2237 = EDGE_LOOP('',(#2238,#2258,#2278));
#2238 = ORIENTED_EDGE('',*,*,#2239,.T.);
#2239 = EDGE_CURVE('',#2189,#1915,#2240,.T.);
#2240 = SURFACE_CURVE('',#2241,(#2245,#2252),.PCURVE_S1.);
#2241 = LINE('',#2242,#2243);
#2242 = CARTESIAN_POINT('',(0.117244273424,-0.118625313044,
    2.268543466926E-03));
#2243 = VECTOR('',#2244,1.);
#2244 = DIRECTION('',(0.110431422224,0.,-0.993883746213));
#2245 = PCURVE('',#2224,#2246);
#2246 = DEFINITIONAL_REPRESENTATION('',(#2247),#2251);
#2247 = LINE('',#2248,#2249);
#2248 = CARTESIAN_POINT('',(3.68076513258E-03,-2.131923244598E-02));
#2249 = VECTOR('',#2250,1.);
#2250 = DIRECTION('',(-0.110431422224,0.993883746213));
#2251 = ( GEOMETRIC_REPRESENTATION_CONTEXT(2) 
PARAMETRIC_REPRESENTATION_CONTEXT() REPRESENTATION_CONTEXT('2D SPACE',''
  ) );
#2252 = PCURVE('',#1955,#2253);
#2253 = DEFINITIONAL_REPRESENTATION('',(#2254),#2257);
#2254 = B_SPLINE_CURVE_WITH_KNOTS('',1,(#2255,#2256),.UNSPECIFIED.,.F.,
  .F.,(2,2),(0.,4.527692509006E-02),.PIECEWISE_BEZIER_KNOTS.);
#2255 = CARTESIAN_POINT('',(1.319230099048E-03,-2.368076747951E-02));
#2256 = CARTESIAN_POINT('',(-3.68076513258E-03,2.131923244598E-02));
#2257 = ( GEOMETRIC_REPRESENTATION_CONTEXT(2) 
PARAMETRIC_REPRESENTATION_CONTEXT() REPRESENTATION_CONTEXT('2D SPACE',''
  ) );
#2258 = ORIENTED_EDGE('',*,*,#2259,.T.);
#2259 = EDGE_CURVE('',#1915,#2133,#2260,.T.);
#2260 = SURFACE_CURVE('',#2261,(#2265,#2272),.PCURVE_S1.);
#2261 = LINE('',#2262,#2263);
#2262 = CARTESIAN_POINT('',(0.122244268656,-0.118625313044,
    -4.273145645857E-02));
#2263 = VECTOR('',#2264,1.);
#2264 = DIRECTION('',(0.,0.,1.));
#2265 = PCURVE('',#2224,#2266);
#2266 = DEFINITIONAL_REPRESENTATION('',(#2267),#2271);
#2267 = LINE('',#2268,#2269);
#2268 = CARTESIAN_POINT('',(-1.319230099048E-03,2.368076747951E-02));
#2269 = VECTOR('',#2270,1.);
#2270 = DIRECTION('',(0.,-1.));
#2271 = ( GEOMETRIC_REPRESENTATION_CONTEXT(2) 
PARAMETRIC_REPRESENTATION_CONTEXT() REPRESENTATION_CONTEXT('2D SPACE',''
  ) );
#2272 = PCURVE('',#2173,#2273);
#2273 = DEFINITIONAL_REPRESENTATION('',(#2274),#2277);
#2274 = B_SPLINE_CURVE_WITH_KNOTS('',1,(#2275,#2276),.UNSPECIFIED.,.F.,
  .F.,(2,2),(0.,4.499999992549E-02),.PIECEWISE_BEZIER_KNOTS.);
#2275 = CARTESIAN_POINT('',(-3.27295033361E-02,0.112770500024));
#2276 = CARTESIAN_POINT('',(1.22704965894E-02,0.112770500024));
#2277 = ( GEOMETRIC_REPRESENTATION_CONTEXT(2) 
PARAMETRIC_REPRESENTATION_CONTEXT() REPRESENTATION_CONTEXT('2D SPACE',''
  ) );
#2278 = ORIENTED_EDGE('',*,*,#2210,.F.);
#2279 = ADVANCED_FACE('',(#2280),#1955,.T.);
#2280 = FACE_BOUND('',#2281,.T.);
#2281 = EDGE_LOOP('',(#2282,#2302,#2303));
#2282 = ORIENTED_EDGE('',*,*,#2283,.T.);
#2283 = EDGE_CURVE('',#2189,#1881,#2284,.T.);
#2284 = SURFACE_CURVE('',#2285,(#2289,#2296),.PCURVE_S1.);
#2285 = LINE('',#2286,#2287);
#2286 = CARTESIAN_POINT('',(0.117244273424,-0.118625313044,
    2.268543466926E-03));
#2287 = VECTOR('',#2288,1.);
#2288 = DIRECTION('',(0.,0.,-1.));
#2289 = PCURVE('',#1955,#2290);
#2290 = DEFINITIONAL_REPRESENTATION('',(#2291),#2295);
#2291 = LINE('',#2292,#2293);
#2292 = CARTESIAN_POINT('',(1.319230099048E-03,-2.368076747951E-02));
#2293 = VECTOR('',#2294,1.);
#2294 = DIRECTION('',(0.,1.));
#2295 = ( GEOMETRIC_REPRESENTATION_CONTEXT(2) 
PARAMETRIC_REPRESENTATION_CONTEXT() REPRESENTATION_CONTEXT('2D SPACE',''
  ) );
#2296 = PCURVE('',#1985,#2297);
#2297 = DEFINITIONAL_REPRESENTATION('',(#2298),#2301);
#2298 = B_SPLINE_CURVE_WITH_KNOTS('',1,(#2299,#2300),.UNSPECIFIED.,.F.,
  .F.,(2,2),(0.,4.499999992549E-02),.PIECEWISE_BEZIER_KNOTS.);
#2299 = CARTESIAN_POINT('',(-3.27295033361E-02,0.112770500024));
#2300 = CARTESIAN_POINT('',(1.22704965894E-02,0.112770500024));
#2301 = ( GEOMETRIC_REPRESENTATION_CONTEXT(2) 
PARAMETRIC_REPRESENTATION_CONTEXT() REPRESENTATION_CONTEXT('2D SPACE',''
  ) );
#2302 = ORIENTED_EDGE('',*,*,#1941,.F.);
#2303 = ORIENTED_EDGE('',*,*,#2239,.F.);
#2304 = ADVANCED_FACE('',(#2305),#2092,.T.);
#2305 = FACE_BOUND('',#2306,.T.);
#2306 = EDGE_LOOP('',(#2307,#2327,#2328));
#2307 = ORIENTED_EDGE('',*,*,#2308,.T.);
#2308 = EDGE_CURVE('',#1970,#2189,#2309,.T.);
#2309 = SURFACE_CURVE('',#2310,(#2314,#2321),.PCURVE_S1.);
#2310 = LINE('',#2311,#2312);
#2311 = CARTESIAN_POINT('',(0.117244273424,0.127374693751,
    -4.273145645857E-02));
#2312 = VECTOR('',#2313,1.);
#2313 = DIRECTION('',(0.,-0.98367740764,0.179940983934));
#2314 = PCURVE('',#2092,#2315);
#2315 = DEFINITIONAL_REPRESENTATION('',(#2316),#2320);
#2316 = LINE('',#2317,#2318);
#2317 = CARTESIAN_POINT('',(3.27295033361E-02,-0.112770500024));
#2318 = VECTOR('',#2319,1.);
#2319 = DIRECTION('',(-0.179940983934,0.98367740764));
#2320 = ( GEOMETRIC_REPRESENTATION_CONTEXT(2) 
PARAMETRIC_REPRESENTATION_CONTEXT() REPRESENTATION_CONTEXT('2D SPACE',''
  ) );
#2321 = PCURVE('',#1985,#2322);
#2322 = DEFINITIONAL_REPRESENTATION('',(#2323),#2326);
#2323 = B_SPLINE_CURVE_WITH_KNOTS('',1,(#2324,#2325),.UNSPECIFIED.,.F.,
  .F.,(2,2),(0.,0.250081993227),.PIECEWISE_BEZIER_KNOTS.);
#2324 = CARTESIAN_POINT('',(1.22704965894E-02,-0.133229506771));
#2325 = CARTESIAN_POINT('',(-3.27295033361E-02,0.112770500024));
#2326 = ( GEOMETRIC_REPRESENTATION_CONTEXT(2) 
PARAMETRIC_REPRESENTATION_CONTEXT() REPRESENTATION_CONTEXT('2D SPACE',''
  ) );
#2327 = ORIENTED_EDGE('',*,*,#2188,.F.);
#2328 = ORIENTED_EDGE('',*,*,#2076,.F.);
#2329 = ADVANCED_FACE('',(#2330),#1985,.T.);
#2330 = FACE_BOUND('',#2331,.T.);
#2331 = EDGE_LOOP('',(#2332,#2333,#2334));
#2332 = ORIENTED_EDGE('',*,*,#1969,.F.);
#2333 = ORIENTED_EDGE('',*,*,#2283,.F.);
#2334 = ORIENTED_EDGE('',*,*,#2308,.F.);
#2335 = ADVANCED_FACE('',(#2336),#1930,.T.);
#2336 = FACE_BOUND('',#2337,.T.);
#2337 = EDGE_LOOP('',(#2338,#2358,#2359));
#2338 = ORIENTED_EDGE('',*,*,#2339,.T.);
#2339 = EDGE_CURVE('',#2026,#1915,#2340,.T.);
#2340 = SURFACE_CURVE('',#2341,(#2345,#2352),.PCURVE_S1.);
#2341 = LINE('',#2342,#2343);
#2342 = CARTESIAN_POINT('',(0.122244268656,0.127374693751,
    2.268543466926E-03));
#2343 = VECTOR('',#2344,1.);
#2344 = DIRECTION('',(0.,-0.98367740764,-0.179940983934));
#2345 = PCURVE('',#1930,#2346);
#2346 = DEFINITIONAL_REPRESENTATION('',(#2347),#2351);
#2347 = LINE('',#2348,#2349);
#2348 = CARTESIAN_POINT('',(3.27295033361E-02,-0.112770500024));
#2349 = VECTOR('',#2350,1.);
#2350 = DIRECTION('',(-0.179940983934,0.98367740764));
#2351 = ( GEOMETRIC_REPRESENTATION_CONTEXT(2) 
PARAMETRIC_REPRESENTATION_CONTEXT() REPRESENTATION_CONTEXT('2D SPACE',''
  ) );
#2352 = PCURVE('',#2173,#2353);
#2353 = DEFINITIONAL_REPRESENTATION('',(#2354),#2357);
#2354 = B_SPLINE_CURVE_WITH_KNOTS('',1,(#2355,#2356),.UNSPECIFIED.,.F.,
  .F.,(2,2),(0.,0.250081993227),.PIECEWISE_BEZIER_KNOTS.);
#2355 = CARTESIAN_POINT('',(1.22704965894E-02,-0.133229506771));
#2356 = CARTESIAN_POINT('',(-3.27295033361E-02,0.112770500024));
#2357 = ( GEOMETRIC_REPRESENTATION_CONTEXT(2) 
PARAMETRIC_REPRESENTATION_CONTEXT() REPRESENTATION_CONTEXT('2D SPACE',''
  ) );
#2358 = ORIENTED_EDGE('',*,*,#1914,.F.);
#2359 = ORIENTED_EDGE('',*,*,#2052,.F.);
#2360 = ADVANCED_FACE('',(#2361),#2173,.T.);
#2361 = FACE_BOUND('',#2362,.T.);
#2362 = EDGE_LOOP('',(#2363,#2364,#2365));
#2363 = ORIENTED_EDGE('',*,*,#2159,.F.);
#2364 = ORIENTED_EDGE('',*,*,#2259,.F.);
#2365 = ORIENTED_EDGE('',*,*,#2339,.F.);
#2366 = ( GEOMETRIC_REPRESENTATION_CONTEXT(3) 
GLOBAL_UNCERTAINTY_ASSIGNED_CONTEXT((#2370)) 
GLOBAL_UNIT_ASSIGNED_CONTEXT((#2367,#2368,#2369)) REPRESENTATION_CONTEXT
('Context #1','3D Context with UNIT and UNCERTAINTY') );
#2367 = ( LENGTH_UNIT() NAMED_UNIT(*) SI_UNIT(.MILLI.,.METRE.) );
#2368 = ( NAMED_UNIT(*) PLANE_ANGLE_UNIT() SI_UNIT($,.RADIAN.) );
#2369 = ( NAMED_UNIT(*) SI_UNIT($,.STERADIAN.) SOLID_ANGLE_UNIT() );
#2370 = UNCERTAINTY_MEASURE_WITH_UNIT(LENGTH_MEASURE(1.E-07),#2367,
  'distance_accuracy_value','confusion accuracy');
#2371 = SHAPE_DEFINITION_REPRESENTATION(#2372,#1873);
#2372 = PRODUCT_DEFINITION_SHAPE('','',#2373);
#2373 = PRODUCT_DEFINITION('design','',#2374,#2377);
#2374 = PRODUCT_DEFINITION_FORMATION('','',#2375);
#2375 = PRODUCT(' STEP translator 7.5 1.3',
  ' STEP translator 7.5 1.3','',(#2376));
#2376 = PRODUCT_CONTEXT('',#2,'mechanical');
#2377 = PRODUCT_DEFINITION_CONTEXT('part definition',#2,'design');
#2378 = CONTEXT_DEPENDENT_SHAPE_REPRESENTATION(#2379,#2381);
#2379 = ( REPRESENTATION_RELATIONSHIP('','',#1873,#10) 
REPRESENTATION_RELATIONSHIP_WITH_TRANSFORMATION(#2380) 
SHAPE_REPRESENTATION_RELATIONSHIP() );
#2380 = ITEM_DEFINED_TRANSFORMATION('','',#11,#23);
#2381 = PRODUCT_DEFINITION_SHAPE('Placement','Placement of an item',
  #2382);
#2382 = NEXT_ASSEMBLY_USAGE_OCCURRENCE('3','','',#5,#2373,$);
#2383 = PRODUCT_RELATED_PRODUCT_CATEGORY('part',$,(#2375));
#2384 = MANIFOLD_SURFACE_SHAPE_REPRESENTATION('',(#11,#2385),#2877);
#2385 = SHELL_BASED_SURFACE_MODEL('',(#2386));
#2386 = CLOSED_SHELL('',(#2387,#2476,#2532,#2583,#2639,#2695,#2746,#2790
    ,#2815,#2840,#2846,#2871));
#2387 = ADVANCED_FACE('',(#2388),#2402,.T.);
#2388 = FACE_BOUND('',#2389,.T.);
#2389 = EDGE_LOOP('',(#2390,#2424,#2451));
#2390 = ORIENTED_EDGE('',*,*,#2391,.T.);
#2391 = EDGE_CURVE('',#2392,#2394,#2396,.T.);
#2392 = VERTEX_POINT('',#2393);
#2393 = CARTESIAN_POINT('',(-0.25643914938,0.13254122436,
    -4.285307973623E-02));
#2394 = VERTEX_POINT('',#2395);
#2395 = CARTESIAN_POINT('',(0.122560843825,0.127541199327,
    -4.285309463739E-02));
#2396 = SURFACE_CURVE('',#2397,(#2401,#2413),.PCURVE_S1.);
#2397 = LINE('',#2398,#2399);
#2398 = CARTESIAN_POINT('',(-0.25643914938,0.13254122436,
    -4.285307973623E-02));
#2399 = VECTOR('',#2400,1.);
#2400 = DIRECTION('',(0.999912987976,-1.319153050472E-02,
    -3.931362765378E-08));
#2401 = PCURVE('',#2402,#2407);
#2402 = PLANE('',#2403);
#2403 = AXIS2_PLACEMENT_3D('',#2404,#2405,#2406);
#2404 = CARTESIAN_POINT('',(-6.818091025266E-02,0.128799454417,
    -4.285308713799E-02));
#2405 = DIRECTION('',(-3.931704870977E-08,-1.111162056602E-21,-1.));
#2406 = DIRECTION('',(-1.,-5.605193857299E-45,3.931704870977E-08));
#2407 = DEFINITIONAL_REPRESENTATION('',(#2408),#2412);
#2408 = LINE('',#2409,#2410);
#2409 = CARTESIAN_POINT('',(0.188258239127,3.741769943616E-03));
#2410 = VECTOR('',#2411,1.);
#2411 = DIRECTION('',(-0.999912987976,-1.319153050472E-02));
#2412 = ( GEOMETRIC_REPRESENTATION_CONTEXT(2) 
PARAMETRIC_REPRESENTATION_CONTEXT() REPRESENTATION_CONTEXT('2D SPACE',''
  ) );
#2413 = PCURVE('',#2414,#2419);
#2414 = PLANE('',#2415);
#2415 = AXIS2_PLACEMENT_3D('',#2416,#2417,#2418);
#2416 = CARTESIAN_POINT('',(-6.569739530173E-02,0.13128296927,
    -4.285308723564E-02));
#2417 = DIRECTION('',(-3.931704870977E-08,-9.062797586437E-23,-1.));
#2418 = DIRECTION('',(-1.,0.,3.931704870977E-08));
#2419 = DEFINITIONAL_REPRESENTATION('',(#2420),#2423);
#2420 = B_SPLINE_CURVE_WITH_KNOTS('',1,(#2421,#2422),.UNSPECIFIED.,.F.,
  .F.,(2,2),(0.,0.379032973631),.PIECEWISE_BEZIER_KNOTS.);
#2421 = CARTESIAN_POINT('',(0.190741754078,1.258255090335E-03));
#2422 = CARTESIAN_POINT('',(-0.188258239127,-3.741769943616E-03));
#2423 = ( GEOMETRIC_REPRESENTATION_CONTEXT(2) 
PARAMETRIC_REPRESENTATION_CONTEXT() REPRESENTATION_CONTEXT('2D SPACE',''
  ) );
#2424 = ORIENTED_EDGE('',*,*,#2425,.T.);
#2425 = EDGE_CURVE('',#2394,#2426,#2428,.T.);
#2426 = VERTEX_POINT('',#2427);
#2427 = CARTESIAN_POINT('',(-0.25643914938,0.127541214228,
    -4.285307973623E-02));
#2428 = SURFACE_CURVE('',#2429,(#2433,#2440),.PCURVE_S1.);
#2429 = LINE('',#2430,#2431);
#2430 = CARTESIAN_POINT('',(0.122560843825,0.127541199327,
    -4.285309463739E-02));
#2431 = VECTOR('',#2432,1.);
#2432 = DIRECTION('',(-1.,3.931704870977E-08,3.931704870977E-08));
#2433 = PCURVE('',#2402,#2434);
#2434 = DEFINITIONAL_REPRESENTATION('',(#2435),#2439);
#2435 = LINE('',#2436,#2437);
#2436 = CARTESIAN_POINT('',(-0.190741754078,-1.258255090335E-03));
#2437 = VECTOR('',#2438,1.);
#2438 = DIRECTION('',(1.,3.931704870977E-08));
#2439 = ( GEOMETRIC_REPRESENTATION_CONTEXT(2) 
PARAMETRIC_REPRESENTATION_CONTEXT() REPRESENTATION_CONTEXT('2D SPACE',''
  ) );
#2440 = PCURVE('',#2441,#2446);
#2441 = PLANE('',#2442);
#2442 = AXIS2_PLACEMENT_3D('',#2443,#2444,#2445);
#2443 = CARTESIAN_POINT('',(-5.635469134923E-02,0.127541206361,
    -3.093754906818E-02));
#2444 = DIRECTION('',(-3.931704870977E-08,-1.,-5.748895596162E-23));
#2445 = DIRECTION('',(-1.,3.931704870977E-08,-3.503246160812E-46));
#2446 = DEFINITIONAL_REPRESENTATION('',(#2447),#2450);
#2447 = B_SPLINE_CURVE_WITH_KNOTS('',1,(#2448,#2449),.UNSPECIFIED.,.F.,
  .F.,(2,2),(0.,0.378999993205),.PIECEWISE_BEZIER_KNOTS.);
#2448 = CARTESIAN_POINT('',(-0.178915535175,1.191554556921E-02));
#2449 = CARTESIAN_POINT('',(0.20008445803,1.191553066805E-02));
#2450 = ( GEOMETRIC_REPRESENTATION_CONTEXT(2) 
PARAMETRIC_REPRESENTATION_CONTEXT() REPRESENTATION_CONTEXT('2D SPACE',''
  ) );
#2451 = ORIENTED_EDGE('',*,*,#2452,.T.);
#2452 = EDGE_CURVE('',#2426,#2392,#2453,.T.);
#2453 = SURFACE_CURVE('',#2454,(#2458,#2465),.PCURVE_S1.);
#2454 = LINE('',#2455,#2456);
#2455 = CARTESIAN_POINT('',(-0.25643914938,0.127541214228,
    -4.285307973623E-02));
#2456 = VECTOR('',#2457,1.);
#2457 = DIRECTION('',(0.,1.,0.));
#2458 = PCURVE('',#2402,#2459);
#2459 = DEFINITIONAL_REPRESENTATION('',(#2460),#2464);
#2460 = LINE('',#2461,#2462);
#2461 = CARTESIAN_POINT('',(0.188258239127,-1.258240189173E-03));
#2462 = VECTOR('',#2463,1.);
#2463 = DIRECTION('',(0.,1.));
#2464 = ( GEOMETRIC_REPRESENTATION_CONTEXT(2) 
PARAMETRIC_REPRESENTATION_CONTEXT() REPRESENTATION_CONTEXT('2D SPACE',''
  ) );
#2465 = PCURVE('',#2466,#2471);
#2466 = PLANE('',#2467);
#2467 = AXIS2_PLACEMENT_3D('',#2468,#2469,#2470);
#2468 = CARTESIAN_POINT('',(-0.25643914938,0.131221990125,
    -2.153385060415E-02));
#2469 = DIRECTION('',(-1.,-0.,-0.));
#2470 = DIRECTION('',(0.,0.,-1.));
#2471 = DEFINITIONAL_REPRESENTATION('',(#2472),#2475);
#2472 = B_SPLINE_CURVE_WITH_KNOTS('',1,(#2473,#2474),.UNSPECIFIED.,.F.,
  .F.,(2,2),(0.,5.00001013279E-03),.PIECEWISE_BEZIER_KNOTS.);
#2473 = CARTESIAN_POINT('',(2.131922913208E-02,3.680775897061E-03));
#2474 = CARTESIAN_POINT('',(2.131922913208E-02,-1.319234235728E-03));
#2475 = ( GEOMETRIC_REPRESENTATION_CONTEXT(2) 
PARAMETRIC_REPRESENTATION_CONTEXT() REPRESENTATION_CONTEXT('2D SPACE',''
  ) );
#2476 = ADVANCED_FACE('',(#2477),#2414,.T.);
#2477 = FACE_BOUND('',#2478,.T.);
#2478 = EDGE_LOOP('',(#2479,#2506,#2531));
#2479 = ORIENTED_EDGE('',*,*,#2480,.T.);
#2480 = EDGE_CURVE('',#2392,#2481,#2483,.T.);
#2481 = VERTEX_POINT('',#2482);
#2482 = CARTESIAN_POINT('',(0.122560843825,0.132541209459,
    -4.285309463739E-02));
#2483 = SURFACE_CURVE('',#2484,(#2488,#2495),.PCURVE_S1.);
#2484 = LINE('',#2485,#2486);
#2485 = CARTESIAN_POINT('',(-0.25643914938,0.13254122436,
    -4.285307973623E-02));
#2486 = VECTOR('',#2487,1.);
#2487 = DIRECTION('',(1.,-3.931704870977E-08,-3.931704870977E-08));
#2488 = PCURVE('',#2414,#2489);
#2489 = DEFINITIONAL_REPRESENTATION('',(#2490),#2494);
#2490 = LINE('',#2491,#2492);
#2491 = CARTESIAN_POINT('',(0.190741754078,1.258255090335E-03));
#2492 = VECTOR('',#2493,1.);
#2493 = DIRECTION('',(-1.,-3.931704870977E-08));
#2494 = ( GEOMETRIC_REPRESENTATION_CONTEXT(2) 
PARAMETRIC_REPRESENTATION_CONTEXT() REPRESENTATION_CONTEXT('2D SPACE',''
  ) );
#2495 = PCURVE('',#2496,#2501);
#2496 = PLANE('',#2497);
#2497 = AXIS2_PLACEMENT_3D('',#2498,#2499,#2500);
#2498 = CARTESIAN_POINT('',(-7.752361415899E-02,0.132541217326,
    -3.093754818972E-02));
#2499 = DIRECTION('',(3.931704870977E-08,1.,-3.598226003486E-23));
#2500 = DIRECTION('',(1.,-3.931704870977E-08,0.));
#2501 = DEFINITIONAL_REPRESENTATION('',(#2502),#2505);
#2502 = B_SPLINE_CURVE_WITH_KNOTS('',1,(#2503,#2504),.UNSPECIFIED.,.F.,
  .F.,(2,2),(0.,0.378999993205),.PIECEWISE_BEZIER_KNOTS.);
#2503 = CARTESIAN_POINT('',(-0.178915535221,1.191553154652E-02));
#2504 = CARTESIAN_POINT('',(0.200084457984,1.191554644768E-02));
#2505 = ( GEOMETRIC_REPRESENTATION_CONTEXT(2) 
PARAMETRIC_REPRESENTATION_CONTEXT() REPRESENTATION_CONTEXT('2D SPACE',''
  ) );
#2506 = ORIENTED_EDGE('',*,*,#2507,.T.);
#2507 = EDGE_CURVE('',#2481,#2394,#2508,.T.);
#2508 = SURFACE_CURVE('',#2509,(#2513,#2520),.PCURVE_S1.);
#2509 = LINE('',#2510,#2511);
#2510 = CARTESIAN_POINT('',(0.122560843825,0.132541209459,
    -4.285309463739E-02));
#2511 = VECTOR('',#2512,1.);
#2512 = DIRECTION('',(0.,-1.,0.));
#2513 = PCURVE('',#2414,#2514);
#2514 = DEFINITIONAL_REPRESENTATION('',(#2515),#2519);
#2515 = LINE('',#2516,#2517);
#2516 = CARTESIAN_POINT('',(-0.188258239127,1.258240189173E-03));
#2517 = VECTOR('',#2518,1.);
#2518 = DIRECTION('',(0.,-1.));
#2519 = ( GEOMETRIC_REPRESENTATION_CONTEXT(2) 
PARAMETRIC_REPRESENTATION_CONTEXT() REPRESENTATION_CONTEXT('2D SPACE',''
  ) );
#2520 = PCURVE('',#2521,#2526);
#2521 = PLANE('',#2522);
#2522 = AXIS2_PLACEMENT_3D('',#2523,#2524,#2525);
#2523 = CARTESIAN_POINT('',(0.122560843825,0.128860433562,
    -2.153386550531E-02));
#2524 = DIRECTION('',(1.,-4.756667776365E-29,-2.587579640003E-30));
#2525 = DIRECTION('',(4.756667776365E-29,1.,0.));
#2526 = DEFINITIONAL_REPRESENTATION('',(#2527),#2530);
#2527 = B_SPLINE_CURVE_WITH_KNOTS('',1,(#2528,#2529),.UNSPECIFIED.,.F.,
  .F.,(2,2),(0.,5.00001013279E-03),.PIECEWISE_BEZIER_KNOTS.);
#2528 = CARTESIAN_POINT('',(3.680775897061E-03,-2.131922913208E-02));
#2529 = CARTESIAN_POINT('',(-1.319234235728E-03,-2.131922913208E-02));
#2530 = ( GEOMETRIC_REPRESENTATION_CONTEXT(2) 
PARAMETRIC_REPRESENTATION_CONTEXT() REPRESENTATION_CONTEXT('2D SPACE',''
  ) );
#2531 = ORIENTED_EDGE('',*,*,#2391,.F.);
#2532 = ADVANCED_FACE('',(#2533),#2521,.T.);
#2533 = FACE_BOUND('',#2534,.T.);
#2534 = EDGE_LOOP('',(#2535,#2562,#2582));
#2535 = ORIENTED_EDGE('',*,*,#2536,.T.);
#2536 = EDGE_CURVE('',#2481,#2537,#2539,.T.);
#2537 = VERTEX_POINT('',#2538);
#2538 = CARTESIAN_POINT('',(0.122560843825,0.127541199327,
    2.1469052881E-03));
#2539 = SURFACE_CURVE('',#2540,(#2544,#2551),.PCURVE_S1.);
#2540 = LINE('',#2541,#2542);
#2541 = CARTESIAN_POINT('',(0.122560843825,0.132541209459,
    -4.285309463739E-02));
#2542 = VECTOR('',#2543,1.);
#2543 = DIRECTION('',(0.,-0.110431747322,0.993883710091));
#2544 = PCURVE('',#2521,#2545);
#2545 = DEFINITIONAL_REPRESENTATION('',(#2546),#2550);
#2546 = LINE('',#2547,#2548);
#2547 = CARTESIAN_POINT('',(3.680775897061E-03,-2.131922913208E-02));
#2548 = VECTOR('',#2549,1.);
#2549 = DIRECTION('',(-0.110431747322,0.993883710091));
#2550 = ( GEOMETRIC_REPRESENTATION_CONTEXT(2) 
PARAMETRIC_REPRESENTATION_CONTEXT() REPRESENTATION_CONTEXT('2D SPACE',''
  ) );
#2551 = PCURVE('',#2552,#2557);
#2552 = PLANE('',#2553);
#2553 = AXIS2_PLACEMENT_3D('',#2554,#2555,#2556);
#2554 = CARTESIAN_POINT('',(0.122560843825,0.131221975224,
    -1.917232384398E-02));
#2555 = DIRECTION('',(1.,-6.893915866548E-29,-3.817877275823E-30));
#2556 = DIRECTION('',(6.893915866548E-29,1.,0.));
#2557 = DEFINITIONAL_REPRESENTATION('',(#2558),#2561);
#2558 = B_SPLINE_CURVE_WITH_KNOTS('',1,(#2559,#2560),.UNSPECIFIED.,.F.,
  .F.,(2,2),(0.,4.527692673562E-02),.PIECEWISE_BEZIER_KNOTS.);
#2559 = CARTESIAN_POINT('',(1.319234235728E-03,-2.368077079341E-02));
#2560 = CARTESIAN_POINT('',(-3.680775897061E-03,2.131922913208E-02));
#2561 = ( GEOMETRIC_REPRESENTATION_CONTEXT(2) 
PARAMETRIC_REPRESENTATION_CONTEXT() REPRESENTATION_CONTEXT('2D SPACE',''
  ) );
#2562 = ORIENTED_EDGE('',*,*,#2563,.T.);
#2563 = EDGE_CURVE('',#2537,#2394,#2564,.T.);
#2564 = SURFACE_CURVE('',#2565,(#2569,#2576),.PCURVE_S1.);
#2565 = LINE('',#2566,#2567);
#2566 = CARTESIAN_POINT('',(0.122560843825,0.127541199327,
    2.1469052881E-03));
#2567 = VECTOR('',#2568,1.);
#2568 = DIRECTION('',(0.,0.,-1.));
#2569 = PCURVE('',#2521,#2570);
#2570 = DEFINITIONAL_REPRESENTATION('',(#2571),#2575);
#2571 = LINE('',#2572,#2573);
#2572 = CARTESIAN_POINT('',(-1.319234235728E-03,2.368077079341E-02));
#2573 = VECTOR('',#2574,1.);
#2574 = DIRECTION('',(0.,-1.));
#2575 = ( GEOMETRIC_REPRESENTATION_CONTEXT(2) 
PARAMETRIC_REPRESENTATION_CONTEXT() REPRESENTATION_CONTEXT('2D SPACE',''
  ) );
#2576 = PCURVE('',#2441,#2577);
#2577 = DEFINITIONAL_REPRESENTATION('',(#2578),#2581);
#2578 = B_SPLINE_CURVE_WITH_KNOTS('',1,(#2579,#2580),.UNSPECIFIED.,.F.,
  .F.,(2,2),(0.,4.499999992549E-02),.PIECEWISE_BEZIER_KNOTS.);
#2579 = CARTESIAN_POINT('',(-0.178915535175,-3.308445435628E-02));
#2580 = CARTESIAN_POINT('',(-0.178915535175,1.191554556921E-02));
#2581 = ( GEOMETRIC_REPRESENTATION_CONTEXT(2) 
PARAMETRIC_REPRESENTATION_CONTEXT() REPRESENTATION_CONTEXT('2D SPACE',''
  ) );
#2582 = ORIENTED_EDGE('',*,*,#2507,.F.);
#2583 = ADVANCED_FACE('',(#2584),#2552,.T.);
#2584 = FACE_BOUND('',#2585,.T.);
#2585 = EDGE_LOOP('',(#2586,#2613,#2638));
#2586 = ORIENTED_EDGE('',*,*,#2587,.T.);
#2587 = EDGE_CURVE('',#2481,#2588,#2590,.T.);
#2588 = VERTEX_POINT('',#2589);
#2589 = CARTESIAN_POINT('',(0.122560843825,0.132541209459,
    2.1469052881E-03));
#2590 = SURFACE_CURVE('',#2591,(#2595,#2602),.PCURVE_S1.);
#2591 = LINE('',#2592,#2593);
#2592 = CARTESIAN_POINT('',(0.122560843825,0.132541209459,
    -4.285309463739E-02));
#2593 = VECTOR('',#2594,1.);
#2594 = DIRECTION('',(0.,0.,1.));
#2595 = PCURVE('',#2552,#2596);
#2596 = DEFINITIONAL_REPRESENTATION('',(#2597),#2601);
#2597 = LINE('',#2598,#2599);
#2598 = CARTESIAN_POINT('',(1.319234235728E-03,-2.368077079341E-02));
#2599 = VECTOR('',#2600,1.);
#2600 = DIRECTION('',(0.,1.));
#2601 = ( GEOMETRIC_REPRESENTATION_CONTEXT(2) 
PARAMETRIC_REPRESENTATION_CONTEXT() REPRESENTATION_CONTEXT('2D SPACE',''
  ) );
#2602 = PCURVE('',#2603,#2608);
#2603 = PLANE('',#2604);
#2604 = AXIS2_PLACEMENT_3D('',#2605,#2606,#2607);
#2605 = CARTESIAN_POINT('',(-5.63546913954E-02,0.132541216494,
    -9.768626258416E-03));
#2606 = DIRECTION('',(3.931704870977E-08,1.,-8.189078403155E-23));
#2607 = DIRECTION('',(1.,-3.931704870977E-08,0.));
#2608 = DEFINITIONAL_REPRESENTATION('',(#2609),#2612);
#2609 = B_SPLINE_CURVE_WITH_KNOTS('',1,(#2610,#2611),.UNSPECIFIED.,.F.,
  .F.,(2,2),(0.,4.499999992549E-02),.PIECEWISE_BEZIER_KNOTS.);
#2610 = CARTESIAN_POINT('',(0.178915535221,3.308446837898E-02));
#2611 = CARTESIAN_POINT('',(0.178915535221,-1.191553154652E-02));
#2612 = ( GEOMETRIC_REPRESENTATION_CONTEXT(2) 
PARAMETRIC_REPRESENTATION_CONTEXT() REPRESENTATION_CONTEXT('2D SPACE',''
  ) );
#2613 = ORIENTED_EDGE('',*,*,#2614,.T.);
#2614 = EDGE_CURVE('',#2588,#2537,#2615,.T.);
#2615 = SURFACE_CURVE('',#2616,(#2620,#2627),.PCURVE_S1.);
#2616 = LINE('',#2617,#2618);
#2617 = CARTESIAN_POINT('',(0.122560843825,0.132541209459,
    2.1469052881E-03));
#2618 = VECTOR('',#2619,1.);
#2619 = DIRECTION('',(0.,-1.,0.));
#2620 = PCURVE('',#2552,#2621);
#2621 = DEFINITIONAL_REPRESENTATION('',(#2622),#2626);
#2622 = LINE('',#2623,#2624);
#2623 = CARTESIAN_POINT('',(1.319234235728E-03,2.131922913208E-02));
#2624 = VECTOR('',#2625,1.);
#2625 = DIRECTION('',(-1.,2.632012472833E-58));
#2626 = ( GEOMETRIC_REPRESENTATION_CONTEXT(2) 
PARAMETRIC_REPRESENTATION_CONTEXT() REPRESENTATION_CONTEXT('2D SPACE',''
  ) );
#2627 = PCURVE('',#2628,#2633);
#2628 = PLANE('',#2629);
#2629 = AXIS2_PLACEMENT_3D('',#2630,#2631,#2632);
#2630 = CARTESIAN_POINT('',(-6.569739530109E-02,0.128799454319,
    2.146912689859E-03));
#2631 = DIRECTION('',(3.931704870977E-08,-8.189088064428E-23,1.));
#2632 = DIRECTION('',(1.,7.006492321624E-46,-3.931704870977E-08));
#2633 = DEFINITIONAL_REPRESENTATION('',(#2634),#2637);
#2634 = B_SPLINE_CURVE_WITH_KNOTS('',1,(#2635,#2636),.UNSPECIFIED.,.F.,
  .F.,(2,2),(0.,5.00001013279E-03),.PIECEWISE_BEZIER_KNOTS.);
#2635 = CARTESIAN_POINT('',(0.188258239126,3.741755140739E-03));
#2636 = CARTESIAN_POINT('',(0.188258239126,-1.25825499205E-03));
#2637 = ( GEOMETRIC_REPRESENTATION_CONTEXT(2) 
PARAMETRIC_REPRESENTATION_CONTEXT() REPRESENTATION_CONTEXT('2D SPACE',''
  ) );
#2638 = ORIENTED_EDGE('',*,*,#2536,.F.);
#2639 = ADVANCED_FACE('',(#2640),#2628,.T.);
#2640 = FACE_BOUND('',#2641,.T.);
#2641 = EDGE_LOOP('',(#2642,#2669,#2694));
#2642 = ORIENTED_EDGE('',*,*,#2643,.T.);
#2643 = EDGE_CURVE('',#2588,#2644,#2646,.T.);
#2644 = VERTEX_POINT('',#2645);
#2645 = CARTESIAN_POINT('',(-0.25643914938,0.127541214228,
    2.146920189261E-03));
#2646 = SURFACE_CURVE('',#2647,(#2651,#2658),.PCURVE_S1.);
#2647 = LINE('',#2648,#2649);
#2648 = CARTESIAN_POINT('',(0.122560843825,0.132541209459,
    2.1469052881E-03));
#2649 = VECTOR('',#2650,1.);
#2650 = DIRECTION('',(-0.999912989013,-1.319145189114E-02,
    3.931362769456E-08));
#2651 = PCURVE('',#2628,#2652);
#2652 = DEFINITIONAL_REPRESENTATION('',(#2653),#2657);
#2653 = LINE('',#2654,#2655);
#2654 = CARTESIAN_POINT('',(0.188258239126,3.741755140739E-03));
#2655 = VECTOR('',#2656,1.);
#2656 = DIRECTION('',(-0.999912989013,-1.319145189114E-02));
#2657 = ( GEOMETRIC_REPRESENTATION_CONTEXT(2) 
PARAMETRIC_REPRESENTATION_CONTEXT() REPRESENTATION_CONTEXT('2D SPACE',''
  ) );
#2658 = PCURVE('',#2659,#2664);
#2659 = PLANE('',#2660);
#2660 = AXIS2_PLACEMENT_3D('',#2661,#2662,#2663);
#2661 = CARTESIAN_POINT('',(-6.81809102533E-02,0.131282969368,
    2.146912787503E-03));
#2662 = DIRECTION('',(3.931704870977E-08,-5.922096198012E-22,1.));
#2663 = DIRECTION('',(1.,0.,-3.931704870977E-08));
#2664 = DEFINITIONAL_REPRESENTATION('',(#2665),#2668);
#2665 = B_SPLINE_CURVE_WITH_KNOTS('',1,(#2666,#2667),.UNSPECIFIED.,.F.,
  .F.,(2,2),(0.,0.379032973238),.PIECEWISE_BEZIER_KNOTS.);
#2666 = CARTESIAN_POINT('',(0.190741754079,1.258240090889E-03));
#2667 = CARTESIAN_POINT('',(-0.188258239126,-3.741755140739E-03));
#2668 = ( GEOMETRIC_REPRESENTATION_CONTEXT(2) 
PARAMETRIC_REPRESENTATION_CONTEXT() REPRESENTATION_CONTEXT('2D SPACE',''
  ) );
#2669 = ORIENTED_EDGE('',*,*,#2670,.T.);
#2670 = EDGE_CURVE('',#2644,#2537,#2671,.T.);
#2671 = SURFACE_CURVE('',#2672,(#2676,#2683),.PCURVE_S1.);
#2672 = LINE('',#2673,#2674);
#2673 = CARTESIAN_POINT('',(-0.25643914938,0.127541214228,
    2.146920189261E-03));
#2674 = VECTOR('',#2675,1.);
#2675 = DIRECTION('',(1.,-3.931704870977E-08,-3.931704870977E-08));
#2676 = PCURVE('',#2628,#2677);
#2677 = DEFINITIONAL_REPRESENTATION('',(#2678),#2682);
#2678 = LINE('',#2679,#2680);
#2679 = CARTESIAN_POINT('',(-0.190741754079,-1.258240090889E-03));
#2680 = VECTOR('',#2681,1.);
#2681 = DIRECTION('',(1.,-3.931704870977E-08));
#2682 = ( GEOMETRIC_REPRESENTATION_CONTEXT(2) 
PARAMETRIC_REPRESENTATION_CONTEXT() REPRESENTATION_CONTEXT('2D SPACE',''
  ) );
#2683 = PCURVE('',#2684,#2689);
#2684 = PLANE('',#2685);
#2685 = AXIS2_PLACEMENT_3D('',#2686,#2687,#2688);
#2686 = CARTESIAN_POINT('',(-7.752361420516E-02,0.127541207193,
    -9.768625379953E-03));
#2687 = DIRECTION('',(-3.931704870977E-08,-1.,-1.075325135237E-23));
#2688 = DIRECTION('',(-1.,3.931704870977E-08,0.));
#2689 = DEFINITIONAL_REPRESENTATION('',(#2690),#2693);
#2690 = B_SPLINE_CURVE_WITH_KNOTS('',1,(#2691,#2692),.UNSPECIFIED.,.F.,
  .F.,(2,2),(0.,0.378999993205),.PIECEWISE_BEZIER_KNOTS.);
#2691 = CARTESIAN_POINT('',(0.178915535175,-1.191554556921E-02));
#2692 = CARTESIAN_POINT('',(-0.20008445803,-1.191553066805E-02));
#2693 = ( GEOMETRIC_REPRESENTATION_CONTEXT(2) 
PARAMETRIC_REPRESENTATION_CONTEXT() REPRESENTATION_CONTEXT('2D SPACE',''
  ) );
#2694 = ORIENTED_EDGE('',*,*,#2614,.F.);
#2695 = ADVANCED_FACE('',(#2696),#2659,.T.);
#2696 = FACE_BOUND('',#2697,.T.);
#2697 = EDGE_LOOP('',(#2698,#2720,#2745));
#2698 = ORIENTED_EDGE('',*,*,#2699,.T.);
#2699 = EDGE_CURVE('',#2588,#2700,#2702,.T.);
#2700 = VERTEX_POINT('',#2701);
#2701 = CARTESIAN_POINT('',(-0.25643914938,0.13254122436,
    2.146920189261E-03));
#2702 = SURFACE_CURVE('',#2703,(#2707,#2714),.PCURVE_S1.);
#2703 = LINE('',#2704,#2705);
#2704 = CARTESIAN_POINT('',(0.122560843825,0.132541209459,
    2.1469052881E-03));
#2705 = VECTOR('',#2706,1.);
#2706 = DIRECTION('',(-1.,3.931704870977E-08,3.931704870977E-08));
#2707 = PCURVE('',#2659,#2708);
#2708 = DEFINITIONAL_REPRESENTATION('',(#2709),#2713);
#2709 = LINE('',#2710,#2711);
#2710 = CARTESIAN_POINT('',(0.190741754079,1.258240090889E-03));
#2711 = VECTOR('',#2712,1.);
#2712 = DIRECTION('',(-1.,3.931704870977E-08));
#2713 = ( GEOMETRIC_REPRESENTATION_CONTEXT(2) 
PARAMETRIC_REPRESENTATION_CONTEXT() REPRESENTATION_CONTEXT('2D SPACE',''
  ) );
#2714 = PCURVE('',#2603,#2715);
#2715 = DEFINITIONAL_REPRESENTATION('',(#2716),#2719);
#2716 = B_SPLINE_CURVE_WITH_KNOTS('',1,(#2717,#2718),.UNSPECIFIED.,.F.,
  .F.,(2,2),(0.,0.378999993205),.PIECEWISE_BEZIER_KNOTS.);
#2717 = CARTESIAN_POINT('',(0.178915535221,-1.191553154652E-02));
#2718 = CARTESIAN_POINT('',(-0.200084457984,-1.191554644768E-02));
#2719 = ( GEOMETRIC_REPRESENTATION_CONTEXT(2) 
PARAMETRIC_REPRESENTATION_CONTEXT() REPRESENTATION_CONTEXT('2D SPACE',''
  ) );
#2720 = ORIENTED_EDGE('',*,*,#2721,.T.);
#2721 = EDGE_CURVE('',#2700,#2644,#2722,.T.);
#2722 = SURFACE_CURVE('',#2723,(#2727,#2734),.PCURVE_S1.);
#2723 = LINE('',#2724,#2725);
#2724 = CARTESIAN_POINT('',(-0.25643914938,0.13254122436,
    2.146920189261E-03));
#2725 = VECTOR('',#2726,1.);
#2726 = DIRECTION('',(0.,-1.,0.));
#2727 = PCURVE('',#2659,#2728);
#2728 = DEFINITIONAL_REPRESENTATION('',(#2729),#2733);
#2729 = LINE('',#2730,#2731);
#2730 = CARTESIAN_POINT('',(-0.188258239126,1.25825499205E-03));
#2731 = VECTOR('',#2732,1.);
#2732 = DIRECTION('',(0.,-1.));
#2733 = ( GEOMETRIC_REPRESENTATION_CONTEXT(2) 
PARAMETRIC_REPRESENTATION_CONTEXT() REPRESENTATION_CONTEXT('2D SPACE',''
  ) );
#2734 = PCURVE('',#2735,#2740);
#2735 = PLANE('',#2736);
#2736 = AXIS2_PLACEMENT_3D('',#2737,#2738,#2739);
#2737 = CARTESIAN_POINT('',(-0.25643914938,0.128860448463,
    -1.917230894282E-02));
#2738 = DIRECTION('',(-1.,-0.,-0.));
#2739 = DIRECTION('',(0.,0.,-1.));
#2740 = DEFINITIONAL_REPRESENTATION('',(#2741),#2744);
#2741 = B_SPLINE_CURVE_WITH_KNOTS('',1,(#2742,#2743),.UNSPECIFIED.,.F.,
  .F.,(2,2),(0.,5.00001013279E-03),.PIECEWISE_BEZIER_KNOTS.);
#2742 = CARTESIAN_POINT('',(-2.131922913208E-02,-3.680775897061E-03));
#2743 = CARTESIAN_POINT('',(-2.131922913208E-02,1.319234235728E-03));
#2744 = ( GEOMETRIC_REPRESENTATION_CONTEXT(2) 
PARAMETRIC_REPRESENTATION_CONTEXT() REPRESENTATION_CONTEXT('2D SPACE',''
  ) );
#2745 = ORIENTED_EDGE('',*,*,#2643,.F.);
#2746 = ADVANCED_FACE('',(#2747),#2735,.T.);
#2747 = FACE_BOUND('',#2748,.T.);
#2748 = EDGE_LOOP('',(#2749,#2769,#2789));
#2749 = ORIENTED_EDGE('',*,*,#2750,.T.);
#2750 = EDGE_CURVE('',#2700,#2426,#2751,.T.);
#2751 = SURFACE_CURVE('',#2752,(#2756,#2763),.PCURVE_S1.);
#2752 = LINE('',#2753,#2754);
#2753 = CARTESIAN_POINT('',(-0.25643914938,0.13254122436,
    2.146920189261E-03));
#2754 = VECTOR('',#2755,1.);
#2755 = DIRECTION('',(0.,-0.110431747322,-0.993883710091));
#2756 = PCURVE('',#2735,#2757);
#2757 = DEFINITIONAL_REPRESENTATION('',(#2758),#2762);
#2758 = LINE('',#2759,#2760);
#2759 = CARTESIAN_POINT('',(-2.131922913208E-02,-3.680775897061E-03));
#2760 = VECTOR('',#2761,1.);
#2761 = DIRECTION('',(0.993883710091,0.110431747322));
#2762 = ( GEOMETRIC_REPRESENTATION_CONTEXT(2) 
PARAMETRIC_REPRESENTATION_CONTEXT() REPRESENTATION_CONTEXT('2D SPACE',''
  ) );
#2763 = PCURVE('',#2466,#2764);
#2764 = DEFINITIONAL_REPRESENTATION('',(#2765),#2768);
#2765 = B_SPLINE_CURVE_WITH_KNOTS('',1,(#2766,#2767),.UNSPECIFIED.,.F.,
  .F.,(2,2),(0.,4.527692673562E-02),.PIECEWISE_BEZIER_KNOTS.);
#2766 = CARTESIAN_POINT('',(-2.368077079341E-02,-1.319234235728E-03));
#2767 = CARTESIAN_POINT('',(2.131922913208E-02,3.680775897061E-03));
#2768 = ( GEOMETRIC_REPRESENTATION_CONTEXT(2) 
PARAMETRIC_REPRESENTATION_CONTEXT() REPRESENTATION_CONTEXT('2D SPACE',''
  ) );
#2769 = ORIENTED_EDGE('',*,*,#2770,.T.);
#2770 = EDGE_CURVE('',#2426,#2644,#2771,.T.);
#2771 = SURFACE_CURVE('',#2772,(#2776,#2783),.PCURVE_S1.);
#2772 = LINE('',#2773,#2774);
#2773 = CARTESIAN_POINT('',(-0.25643914938,0.127541214228,
    -4.285307973623E-02));
#2774 = VECTOR('',#2775,1.);
#2775 = DIRECTION('',(0.,0.,1.));
#2776 = PCURVE('',#2735,#2777);
#2777 = DEFINITIONAL_REPRESENTATION('',(#2778),#2782);
#2778 = LINE('',#2779,#2780);
#2779 = CARTESIAN_POINT('',(2.368077079341E-02,1.319234235728E-03));
#2780 = VECTOR('',#2781,1.);
#2781 = DIRECTION('',(-1.,0.));
#2782 = ( GEOMETRIC_REPRESENTATION_CONTEXT(2) 
PARAMETRIC_REPRESENTATION_CONTEXT() REPRESENTATION_CONTEXT('2D SPACE',''
  ) );
#2783 = PCURVE('',#2684,#2784);
#2784 = DEFINITIONAL_REPRESENTATION('',(#2785),#2788);
#2785 = B_SPLINE_CURVE_WITH_KNOTS('',1,(#2786,#2787),.UNSPECIFIED.,.F.,
  .F.,(2,2),(0.,4.499999992549E-02),.PIECEWISE_BEZIER_KNOTS.);
#2786 = CARTESIAN_POINT('',(0.178915535175,3.308445435628E-02));
#2787 = CARTESIAN_POINT('',(0.178915535175,-1.191554556921E-02));
#2788 = ( GEOMETRIC_REPRESENTATION_CONTEXT(2) 
PARAMETRIC_REPRESENTATION_CONTEXT() REPRESENTATION_CONTEXT('2D SPACE',''
  ) );
#2789 = ORIENTED_EDGE('',*,*,#2721,.F.);
#2790 = ADVANCED_FACE('',(#2791),#2466,.T.);
#2791 = FACE_BOUND('',#2792,.T.);
#2792 = EDGE_LOOP('',(#2793,#2813,#2814));
#2793 = ORIENTED_EDGE('',*,*,#2794,.T.);
#2794 = EDGE_CURVE('',#2700,#2392,#2795,.T.);
#2795 = SURFACE_CURVE('',#2796,(#2800,#2807),.PCURVE_S1.);
#2796 = LINE('',#2797,#2798);
#2797 = CARTESIAN_POINT('',(-0.25643914938,0.13254122436,
    2.146920189261E-03));
#2798 = VECTOR('',#2799,1.);
#2799 = DIRECTION('',(0.,0.,-1.));
#2800 = PCURVE('',#2466,#2801);
#2801 = DEFINITIONAL_REPRESENTATION('',(#2802),#2806);
#2802 = LINE('',#2803,#2804);
#2803 = CARTESIAN_POINT('',(-2.368077079341E-02,-1.319234235728E-03));
#2804 = VECTOR('',#2805,1.);
#2805 = DIRECTION('',(1.,0.));
#2806 = ( GEOMETRIC_REPRESENTATION_CONTEXT(2) 
PARAMETRIC_REPRESENTATION_CONTEXT() REPRESENTATION_CONTEXT('2D SPACE',''
  ) );
#2807 = PCURVE('',#2496,#2808);
#2808 = DEFINITIONAL_REPRESENTATION('',(#2809),#2812);
#2809 = B_SPLINE_CURVE_WITH_KNOTS('',1,(#2810,#2811),.UNSPECIFIED.,.F.,
  .F.,(2,2),(0.,4.499999992549E-02),.PIECEWISE_BEZIER_KNOTS.);
#2810 = CARTESIAN_POINT('',(-0.178915535221,-3.308446837898E-02));
#2811 = CARTESIAN_POINT('',(-0.178915535221,1.191553154652E-02));
#2812 = ( GEOMETRIC_REPRESENTATION_CONTEXT(2) 
PARAMETRIC_REPRESENTATION_CONTEXT() REPRESENTATION_CONTEXT('2D SPACE',''
  ) );
#2813 = ORIENTED_EDGE('',*,*,#2452,.F.);
#2814 = ORIENTED_EDGE('',*,*,#2750,.F.);
#2815 = ADVANCED_FACE('',(#2816),#2603,.T.);
#2816 = FACE_BOUND('',#2817,.T.);
#2817 = EDGE_LOOP('',(#2818,#2838,#2839));
#2818 = ORIENTED_EDGE('',*,*,#2819,.T.);
#2819 = EDGE_CURVE('',#2481,#2700,#2820,.T.);
#2820 = SURFACE_CURVE('',#2821,(#2825,#2832),.PCURVE_S1.);
#2821 = LINE('',#2822,#2823);
#2822 = CARTESIAN_POINT('',(0.122560843825,0.132541209459,
    -4.285309463739E-02));
#2823 = VECTOR('',#2824,1.);
#2824 = DIRECTION('',(-0.993024836055,3.904280584917E-08,0.117905364504)
  );
#2825 = PCURVE('',#2603,#2826);
#2826 = DEFINITIONAL_REPRESENTATION('',(#2827),#2831);
#2827 = LINE('',#2828,#2829);
#2828 = CARTESIAN_POINT('',(0.178915535221,3.308446837898E-02));
#2829 = VECTOR('',#2830,1.);
#2830 = DIRECTION('',(-0.993024836055,-0.117905364504));
#2831 = ( GEOMETRIC_REPRESENTATION_CONTEXT(2) 
PARAMETRIC_REPRESENTATION_CONTEXT() REPRESENTATION_CONTEXT('2D SPACE',''
  ) );
#2832 = PCURVE('',#2496,#2833);
#2833 = DEFINITIONAL_REPRESENTATION('',(#2834),#2837);
#2834 = B_SPLINE_CURVE_WITH_KNOTS('',1,(#2835,#2836),.UNSPECIFIED.,.F.,
  .F.,(2,2),(0.,0.381662149268),.PIECEWISE_BEZIER_KNOTS.);
#2835 = CARTESIAN_POINT('',(0.200084457984,1.191554644768E-02));
#2836 = CARTESIAN_POINT('',(-0.178915535221,-3.308446837898E-02));
#2837 = ( GEOMETRIC_REPRESENTATION_CONTEXT(2) 
PARAMETRIC_REPRESENTATION_CONTEXT() REPRESENTATION_CONTEXT('2D SPACE',''
  ) );
#2838 = ORIENTED_EDGE('',*,*,#2699,.F.);
#2839 = ORIENTED_EDGE('',*,*,#2587,.F.);
#2840 = ADVANCED_FACE('',(#2841),#2496,.T.);
#2841 = FACE_BOUND('',#2842,.T.);
#2842 = EDGE_LOOP('',(#2843,#2844,#2845));
#2843 = ORIENTED_EDGE('',*,*,#2480,.F.);
#2844 = ORIENTED_EDGE('',*,*,#2794,.F.);
#2845 = ORIENTED_EDGE('',*,*,#2819,.F.);
#2846 = ADVANCED_FACE('',(#2847),#2441,.T.);
#2847 = FACE_BOUND('',#2848,.T.);
#2848 = EDGE_LOOP('',(#2849,#2869,#2870));
#2849 = ORIENTED_EDGE('',*,*,#2850,.T.);
#2850 = EDGE_CURVE('',#2537,#2426,#2851,.T.);
#2851 = SURFACE_CURVE('',#2852,(#2856,#2863),.PCURVE_S1.);
#2852 = LINE('',#2853,#2854);
#2853 = CARTESIAN_POINT('',(0.122560843825,0.127541199327,
    2.1469052881E-03));
#2854 = VECTOR('',#2855,1.);
#2855 = DIRECTION('',(-0.993024845197,3.904280620863E-08,-0.117905287503
    ));
#2856 = PCURVE('',#2441,#2857);
#2857 = DEFINITIONAL_REPRESENTATION('',(#2858),#2862);
#2858 = LINE('',#2859,#2860);
#2859 = CARTESIAN_POINT('',(-0.178915535175,-3.308445435628E-02));
#2860 = VECTOR('',#2861,1.);
#2861 = DIRECTION('',(0.993024845197,0.117905287503));
#2862 = ( GEOMETRIC_REPRESENTATION_CONTEXT(2) 
PARAMETRIC_REPRESENTATION_CONTEXT() REPRESENTATION_CONTEXT('2D SPACE',''
  ) );
#2863 = PCURVE('',#2684,#2864);
#2864 = DEFINITIONAL_REPRESENTATION('',(#2865),#2868);
#2865 = B_SPLINE_CURVE_WITH_KNOTS('',1,(#2866,#2867),.UNSPECIFIED.,.F.,
  .F.,(2,2),(0.,0.381662145754),.PIECEWISE_BEZIER_KNOTS.);
#2866 = CARTESIAN_POINT('',(-0.20008445803,-1.191553066805E-02));
#2867 = CARTESIAN_POINT('',(0.178915535175,3.308445435628E-02));
#2868 = ( GEOMETRIC_REPRESENTATION_CONTEXT(2) 
PARAMETRIC_REPRESENTATION_CONTEXT() REPRESENTATION_CONTEXT('2D SPACE',''
  ) );
#2869 = ORIENTED_EDGE('',*,*,#2425,.F.);
#2870 = ORIENTED_EDGE('',*,*,#2563,.F.);
#2871 = ADVANCED_FACE('',(#2872),#2684,.T.);
#2872 = FACE_BOUND('',#2873,.T.);
#2873 = EDGE_LOOP('',(#2874,#2875,#2876));
#2874 = ORIENTED_EDGE('',*,*,#2670,.F.);
#2875 = ORIENTED_EDGE('',*,*,#2770,.F.);
#2876 = ORIENTED_EDGE('',*,*,#2850,.F.);
#2877 = ( GEOMETRIC_REPRESENTATION_CONTEXT(3) 
GLOBAL_UNCERTAINTY_ASSIGNED_CONTEXT((#2881)) 
GLOBAL_UNIT_ASSIGNED_CONTEXT((#2878,#2879,#2880)) REPRESENTATION_CONTEXT
('Context #1','3D Context with UNIT and UNCERTAINTY') );
#2878 = ( LENGTH_UNIT() NAMED_UNIT(*) SI_UNIT(.MILLI.,.METRE.) );
#2879 = ( NAMED_UNIT(*) PLANE_ANGLE_UNIT() SI_UNIT($,.RADIAN.) );
#2880 = ( NAMED_UNIT(*) SI_UNIT($,.STERADIAN.) SOLID_ANGLE_UNIT() );
#2881 = UNCERTAINTY_MEASURE_WITH_UNIT(LENGTH_MEASURE(1.E-07),#2878,
  'distance_accuracy_value','confusion accuracy');
#2882 = SHAPE_DEFINITION_REPRESENTATION(#2883,#2384);
#2883 = PRODUCT_DEFINITION_SHAPE('','',#2884);
#2884 = PRODUCT_DEFINITION('design','',#2885,#2888);
#2885 = PRODUCT_DEFINITION_FORMATION('','',#2886);
#2886 = PRODUCT(' STEP translator 7.5 1.4',
  ' STEP translator 7.5 1.4','',(#2887));
#2887 = PRODUCT_CONTEXT('',#2,'mechanical');
#2888 = PRODUCT_DEFINITION_CONTEXT('part definition',#2,'design');
#2889 = CONTEXT_DEPENDENT_SHAPE_REPRESENTATION(#2890,#2892);
#2890 = ( REPRESENTATION_RELATIONSHIP('','',#2384,#10) 
REPRESENTATION_RELATIONSHIP_WITH_TRANSFORMATION(#2891) 
SHAPE_REPRESENTATION_RELATIONSHIP() );
#2891 = ITEM_DEFINED_TRANSFORMATION('','',#11,#27);
#2892 = PRODUCT_DEFINITION_SHAPE('Placement','Placement of an item',
  #2893);
#2893 = NEXT_ASSEMBLY_USAGE_OCCURRENCE('4','','',#5,#2884,$);
#2894 = PRODUCT_RELATED_PRODUCT_CATEGORY('part',$,(#2886));
#2895 = MANIFOLD_SURFACE_SHAPE_REPRESENTATION('',(#11,#2896),#4194);
#2896 = SHELL_BASED_SURFACE_MODEL('',(#2897));
#2897 = CLOSED_SHELL('',(#2898,#2987,#3043,#3099,#3150,#3201,#3257,#3306
    ,#3336,#3366,#3417,#3473,#3524,#3580,#3610,#3635,#3665,#3716,#3772,
    #3828,#3853,#3883,#3939,#3964,#3994,#4038,#4063,#4107,#4113,#4157,
    #4163,#4188));
#2898 = ADVANCED_FACE('',(#2899),#2913,.T.);
#2899 = FACE_BOUND('',#2900,.T.);
#2900 = EDGE_LOOP('',(#2901,#2935,#2962));
#2901 = ORIENTED_EDGE('',*,*,#2902,.T.);
#2902 = EDGE_CURVE('',#2903,#2905,#2907,.T.);
#2903 = VERTEX_POINT('',#2904);
#2904 = CARTESIAN_POINT('',(-0.25643914938,-0.118333719671,
    -4.285307973623E-02));
#2905 = VERTEX_POINT('',#2906);
#2906 = CARTESIAN_POINT('',(0.122560843825,-0.123333729804,
    -4.285309463739E-02));
#2907 = SURFACE_CURVE('',#2908,(#2912,#2924),.PCURVE_S1.);
#2908 = LINE('',#2909,#2910);
#2909 = CARTESIAN_POINT('',(-0.25643914938,-0.118333719671,
    -4.285307973623E-02));
#2910 = VECTOR('',#2911,1.);
#2911 = DIRECTION('',(0.999912988494,-1.319149119793E-02,
    -3.931362767417E-08));
#2912 = PCURVE('',#2913,#2918);
#2913 = PLANE('',#2914);
#2914 = AXIS2_PLACEMENT_3D('',#2915,#2916,#2917);
#2915 = CARTESIAN_POINT('',(-6.818090657651E-02,-0.122075478488,
    -4.285308713799E-02));
#2916 = DIRECTION('',(-3.931704870977E-08,-1.025859055932E-21,-1.));
#2917 = DIRECTION('',(-1.,5.605193857299E-45,3.931704870977E-08));
#2918 = DEFINITIONAL_REPRESENTATION('',(#2919),#2923);
#2919 = LINE('',#2920,#2921);
#2920 = CARTESIAN_POINT('',(0.188258242803,3.741758816888E-03));
#2921 = VECTOR('',#2922,1.);
#2922 = DIRECTION('',(-0.999912988494,-1.319149119793E-02));
#2923 = ( GEOMETRIC_REPRESENTATION_CONTEXT(2) 
PARAMETRIC_REPRESENTATION_CONTEXT() REPRESENTATION_CONTEXT('2D SPACE',''
  ) );
#2924 = PCURVE('',#2925,#2930);
#2925 = PLANE('',#2926);
#2926 = AXIS2_PLACEMENT_3D('',#2927,#2928,#2929);
#2927 = CARTESIAN_POINT('',(-6.569739897788E-02,-0.119591970987,
    -4.285308723564E-02));
#2928 = DIRECTION('',(-3.931704870977E-08,-5.154369191986E-22,-1.));
#2929 = DIRECTION('',(-1.,2.80259692865E-45,3.931704870977E-08));
#2930 = DEFINITIONAL_REPRESENTATION('',(#2931),#2934);
#2931 = B_SPLINE_CURVE_WITH_KNOTS('',1,(#2932,#2933),.UNSPECIFIED.,.F.,
  .F.,(2,2),(0.,0.379032973435),.PIECEWISE_BEZIER_KNOTS.);
#2932 = CARTESIAN_POINT('',(0.190741750402,1.258251315902E-03));
#2933 = CARTESIAN_POINT('',(-0.188258242803,-3.741758816888E-03));
#2934 = ( GEOMETRIC_REPRESENTATION_CONTEXT(2) 
PARAMETRIC_REPRESENTATION_CONTEXT() REPRESENTATION_CONTEXT('2D SPACE',''
  ) );
#2935 = ORIENTED_EDGE('',*,*,#2936,.T.);
#2936 = EDGE_CURVE('',#2905,#2937,#2939,.T.);
#2937 = VERTEX_POINT('',#2938);
#2938 = CARTESIAN_POINT('',(-0.25643914938,-0.123333714902,
    -4.285307973623E-02));
#2939 = SURFACE_CURVE('',#2940,(#2944,#2951),.PCURVE_S1.);
#2940 = LINE('',#2941,#2942);
#2941 = CARTESIAN_POINT('',(0.122560843825,-0.123333729804,
    -4.285309463739E-02));
#2942 = VECTOR('',#2943,1.);
#2943 = DIRECTION('',(-1.,3.931704870977E-08,3.931704870977E-08));
#2944 = PCURVE('',#2913,#2945);
#2945 = DEFINITIONAL_REPRESENTATION('',(#2946),#2950);
#2946 = LINE('',#2947,#2948);
#2947 = CARTESIAN_POINT('',(-0.190741750402,-1.258251315902E-03));
#2948 = VECTOR('',#2949,1.);
#2949 = DIRECTION('',(1.,3.931704870977E-08));
#2950 = ( GEOMETRIC_REPRESENTATION_CONTEXT(2) 
PARAMETRIC_REPRESENTATION_CONTEXT() REPRESENTATION_CONTEXT('2D SPACE',''
  ) );
#2951 = PCURVE('',#2952,#2957);
#2952 = PLANE('',#2953);
#2953 = AXIS2_PLACEMENT_3D('',#2954,#2955,#2956);
#2954 = CARTESIAN_POINT('',(-6.746110778939E-02,-0.123333723577,
    -3.822456934958E-02));
#2955 = DIRECTION('',(-3.931705928107E-08,-1.,-2.688732104407E-07));
#2956 = DIRECTION('',(1.577721810442E-30,2.688732104407E-07,-1.));
#2957 = DEFINITIONAL_REPRESENTATION('',(#2958),#2961);
#2958 = B_SPLINE_CURVE_WITH_KNOTS('',1,(#2959,#2960),.UNSPECIFIED.,.F.,
  .F.,(2,2),(0.,0.378999993205),.PIECEWISE_BEZIER_KNOTS.);
#2959 = CARTESIAN_POINT('',(4.628525287816E-03,0.190021951615));
#2960 = CARTESIAN_POINT('',(4.628510386659E-03,-0.18897804159));
#2961 = ( GEOMETRIC_REPRESENTATION_CONTEXT(2) 
PARAMETRIC_REPRESENTATION_CONTEXT() REPRESENTATION_CONTEXT('2D SPACE',''
  ) );
#2962 = ORIENTED_EDGE('',*,*,#2963,.T.);
#2963 = EDGE_CURVE('',#2937,#2903,#2964,.T.);
#2964 = SURFACE_CURVE('',#2965,(#2969,#2976),.PCURVE_S1.);
#2965 = LINE('',#2966,#2967);
#2966 = CARTESIAN_POINT('',(-0.25643914938,-0.123333714902,
    -4.285307973623E-02));
#2967 = VECTOR('',#2968,1.);
#2968 = DIRECTION('',(0.,1.,0.));
#2969 = PCURVE('',#2913,#2970);
#2970 = DEFINITIONAL_REPRESENTATION('',(#2971),#2975);
#2971 = LINE('',#2972,#2973);
#2972 = CARTESIAN_POINT('',(0.188258242803,-1.258236414741E-03));
#2973 = VECTOR('',#2974,1.);
#2974 = DIRECTION('',(0.,1.));
#2975 = ( GEOMETRIC_REPRESENTATION_CONTEXT(2) 
PARAMETRIC_REPRESENTATION_CONTEXT() REPRESENTATION_CONTEXT('2D SPACE',''
  ) );
#2976 = PCURVE('',#2977,#2982);
#2977 = PLANE('',#2978);
#2978 = AXIS2_PLACEMENT_3D('',#2979,#2980,#2981);
#2979 = CARTESIAN_POINT('',(-0.25643914938,-0.11965294977,
    -2.153384729025E-02));
#2980 = DIRECTION('',(-1.,-0.,-0.));
#2981 = DIRECTION('',(0.,0.,-1.));
#2982 = DEFINITIONAL_REPRESENTATION('',(#2983),#2986);
#2983 = B_SPLINE_CURVE_WITH_KNOTS('',1,(#2984,#2985),.UNSPECIFIED.,.F.,
  .F.,(2,2),(0.,4.999995231628E-03),.PIECEWISE_BEZIER_KNOTS.);
#2984 = CARTESIAN_POINT('',(2.131923244598E-02,3.68076513258E-03));
#2985 = CARTESIAN_POINT('',(2.131923244598E-02,-1.319230099048E-03));
#2986 = ( GEOMETRIC_REPRESENTATION_CONTEXT(2) 
PARAMETRIC_REPRESENTATION_CONTEXT() REPRESENTATION_CONTEXT('2D SPACE',''
  ) );
#2987 = ADVANCED_FACE('',(#2988),#2925,.T.);
#2988 = FACE_BOUND('',#2989,.T.);
#2989 = EDGE_LOOP('',(#2990,#3017,#3042));
#2990 = ORIENTED_EDGE('',*,*,#2991,.T.);
#2991 = EDGE_CURVE('',#2903,#2992,#2994,.T.);
#2992 = VERTEX_POINT('',#2993);
#2993 = CARTESIAN_POINT('',(0.122560843825,-0.118333734572,
    -4.285309463739E-02));
#2994 = SURFACE_CURVE('',#2995,(#2999,#3006),.PCURVE_S1.);
#2995 = LINE('',#2996,#2997);
#2996 = CARTESIAN_POINT('',(-0.25643914938,-0.118333719671,
    -4.285307973623E-02));
#2997 = VECTOR('',#2998,1.);
#2998 = DIRECTION('',(1.,-3.931704870977E-08,-3.931704870977E-08));
#2999 = PCURVE('',#2925,#3000);
#3000 = DEFINITIONAL_REPRESENTATION('',(#3001),#3005);
#3001 = LINE('',#3002,#3003);
#3002 = CARTESIAN_POINT('',(0.190741750402,1.258251315902E-03));
#3003 = VECTOR('',#3004,1.);
#3004 = DIRECTION('',(-1.,-3.931704870977E-08));
#3005 = ( GEOMETRIC_REPRESENTATION_CONTEXT(2) 
PARAMETRIC_REPRESENTATION_CONTEXT() REPRESENTATION_CONTEXT('2D SPACE',''
  ) );
#3006 = PCURVE('',#3007,#3012);
#3007 = PLANE('',#3008);
#3008 = AXIS2_PLACEMENT_3D('',#3009,#3010,#3011);
#3009 = CARTESIAN_POINT('',(-5.635469134923E-02,-0.118333727538,
    -3.093754906818E-02));
#3010 = DIRECTION('',(3.931704870977E-08,1.,5.748895596162E-23));
#3011 = DIRECTION('',(1.,-3.931704870977E-08,3.503246160812E-46));
#3012 = DEFINITIONAL_REPRESENTATION('',(#3013),#3016);
#3013 = B_SPLINE_CURVE_WITH_KNOTS('',1,(#3014,#3015),.UNSPECIFIED.,.F.,
  .F.,(2,2),(0.,0.378999993205),.PIECEWISE_BEZIER_KNOTS.);
#3014 = CARTESIAN_POINT('',(-0.20008445803,1.191553066805E-02));
#3015 = CARTESIAN_POINT('',(0.178915535175,1.191554556921E-02));
#3016 = ( GEOMETRIC_REPRESENTATION_CONTEXT(2) 
PARAMETRIC_REPRESENTATION_CONTEXT() REPRESENTATION_CONTEXT('2D SPACE',''
  ) );
#3017 = ORIENTED_EDGE('',*,*,#3018,.T.);
#3018 = EDGE_CURVE('',#2992,#2905,#3019,.T.);
#3019 = SURFACE_CURVE('',#3020,(#3024,#3031),.PCURVE_S1.);
#3020 = LINE('',#3021,#3022);
#3021 = CARTESIAN_POINT('',(0.122560843825,-0.118333734572,
    -4.285309463739E-02));
#3022 = VECTOR('',#3023,1.);
#3023 = DIRECTION('',(0.,-1.,0.));
#3024 = PCURVE('',#2925,#3025);
#3025 = DEFINITIONAL_REPRESENTATION('',(#3026),#3030);
#3026 = LINE('',#3027,#3028);
#3027 = CARTESIAN_POINT('',(-0.188258242803,1.258236414741E-03));
#3028 = VECTOR('',#3029,1.);
#3029 = DIRECTION('',(0.,-1.));
#3030 = ( GEOMETRIC_REPRESENTATION_CONTEXT(2) 
PARAMETRIC_REPRESENTATION_CONTEXT() REPRESENTATION_CONTEXT('2D SPACE',''
  ) );
#3031 = PCURVE('',#3032,#3037);
#3032 = PLANE('',#3033);
#3033 = AXIS2_PLACEMENT_3D('',#3034,#3035,#3036);
#3034 = CARTESIAN_POINT('',(0.122560843825,-0.122014499705,
    -2.153386219141E-02));
#3035 = DIRECTION('',(1.,3.787733667037E-29,2.166757333628E-30));
#3036 = DIRECTION('',(-3.787733667037E-29,1.,0.));
#3037 = DEFINITIONAL_REPRESENTATION('',(#3038),#3041);
#3038 = B_SPLINE_CURVE_WITH_KNOTS('',1,(#3039,#3040),.UNSPECIFIED.,.F.,
  .F.,(2,2),(0.,4.999995231628E-03),.PIECEWISE_BEZIER_KNOTS.);
#3039 = CARTESIAN_POINT('',(3.68076513258E-03,-2.131923244598E-02));
#3040 = CARTESIAN_POINT('',(-1.319230099048E-03,-2.131923244598E-02));
#3041 = ( GEOMETRIC_REPRESENTATION_CONTEXT(2) 
PARAMETRIC_REPRESENTATION_CONTEXT() REPRESENTATION_CONTEXT('2D SPACE',''
  ) );
#3042 = ORIENTED_EDGE('',*,*,#2902,.F.);
#3043 = ADVANCED_FACE('',(#3044),#3032,.T.);
#3044 = FACE_BOUND('',#3045,.T.);
#3045 = EDGE_LOOP('',(#3046,#3073,#3098));
#3046 = ORIENTED_EDGE('',*,*,#3047,.T.);
#3047 = EDGE_CURVE('',#2992,#3048,#3050,.T.);
#3048 = VERTEX_POINT('',#3049);
#3049 = CARTESIAN_POINT('',(0.122560843825,-0.123333729804,
    2.1469052881E-03));
#3050 = SURFACE_CURVE('',#3051,(#3055,#3062),.PCURVE_S1.);
#3051 = LINE('',#3052,#3053);
#3052 = CARTESIAN_POINT('',(0.122560843825,-0.118333734572,
    -4.285309463739E-02));
#3053 = VECTOR('',#3054,1.);
#3054 = DIRECTION('',(0.,-0.110431422224,0.993883746213));
#3055 = PCURVE('',#3032,#3056);
#3056 = DEFINITIONAL_REPRESENTATION('',(#3057),#3061);
#3057 = LINE('',#3058,#3059);
#3058 = CARTESIAN_POINT('',(3.68076513258E-03,-2.131923244598E-02));
#3059 = VECTOR('',#3060,1.);
#3060 = DIRECTION('',(-0.110431422224,0.993883746213));
#3061 = ( GEOMETRIC_REPRESENTATION_CONTEXT(2) 
PARAMETRIC_REPRESENTATION_CONTEXT() REPRESENTATION_CONTEXT('2D SPACE',''
  ) );
#3062 = PCURVE('',#3063,#3068);
#3063 = PLANE('',#3064);
#3064 = AXIS2_PLACEMENT_3D('',#3065,#3066,#3067);
#3065 = CARTESIAN_POINT('',(0.122560843825,-0.119652964671,
    -1.917232715788E-02));
#3066 = DIRECTION('',(1.,2.169280845792E-29,1.253804340257E-30));
#3067 = DIRECTION('',(-2.169280845792E-29,1.,0.));
#3068 = DEFINITIONAL_REPRESENTATION('',(#3069),#3072);
#3069 = B_SPLINE_CURVE_WITH_KNOTS('',1,(#3070,#3071),.UNSPECIFIED.,.F.,
  .F.,(2,2),(0.,4.527692509006E-02),.PIECEWISE_BEZIER_KNOTS.);
#3070 = CARTESIAN_POINT('',(1.319230099048E-03,-2.368076747951E-02));
#3071 = CARTESIAN_POINT('',(-3.68076513258E-03,2.131923244598E-02));
#3072 = ( GEOMETRIC_REPRESENTATION_CONTEXT(2) 
PARAMETRIC_REPRESENTATION_CONTEXT() REPRESENTATION_CONTEXT('2D SPACE',''
  ) );
#3073 = ORIENTED_EDGE('',*,*,#3074,.T.);
#3074 = EDGE_CURVE('',#3048,#2905,#3075,.T.);
#3075 = SURFACE_CURVE('',#3076,(#3080,#3087),.PCURVE_S1.);
#3076 = LINE('',#3077,#3078);
#3077 = CARTESIAN_POINT('',(0.122560843825,-0.123333729804,
    2.1469052881E-03));
#3078 = VECTOR('',#3079,1.);
#3079 = DIRECTION('',(0.,0.,-1.));
#3080 = PCURVE('',#3032,#3081);
#3081 = DEFINITIONAL_REPRESENTATION('',(#3082),#3086);
#3082 = LINE('',#3083,#3084);
#3083 = CARTESIAN_POINT('',(-1.319230099048E-03,2.368076747951E-02));
#3084 = VECTOR('',#3085,1.);
#3085 = DIRECTION('',(0.,-1.));
#3086 = ( GEOMETRIC_REPRESENTATION_CONTEXT(2) 
PARAMETRIC_REPRESENTATION_CONTEXT() REPRESENTATION_CONTEXT('2D SPACE',''
  ) );
#3087 = PCURVE('',#3088,#3093);
#3088 = PLANE('',#3089);
#3089 = AXIS2_PLACEMENT_3D('',#3090,#3091,#3092);
#3090 = CARTESIAN_POINT('',(-5.63546913954E-02,-0.123333722769,
    -9.768626258416E-03));
#3091 = DIRECTION('',(-3.931704870977E-08,-1.,-1.158062518694E-23));
#3092 = DIRECTION('',(-1.,3.931704870977E-08,0.));
#3093 = DEFINITIONAL_REPRESENTATION('',(#3094),#3097);
#3094 = B_SPLINE_CURVE_WITH_KNOTS('',1,(#3095,#3096),.UNSPECIFIED.,.F.,
  .F.,(2,2),(0.,4.499999992549E-02),.PIECEWISE_BEZIER_KNOTS.);
#3095 = CARTESIAN_POINT('',(-0.178915535221,-1.191553154652E-02));
#3096 = CARTESIAN_POINT('',(-0.178915535221,3.308446837898E-02));
#3097 = ( GEOMETRIC_REPRESENTATION_CONTEXT(2) 
PARAMETRIC_REPRESENTATION_CONTEXT() REPRESENTATION_CONTEXT('2D SPACE',''
  ) );
#3098 = ORIENTED_EDGE('',*,*,#3018,.F.);
#3099 = ADVANCED_FACE('',(#3100),#3063,.T.);
#3100 = FACE_BOUND('',#3101,.T.);
#3101 = EDGE_LOOP('',(#3102,#3124,#3149));
#3102 = ORIENTED_EDGE('',*,*,#3103,.T.);
#3103 = EDGE_CURVE('',#2992,#3104,#3106,.T.);
#3104 = VERTEX_POINT('',#3105);
#3105 = CARTESIAN_POINT('',(0.122560843825,-0.118333734572,
    2.1469052881E-03));
#3106 = SURFACE_CURVE('',#3107,(#3111,#3118),.PCURVE_S1.);
#3107 = LINE('',#3108,#3109);
#3108 = CARTESIAN_POINT('',(0.122560843825,-0.118333734572,
    -4.285309463739E-02));
#3109 = VECTOR('',#3110,1.);
#3110 = DIRECTION('',(0.,0.,1.));
#3111 = PCURVE('',#3063,#3112);
#3112 = DEFINITIONAL_REPRESENTATION('',(#3113),#3117);
#3113 = LINE('',#3114,#3115);
#3114 = CARTESIAN_POINT('',(1.319230099048E-03,-2.368076747951E-02));
#3115 = VECTOR('',#3116,1.);
#3116 = DIRECTION('',(0.,1.));
#3117 = ( GEOMETRIC_REPRESENTATION_CONTEXT(2) 
PARAMETRIC_REPRESENTATION_CONTEXT() REPRESENTATION_CONTEXT('2D SPACE',''
  ) );
#3118 = PCURVE('',#3007,#3119);
#3119 = DEFINITIONAL_REPRESENTATION('',(#3120),#3123);
#3120 = B_SPLINE_CURVE_WITH_KNOTS('',1,(#3121,#3122),.UNSPECIFIED.,.F.,
  .F.,(2,2),(0.,4.499999992549E-02),.PIECEWISE_BEZIER_KNOTS.);
#3121 = CARTESIAN_POINT('',(0.178915535175,1.191554556921E-02));
#3122 = CARTESIAN_POINT('',(0.178915535175,-3.308445435628E-02));
#3123 = ( GEOMETRIC_REPRESENTATION_CONTEXT(2) 
PARAMETRIC_REPRESENTATION_CONTEXT() REPRESENTATION_CONTEXT('2D SPACE',''
  ) );
#3124 = ORIENTED_EDGE('',*,*,#3125,.T.);
#3125 = EDGE_CURVE('',#3104,#3048,#3126,.T.);
#3126 = SURFACE_CURVE('',#3127,(#3131,#3138),.PCURVE_S1.);
#3127 = LINE('',#3128,#3129);
#3128 = CARTESIAN_POINT('',(0.122560843825,-0.118333734572,
    2.1469052881E-03));
#3129 = VECTOR('',#3130,1.);
#3130 = DIRECTION('',(0.,-1.,0.));
#3131 = PCURVE('',#3063,#3132);
#3132 = DEFINITIONAL_REPRESENTATION('',(#3133),#3137);
#3133 = LINE('',#3134,#3135);
#3134 = CARTESIAN_POINT('',(1.319230099048E-03,2.131923244598E-02));
#3135 = VECTOR('',#3136,1.);
#3136 = DIRECTION('',(-1.,2.719853739691E-59));
#3137 = ( GEOMETRIC_REPRESENTATION_CONTEXT(2) 
PARAMETRIC_REPRESENTATION_CONTEXT() REPRESENTATION_CONTEXT('2D SPACE',''
  ) );
#3138 = PCURVE('',#3139,#3144);
#3139 = PLANE('',#3140);
#3140 = AXIS2_PLACEMENT_3D('',#3141,#3142,#3143);
#3141 = CARTESIAN_POINT('',(-6.569739897724E-02,-0.122075478586,
    2.146912689859E-03));
#3142 = DIRECTION('',(3.931704870977E-08,-1.354508253057E-21,1.));
#3143 = DIRECTION('',(1.,0.,-3.931704870977E-08));
#3144 = DEFINITIONAL_REPRESENTATION('',(#3145),#3148);
#3145 = B_SPLINE_CURVE_WITH_KNOTS('',1,(#3146,#3147),.UNSPECIFIED.,.F.,
  .F.,(2,2),(0.,4.999995231628E-03),.PIECEWISE_BEZIER_KNOTS.);
#3146 = CARTESIAN_POINT('',(0.188258242803,3.74174401401E-03));
#3147 = CARTESIAN_POINT('',(0.188258242803,-1.258251217618E-03));
#3148 = ( GEOMETRIC_REPRESENTATION_CONTEXT(2) 
PARAMETRIC_REPRESENTATION_CONTEXT() REPRESENTATION_CONTEXT('2D SPACE',''
  ) );
#3149 = ORIENTED_EDGE('',*,*,#3047,.F.);
#3150 = ADVANCED_FACE('',(#3151),#3139,.T.);
#3151 = FACE_BOUND('',#3152,.T.);
#3152 = EDGE_LOOP('',(#3153,#3180,#3200));
#3153 = ORIENTED_EDGE('',*,*,#3154,.T.);
#3154 = EDGE_CURVE('',#3104,#3155,#3157,.T.);
#3155 = VERTEX_POINT('',#3156);
#3156 = CARTESIAN_POINT('',(-0.25643914938,-0.123333714902,
    2.146920189261E-03));
#3157 = SURFACE_CURVE('',#3158,(#3162,#3169),.PCURVE_S1.);
#3158 = LINE('',#3159,#3160);
#3159 = CARTESIAN_POINT('',(0.122560843825,-0.118333734572,
    2.1469052881E-03));
#3160 = VECTOR('',#3161,1.);
#3161 = DIRECTION('',(-0.999912989532,-1.319141258436E-02,
    3.931362771495E-08));
#3162 = PCURVE('',#3139,#3163);
#3163 = DEFINITIONAL_REPRESENTATION('',(#3164),#3168);
#3164 = LINE('',#3165,#3166);
#3165 = CARTESIAN_POINT('',(0.188258242803,3.74174401401E-03));
#3166 = VECTOR('',#3167,1.);
#3167 = DIRECTION('',(-0.999912989532,-1.319141258436E-02));
#3168 = ( GEOMETRIC_REPRESENTATION_CONTEXT(2) 
PARAMETRIC_REPRESENTATION_CONTEXT() REPRESENTATION_CONTEXT('2D SPACE',''
  ) );
#3169 = PCURVE('',#3170,#3175);
#3170 = PLANE('',#3171);
#3171 = AXIS2_PLACEMENT_3D('',#3172,#3173,#3174);
#3172 = CARTESIAN_POINT('',(-6.818090657715E-02,-0.119591970888,
    2.146912787503E-03));
#3173 = DIRECTION('',(3.931704870977E-08,-8.441895139002E-22,1.));
#3174 = DIRECTION('',(1.,5.605193857299E-45,-3.931704870977E-08));
#3175 = DEFINITIONAL_REPRESENTATION('',(#3176),#3179);
#3176 = B_SPLINE_CURVE_WITH_KNOTS('',1,(#3177,#3178),.UNSPECIFIED.,.F.,
  .F.,(2,2),(0.,0.379032973042),.PIECEWISE_BEZIER_KNOTS.);
#3177 = CARTESIAN_POINT('',(0.190741750402,1.258236316457E-03));
#3178 = CARTESIAN_POINT('',(-0.188258242803,-3.74174401401E-03));
#3179 = ( GEOMETRIC_REPRESENTATION_CONTEXT(2) 
PARAMETRIC_REPRESENTATION_CONTEXT() REPRESENTATION_CONTEXT('2D SPACE',''
  ) );
#3180 = ORIENTED_EDGE('',*,*,#3181,.T.);
#3181 = EDGE_CURVE('',#3155,#3048,#3182,.T.);
#3182 = SURFACE_CURVE('',#3183,(#3187,#3194),.PCURVE_S1.);
#3183 = LINE('',#3184,#3185);
#3184 = CARTESIAN_POINT('',(-0.25643914938,-0.123333714902,
    2.146920189261E-03));
#3185 = VECTOR('',#3186,1.);
#3186 = DIRECTION('',(1.,-3.931704870977E-08,-3.931704870977E-08));
#3187 = PCURVE('',#3139,#3188);
#3188 = DEFINITIONAL_REPRESENTATION('',(#3189),#3193);
#3189 = LINE('',#3190,#3191);
#3190 = CARTESIAN_POINT('',(-0.190741750402,-1.258236316457E-03));
#3191 = VECTOR('',#3192,1.);
#3192 = DIRECTION('',(1.,-3.931704870977E-08));
#3193 = ( GEOMETRIC_REPRESENTATION_CONTEXT(2) 
PARAMETRIC_REPRESENTATION_CONTEXT() REPRESENTATION_CONTEXT('2D SPACE',''
  ) );
#3194 = PCURVE('',#3088,#3195);
#3195 = DEFINITIONAL_REPRESENTATION('',(#3196),#3199);
#3196 = B_SPLINE_CURVE_WITH_KNOTS('',1,(#3197,#3198),.UNSPECIFIED.,.F.,
  .F.,(2,2),(0.,0.378999993205),.PIECEWISE_BEZIER_KNOTS.);
#3197 = CARTESIAN_POINT('',(0.200084457984,-1.191554644768E-02));
#3198 = CARTESIAN_POINT('',(-0.178915535221,-1.191553154652E-02));
#3199 = ( GEOMETRIC_REPRESENTATION_CONTEXT(2) 
PARAMETRIC_REPRESENTATION_CONTEXT() REPRESENTATION_CONTEXT('2D SPACE',''
  ) );
#3200 = ORIENTED_EDGE('',*,*,#3125,.F.);
#3201 = ADVANCED_FACE('',(#3202),#3170,.T.);
#3202 = FACE_BOUND('',#3203,.T.);
#3203 = EDGE_LOOP('',(#3204,#3231,#3256));
#3204 = ORIENTED_EDGE('',*,*,#3205,.T.);
#3205 = EDGE_CURVE('',#3104,#3206,#3208,.T.);
#3206 = VERTEX_POINT('',#3207);
#3207 = CARTESIAN_POINT('',(-0.25643914938,-0.118333719671,
    2.146920189261E-03));
#3208 = SURFACE_CURVE('',#3209,(#3213,#3220),.PCURVE_S1.);
#3209 = LINE('',#3210,#3211);
#3210 = CARTESIAN_POINT('',(0.122560843825,-0.118333734572,
    2.1469052881E-03));
#3211 = VECTOR('',#3212,1.);
#3212 = DIRECTION('',(-1.,3.931704870977E-08,3.931704870977E-08));
#3213 = PCURVE('',#3170,#3214);
#3214 = DEFINITIONAL_REPRESENTATION('',(#3215),#3219);
#3215 = LINE('',#3216,#3217);
#3216 = CARTESIAN_POINT('',(0.190741750402,1.258236316457E-03));
#3217 = VECTOR('',#3218,1.);
#3218 = DIRECTION('',(-1.,3.931704870977E-08));
#3219 = ( GEOMETRIC_REPRESENTATION_CONTEXT(2) 
PARAMETRIC_REPRESENTATION_CONTEXT() REPRESENTATION_CONTEXT('2D SPACE',''
  ) );
#3220 = PCURVE('',#3221,#3226);
#3221 = PLANE('',#3222);
#3222 = AXIS2_PLACEMENT_3D('',#3223,#3224,#3225);
#3223 = CARTESIAN_POINT('',(-6.741384127554E-02,-0.118333726477,
    -2.260322409183E-03));
#3224 = DIRECTION('',(3.931705429137E-08,1.,1.419638287084E-07));
#3225 = DIRECTION('',(-7.88860905221E-31,-1.419638287084E-07,1.));
#3226 = DEFINITIONAL_REPRESENTATION('',(#3227),#3230);
#3227 = B_SPLINE_CURVE_WITH_KNOTS('',1,(#3228,#3229),.UNSPECIFIED.,.F.,
  .F.,(2,2),(0.,0.378999993205),.PIECEWISE_BEZIER_KNOTS.);
#3228 = CARTESIAN_POINT('',(4.407227697285E-03,0.189974685101));
#3229 = CARTESIAN_POINT('',(4.407242598444E-03,-0.189025308104));
#3230 = ( GEOMETRIC_REPRESENTATION_CONTEXT(2) 
PARAMETRIC_REPRESENTATION_CONTEXT() REPRESENTATION_CONTEXT('2D SPACE',''
  ) );
#3231 = ORIENTED_EDGE('',*,*,#3232,.T.);
#3232 = EDGE_CURVE('',#3206,#3155,#3233,.T.);
#3233 = SURFACE_CURVE('',#3234,(#3238,#3245),.PCURVE_S1.);
#3234 = LINE('',#3235,#3236);
#3235 = CARTESIAN_POINT('',(-0.25643914938,-0.118333719671,
    2.146920189261E-03));
#3236 = VECTOR('',#3237,1.);
#3237 = DIRECTION('',(0.,-1.,0.));
#3238 = PCURVE('',#3170,#3239);
#3239 = DEFINITIONAL_REPRESENTATION('',(#3240),#3244);
#3240 = LINE('',#3241,#3242);
#3241 = CARTESIAN_POINT('',(-0.188258242803,1.258251217618E-03));
#3242 = VECTOR('',#3243,1.);
#3243 = DIRECTION('',(0.,-1.));
#3244 = ( GEOMETRIC_REPRESENTATION_CONTEXT(2) 
PARAMETRIC_REPRESENTATION_CONTEXT() REPRESENTATION_CONTEXT('2D SPACE',''
  ) );
#3245 = PCURVE('',#3246,#3251);
#3246 = PLANE('',#3247);
#3247 = AXIS2_PLACEMENT_3D('',#3248,#3249,#3250);
#3248 = CARTESIAN_POINT('',(-0.25643914938,-0.122014484803,
    -1.917231225672E-02));
#3249 = DIRECTION('',(-1.,-0.,-0.));
#3250 = DIRECTION('',(0.,0.,-1.));
#3251 = DEFINITIONAL_REPRESENTATION('',(#3252),#3255);
#3252 = B_SPLINE_CURVE_WITH_KNOTS('',1,(#3253,#3254),.UNSPECIFIED.,.F.,
  .F.,(2,2),(0.,4.999995231628E-03),.PIECEWISE_BEZIER_KNOTS.);
#3253 = CARTESIAN_POINT('',(-2.131923244598E-02,-3.68076513258E-03));
#3254 = CARTESIAN_POINT('',(-2.131923244598E-02,1.319230099048E-03));
#3255 = ( GEOMETRIC_REPRESENTATION_CONTEXT(2) 
PARAMETRIC_REPRESENTATION_CONTEXT() REPRESENTATION_CONTEXT('2D SPACE',''
  ) );
#3256 = ORIENTED_EDGE('',*,*,#3154,.F.);
#3257 = ADVANCED_FACE('',(#3258),#3246,.T.);
#3258 = FACE_BOUND('',#3259,.T.);
#3259 = EDGE_LOOP('',(#3260,#3280,#3305));
#3260 = ORIENTED_EDGE('',*,*,#3261,.T.);
#3261 = EDGE_CURVE('',#3206,#2937,#3262,.T.);
#3262 = SURFACE_CURVE('',#3263,(#3267,#3274),.PCURVE_S1.);
#3263 = LINE('',#3264,#3265);
#3264 = CARTESIAN_POINT('',(-0.25643914938,-0.118333719671,
    2.146920189261E-03));
#3265 = VECTOR('',#3266,1.);
#3266 = DIRECTION('',(0.,-0.110431422224,-0.993883746213));
#3267 = PCURVE('',#3246,#3268);
#3268 = DEFINITIONAL_REPRESENTATION('',(#3269),#3273);
#3269 = LINE('',#3270,#3271);
#3270 = CARTESIAN_POINT('',(-2.131923244598E-02,-3.68076513258E-03));
#3271 = VECTOR('',#3272,1.);
#3272 = DIRECTION('',(0.993883746213,0.110431422224));
#3273 = ( GEOMETRIC_REPRESENTATION_CONTEXT(2) 
PARAMETRIC_REPRESENTATION_CONTEXT() REPRESENTATION_CONTEXT('2D SPACE',''
  ) );
#3274 = PCURVE('',#2977,#3275);
#3275 = DEFINITIONAL_REPRESENTATION('',(#3276),#3279);
#3276 = B_SPLINE_CURVE_WITH_KNOTS('',1,(#3277,#3278),.UNSPECIFIED.,.F.,
  .F.,(2,2),(0.,4.527692509006E-02),.PIECEWISE_BEZIER_KNOTS.);
#3277 = CARTESIAN_POINT('',(-2.368076747951E-02,-1.319230099048E-03));
#3278 = CARTESIAN_POINT('',(2.131923244598E-02,3.68076513258E-03));
#3279 = ( GEOMETRIC_REPRESENTATION_CONTEXT(2) 
PARAMETRIC_REPRESENTATION_CONTEXT() REPRESENTATION_CONTEXT('2D SPACE',''
  ) );
#3280 = ORIENTED_EDGE('',*,*,#3281,.T.);
#3281 = EDGE_CURVE('',#2937,#3155,#3282,.T.);
#3282 = SURFACE_CURVE('',#3283,(#3287,#3294),.PCURVE_S1.);
#3283 = LINE('',#3284,#3285);
#3284 = CARTESIAN_POINT('',(-0.25643914938,-0.123333714902,
    -4.285307973623E-02));
#3285 = VECTOR('',#3286,1.);
#3286 = DIRECTION('',(0.,0.,1.));
#3287 = PCURVE('',#3246,#3288);
#3288 = DEFINITIONAL_REPRESENTATION('',(#3289),#3293);
#3289 = LINE('',#3290,#3291);
#3290 = CARTESIAN_POINT('',(2.368076747951E-02,1.319230099048E-03));
#3291 = VECTOR('',#3292,1.);
#3292 = DIRECTION('',(-1.,0.));
#3293 = ( GEOMETRIC_REPRESENTATION_CONTEXT(2) 
PARAMETRIC_REPRESENTATION_CONTEXT() REPRESENTATION_CONTEXT('2D SPACE',''
  ) );
#3294 = PCURVE('',#3295,#3300);
#3295 = PLANE('',#3296);
#3296 = AXIS2_PLACEMENT_3D('',#3297,#3298,#3299);
#3297 = CARTESIAN_POINT('',(-0.232668067456,-0.123333717695,
    -2.170622793405E-02));
#3298 = DIRECTION('',(-1.174911687763E-07,-1.,-2.22135385437E-24));
#3299 = DIRECTION('',(-1.,1.174911687763E-07,0.));
#3300 = DEFINITIONAL_REPRESENTATION('',(#3301),#3304);
#3301 = B_SPLINE_CURVE_WITH_KNOTS('',1,(#3302,#3303),.UNSPECIFIED.,.F.,
  .F.,(2,2),(0.,4.499999992549E-02),.PIECEWISE_BEZIER_KNOTS.);
#3302 = CARTESIAN_POINT('',(2.377108192415E-02,2.114685180218E-02));
#3303 = CARTESIAN_POINT('',(2.377108192415E-02,-2.385314812332E-02));
#3304 = ( GEOMETRIC_REPRESENTATION_CONTEXT(2) 
PARAMETRIC_REPRESENTATION_CONTEXT() REPRESENTATION_CONTEXT('2D SPACE',''
  ) );
#3305 = ORIENTED_EDGE('',*,*,#3232,.F.);
#3306 = ADVANCED_FACE('',(#3307),#2977,.T.);
#3307 = FACE_BOUND('',#3308,.T.);
#3308 = EDGE_LOOP('',(#3309,#3334,#3335));
#3309 = ORIENTED_EDGE('',*,*,#3310,.T.);
#3310 = EDGE_CURVE('',#3206,#2903,#3311,.T.);
#3311 = SURFACE_CURVE('',#3312,(#3316,#3323),.PCURVE_S1.);
#3312 = LINE('',#3313,#3314);
#3313 = CARTESIAN_POINT('',(-0.25643914938,-0.118333719671,
    2.146920189261E-03));
#3314 = VECTOR('',#3315,1.);
#3315 = DIRECTION('',(0.,0.,-1.));
#3316 = PCURVE('',#2977,#3317);
#3317 = DEFINITIONAL_REPRESENTATION('',(#3318),#3322);
#3318 = LINE('',#3319,#3320);
#3319 = CARTESIAN_POINT('',(-2.368076747951E-02,-1.319230099048E-03));
#3320 = VECTOR('',#3321,1.);
#3321 = DIRECTION('',(1.,0.));
#3322 = ( GEOMETRIC_REPRESENTATION_CONTEXT(2) 
PARAMETRIC_REPRESENTATION_CONTEXT() REPRESENTATION_CONTEXT('2D SPACE',''
  ) );
#3323 = PCURVE('',#3324,#3329);
#3324 = PLANE('',#3325);
#3325 = AXIS2_PLACEMENT_3D('',#3326,#3327,#3328);
#3326 = CARTESIAN_POINT('',(-0.232663487212,-0.118333719671,
    -1.870790427067E-02));
#3327 = DIRECTION('',(-6.705673264392E-32,1.,9.859045296499E-32));
#3328 = DIRECTION('',(0.,-9.859045296499E-32,1.));
#3329 = DEFINITIONAL_REPRESENTATION('',(#3330),#3333);
#3330 = B_SPLINE_CURVE_WITH_KNOTS('',1,(#3331,#3332),.UNSPECIFIED.,.F.,
  .F.,(2,2),(0.,4.499999992549E-02),.PIECEWISE_BEZIER_KNOTS.);
#3331 = CARTESIAN_POINT('',(2.085482445993E-02,-2.377566216822E-02));
#3332 = CARTESIAN_POINT('',(-2.414517546556E-02,-2.377566216822E-02));
#3333 = ( GEOMETRIC_REPRESENTATION_CONTEXT(2) 
PARAMETRIC_REPRESENTATION_CONTEXT() REPRESENTATION_CONTEXT('2D SPACE',''
  ) );
#3334 = ORIENTED_EDGE('',*,*,#2963,.F.);
#3335 = ORIENTED_EDGE('',*,*,#3261,.F.);
#3336 = ADVANCED_FACE('',(#3337),#3007,.T.);
#3337 = FACE_BOUND('',#3338,.T.);
#3338 = EDGE_LOOP('',(#3339,#3364,#3365));
#3339 = ORIENTED_EDGE('',*,*,#3340,.T.);
#3340 = EDGE_CURVE('',#2903,#3104,#3341,.T.);
#3341 = SURFACE_CURVE('',#3342,(#3346,#3353),.PCURVE_S1.);
#3342 = LINE('',#3343,#3344);
#3343 = CARTESIAN_POINT('',(-0.25643914938,-0.118333719671,
    -4.285307973623E-02));
#3344 = VECTOR('',#3345,1.);
#3345 = DIRECTION('',(0.993024845197,-3.904280620863E-08,0.117905287503)
  );
#3346 = PCURVE('',#3007,#3347);
#3347 = DEFINITIONAL_REPRESENTATION('',(#3348),#3352);
#3348 = LINE('',#3349,#3350);
#3349 = CARTESIAN_POINT('',(-0.20008445803,1.191553066805E-02));
#3350 = VECTOR('',#3351,1.);
#3351 = DIRECTION('',(0.993024845197,-0.117905287503));
#3352 = ( GEOMETRIC_REPRESENTATION_CONTEXT(2) 
PARAMETRIC_REPRESENTATION_CONTEXT() REPRESENTATION_CONTEXT('2D SPACE',''
  ) );
#3353 = PCURVE('',#3354,#3359);
#3354 = PLANE('',#3355);
#3355 = AXIS2_PLACEMENT_3D('',#3356,#3357,#3358);
#3356 = CARTESIAN_POINT('',(-6.730737855918E-02,-0.118333726345,
    -1.808332978915E-02));
#3357 = DIRECTION('',(7.840375970953E-08,1.,-3.291970696281E-07));
#3358 = DIRECTION('',(0.,3.291970696281E-07,1.));
#3359 = DEFINITIONAL_REPRESENTATION('',(#3360),#3363);
#3360 = B_SPLINE_CURVE_WITH_KNOTS('',1,(#3361,#3362),.UNSPECIFIED.,.F.,
  .F.,(2,2),(0.,0.381662145754),.PIECEWISE_BEZIER_KNOTS.);
#3361 = CARTESIAN_POINT('',(-2.476974994708E-02,-0.189131770821));
#3362 = CARTESIAN_POINT('',(2.023023507725E-02,0.189868222385));
#3363 = ( GEOMETRIC_REPRESENTATION_CONTEXT(2) 
PARAMETRIC_REPRESENTATION_CONTEXT() REPRESENTATION_CONTEXT('2D SPACE',''
  ) );
#3364 = ORIENTED_EDGE('',*,*,#3103,.F.);
#3365 = ORIENTED_EDGE('',*,*,#2991,.F.);
#3366 = ADVANCED_FACE('',(#3367),#3221,.T.);
#3367 = FACE_BOUND('',#3368,.T.);
#3368 = EDGE_LOOP('',(#3369,#3396,#3416));
#3369 = ORIENTED_EDGE('',*,*,#3370,.T.);
#3370 = EDGE_CURVE('',#3104,#3371,#3373,.T.);
#3371 = VERTEX_POINT('',#3372);
#3372 = CARTESIAN_POINT('',(-0.193025186658,-0.118333719671,
    -1.541565358639E-02));
#3373 = SURFACE_CURVE('',#3374,(#3378,#3385),.PCURVE_S1.);
#3374 = LINE('',#3375,#3376);
#3375 = CARTESIAN_POINT('',(0.122560843825,-0.118333734572,
    2.1469052881E-03));
#3376 = VECTOR('',#3377,1.);
#3377 = DIRECTION('',(-0.99845509164,4.71444830513E-08,
    -5.55646468369E-02));
#3378 = PCURVE('',#3221,#3379);
#3379 = DEFINITIONAL_REPRESENTATION('',(#3380),#3384);
#3380 = LINE('',#3381,#3382);
#3381 = CARTESIAN_POINT('',(4.407227697285E-03,0.189974685101));
#3382 = VECTOR('',#3383,1.);
#3383 = DIRECTION('',(-5.55646468369E-02,-0.99845509164));
#3384 = ( GEOMETRIC_REPRESENTATION_CONTEXT(2) 
PARAMETRIC_REPRESENTATION_CONTEXT() REPRESENTATION_CONTEXT('2D SPACE',''
  ) );
#3385 = PCURVE('',#3386,#3391);
#3386 = PLANE('',#3387);
#3387 = AXIS2_PLACEMENT_3D('',#3388,#3389,#3390);
#3388 = CARTESIAN_POINT('',(-3.522651384099E-02,-0.118333726956,
    -6.828843638379E-03));
#3389 = DIRECTION('',(-2.488275560101E-21,1.,8.484618500263E-07));
#3390 = DIRECTION('',(0.,-8.484618500263E-07,1.));
#3391 = DEFINITIONAL_REPRESENTATION('',(#3392),#3395);
#3392 = B_SPLINE_CURVE_WITH_KNOTS('',1,(#3393,#3394),.UNSPECIFIED.,.F.,
  .F.,(2,2),(0.,0.316074336368),.PIECEWISE_BEZIER_KNOTS.);
#3393 = CARTESIAN_POINT('',(8.975748926483E-03,0.157787357666));
#3394 = CARTESIAN_POINT('',(-8.586809948011E-03,-0.157798672817));
#3395 = ( GEOMETRIC_REPRESENTATION_CONTEXT(2) 
PARAMETRIC_REPRESENTATION_CONTEXT() REPRESENTATION_CONTEXT('2D SPACE',''
  ) );
#3396 = ORIENTED_EDGE('',*,*,#3397,.T.);
#3397 = EDGE_CURVE('',#3371,#3206,#3398,.T.);
#3398 = SURFACE_CURVE('',#3399,(#3403,#3410),.PCURVE_S1.);
#3399 = LINE('',#3400,#3401);
#3400 = CARTESIAN_POINT('',(-0.193025186658,-0.118333719671,
    -1.541565358639E-02));
#3401 = VECTOR('',#3402,1.);
#3402 = DIRECTION('',(-0.963723047962,0.,0.266904265286));
#3403 = PCURVE('',#3221,#3404);
#3404 = DEFINITIONAL_REPRESENTATION('',(#3405),#3409);
#3405 = LINE('',#3406,#3407);
#3406 = CARTESIAN_POINT('',(-1.315533117721E-02,-0.125611345382));
#3407 = VECTOR('',#3408,1.);
#3408 = DIRECTION('',(0.266904265286,-0.963723047962));
#3409 = ( GEOMETRIC_REPRESENTATION_CONTEXT(2) 
PARAMETRIC_REPRESENTATION_CONTEXT() REPRESENTATION_CONTEXT('2D SPACE',''
  ) );
#3410 = PCURVE('',#3324,#3411);
#3411 = DEFINITIONAL_REPRESENTATION('',(#3412),#3415);
#3412 = B_SPLINE_CURVE_WITH_KNOTS('',1,(#3413,#3414),.UNSPECIFIED.,.F.,
  .F.,(2,2),(0.,6.580102328771E-02),.PIECEWISE_BEZIER_KNOTS.);
#3413 = CARTESIAN_POINT('',(3.292250684283E-03,3.96383005536E-02));
#3414 = CARTESIAN_POINT('',(2.085482445993E-02,-2.377566216822E-02));
#3415 = ( GEOMETRIC_REPRESENTATION_CONTEXT(2) 
PARAMETRIC_REPRESENTATION_CONTEXT() REPRESENTATION_CONTEXT('2D SPACE',''
  ) );
#3416 = ORIENTED_EDGE('',*,*,#3205,.F.);
#3417 = ADVANCED_FACE('',(#3418),#3386,.T.);
#3418 = FACE_BOUND('',#3419,.T.);
#3419 = EDGE_LOOP('',(#3420,#3447,#3472));
#3420 = ORIENTED_EDGE('',*,*,#3421,.T.);
#3421 = EDGE_CURVE('',#3104,#3422,#3424,.T.);
#3422 = VERTEX_POINT('',#3423);
#3423 = CARTESIAN_POINT('',(-0.179025173187,-0.118333719671,
    -1.541565358639E-02));
#3424 = SURFACE_CURVE('',#3425,(#3429,#3436),.PCURVE_S1.);
#3425 = LINE('',#3426,#3427);
#3426 = CARTESIAN_POINT('',(0.122560843825,-0.118333734572,
    2.1469052881E-03));
#3427 = VECTOR('',#3428,1.);
#3428 = DIRECTION('',(-0.998308701295,4.932575795977E-08,
    -5.813550480582E-02));
#3429 = PCURVE('',#3386,#3430);
#3430 = DEFINITIONAL_REPRESENTATION('',(#3431),#3435);
#3431 = LINE('',#3432,#3433);
#3432 = CARTESIAN_POINT('',(8.975748926483E-03,0.157787357666));
#3433 = VECTOR('',#3434,1.);
#3434 = DIRECTION('',(-5.813550480584E-02,-0.998308701295));
#3435 = ( GEOMETRIC_REPRESENTATION_CONTEXT(2) 
PARAMETRIC_REPRESENTATION_CONTEXT() REPRESENTATION_CONTEXT('2D SPACE',''
  ) );
#3436 = PCURVE('',#3437,#3442);
#3437 = PLANE('',#3438);
#3438 = AXIS2_PLACEMENT_3D('',#3439,#3440,#3441);
#3439 = CARTESIAN_POINT('',(-3.044302395941E-02,-0.118333727012,
    -9.048516288817E-03));
#3440 = DIRECTION('',(4.940932388528E-08,1.,1.096014290702E-21));
#3441 = DIRECTION('',(1.,-4.940932388528E-08,0.));
#3442 = DEFINITIONAL_REPRESENTATION('',(#3443),#3446);
#3443 = B_SPLINE_CURVE_WITH_KNOTS('',1,(#3444,#3445),.UNSPECIFIED.,.F.,
  .F.,(2,2),(0.,0.302096953198),.PIECEWISE_BEZIER_KNOTS.);
#3444 = CARTESIAN_POINT('',(0.153003867785,-1.119542157692E-02));
#3445 = CARTESIAN_POINT('',(-0.148582149228,6.36713729757E-03));
#3446 = ( GEOMETRIC_REPRESENTATION_CONTEXT(2) 
PARAMETRIC_REPRESENTATION_CONTEXT() REPRESENTATION_CONTEXT('2D SPACE',''
  ) );
#3447 = ORIENTED_EDGE('',*,*,#3448,.T.);
#3448 = EDGE_CURVE('',#3422,#3371,#3449,.T.);
#3449 = SURFACE_CURVE('',#3450,(#3454,#3461),.PCURVE_S1.);
#3450 = LINE('',#3451,#3452);
#3451 = CARTESIAN_POINT('',(-0.179025173187,-0.118333719671,
    -1.541565358639E-02));
#3452 = VECTOR('',#3453,1.);
#3453 = DIRECTION('',(-1.,0.,0.));
#3454 = PCURVE('',#3386,#3455);
#3455 = DEFINITIONAL_REPRESENTATION('',(#3456),#3460);
#3456 = LINE('',#3457,#3458);
#3457 = CARTESIAN_POINT('',(-8.586809948011E-03,-0.143798659346));
#3458 = VECTOR('',#3459,1.);
#3459 = DIRECTION('',(0.,-1.));
#3460 = ( GEOMETRIC_REPRESENTATION_CONTEXT(2) 
PARAMETRIC_REPRESENTATION_CONTEXT() REPRESENTATION_CONTEXT('2D SPACE',''
  ) );
#3461 = PCURVE('',#3462,#3467);
#3462 = PLANE('',#3463);
#3463 = AXIS2_PLACEMENT_3D('',#3464,#3465,#3466);
#3464 = CARTESIAN_POINT('',(-0.187058663377,-0.119800237557,
    -1.541565358639E-02));
#3465 = DIRECTION('',(-0.,-0.,-1.));
#3466 = DIRECTION('',(-1.,0.,0.));
#3467 = DEFINITIONAL_REPRESENTATION('',(#3468),#3471);
#3468 = B_SPLINE_CURVE_WITH_KNOTS('',1,(#3469,#3470),.UNSPECIFIED.,.F.,
  .F.,(2,2),(0.,1.400001347065E-02),.PIECEWISE_BEZIER_KNOTS.);
#3469 = CARTESIAN_POINT('',(-8.03349018971E-03,1.466517886719E-03));
#3470 = CARTESIAN_POINT('',(5.96652328094E-03,1.466517886719E-03));
#3471 = ( GEOMETRIC_REPRESENTATION_CONTEXT(2) 
PARAMETRIC_REPRESENTATION_CONTEXT() REPRESENTATION_CONTEXT('2D SPACE',''
  ) );
#3472 = ORIENTED_EDGE('',*,*,#3370,.F.);
#3473 = ADVANCED_FACE('',(#3474),#3354,.T.);
#3474 = FACE_BOUND('',#3475,.T.);
#3475 = EDGE_LOOP('',(#3476,#3498,#3499));
#3476 = ORIENTED_EDGE('',*,*,#3477,.T.);
#3477 = EDGE_CURVE('',#3478,#3104,#3480,.T.);
#3478 = VERTEX_POINT('',#3479);
#3479 = CARTESIAN_POINT('',(-0.179025173187,-0.118333719671,
    -2.441565319896E-02));
#3480 = SURFACE_CURVE('',#3481,(#3485,#3492),.PCURVE_S1.);
#3481 = LINE('',#3482,#3483);
#3482 = CARTESIAN_POINT('',(-0.179025173187,-0.118333719671,
    -2.441565319896E-02));
#3483 = VECTOR('',#3484,1.);
#3484 = DIRECTION('',(0.996143710819,-4.921878724415E-08,
    8.773657957439E-02));
#3485 = PCURVE('',#3354,#3486);
#3486 = DEFINITIONAL_REPRESENTATION('',(#3487),#3491);
#3487 = LINE('',#3488,#3489);
#3488 = CARTESIAN_POINT('',(-6.332323409801E-03,-0.111717794628));
#3489 = VECTOR('',#3490,1.);
#3490 = DIRECTION('',(8.773657957437E-02,0.996143710819));
#3491 = ( GEOMETRIC_REPRESENTATION_CONTEXT(2) 
PARAMETRIC_REPRESENTATION_CONTEXT() REPRESENTATION_CONTEXT('2D SPACE',''
  ) );
#3492 = PCURVE('',#3437,#3493);
#3493 = DEFINITIONAL_REPRESENTATION('',(#3494),#3497);
#3494 = B_SPLINE_CURVE_WITH_KNOTS('',1,(#3495,#3496),.UNSPECIFIED.,.F.,
  .F.,(2,2),(0.,0.302753522145),.PIECEWISE_BEZIER_KNOTS.);
#3495 = CARTESIAN_POINT('',(-0.148582149228,1.536713691014E-02));
#3496 = CARTESIAN_POINT('',(0.153003867785,-1.119542157692E-02));
#3497 = ( GEOMETRIC_REPRESENTATION_CONTEXT(2) 
PARAMETRIC_REPRESENTATION_CONTEXT() REPRESENTATION_CONTEXT('2D SPACE',''
  ) );
#3498 = ORIENTED_EDGE('',*,*,#3340,.F.);
#3499 = ORIENTED_EDGE('',*,*,#3500,.F.);
#3500 = EDGE_CURVE('',#3478,#2903,#3501,.T.);
#3501 = SURFACE_CURVE('',#3502,(#3506,#3512),.PCURVE_S1.);
#3502 = LINE('',#3503,#3504);
#3503 = CARTESIAN_POINT('',(-0.179025173187,-0.118333719671,
    -2.441565319896E-02));
#3504 = VECTOR('',#3505,1.);
#3505 = DIRECTION('',(-0.972790561983,0.,-0.231686258798));
#3506 = PCURVE('',#3354,#3507);
#3507 = DEFINITIONAL_REPRESENTATION('',(#3508),#3511);
#3508 = B_SPLINE_CURVE_WITH_KNOTS('',1,(#3509,#3510),.UNSPECIFIED.,.F.,
  .F.,(2,2),(0.,7.957928378194E-02),.PIECEWISE_BEZIER_KNOTS.);
#3509 = CARTESIAN_POINT('',(-6.332323409801E-03,-0.111717794628));
#3510 = CARTESIAN_POINT('',(-2.476974994708E-02,-0.189131770821));
#3511 = ( GEOMETRIC_REPRESENTATION_CONTEXT(2) 
PARAMETRIC_REPRESENTATION_CONTEXT() REPRESENTATION_CONTEXT('2D SPACE',''
  ) );
#3512 = PCURVE('',#3513,#3518);
#3513 = PLANE('',#3514);
#3514 = AXIS2_PLACEMENT_3D('',#3515,#3516,#3517);
#3515 = CARTESIAN_POINT('',(-0.217847320548,-0.118333719671,
    -3.282580392496E-02));
#3516 = DIRECTION('',(-1.716426881102E-29,1.,6.570405833556E-29));
#3517 = DIRECTION('',(0.,-6.570405833556E-29,1.));
#3518 = DEFINITIONAL_REPRESENTATION('',(#3519),#3523);
#3519 = LINE('',#3520,#3521);
#3520 = CARTESIAN_POINT('',(8.410150726001E-03,3.882214736085E-02));
#3521 = VECTOR('',#3522,1.);
#3522 = DIRECTION('',(-0.231686258798,-0.972790561983));
#3523 = ( GEOMETRIC_REPRESENTATION_CONTEXT(2) 
PARAMETRIC_REPRESENTATION_CONTEXT() REPRESENTATION_CONTEXT('2D SPACE',''
  ) );
#3524 = ADVANCED_FACE('',(#3525),#3513,.T.);
#3525 = FACE_BOUND('',#3526,.T.);
#3526 = EDGE_LOOP('',(#3527,#3528,#3555));
#3527 = ORIENTED_EDGE('',*,*,#3500,.T.);
#3528 = ORIENTED_EDGE('',*,*,#3529,.T.);
#3529 = EDGE_CURVE('',#2903,#3530,#3532,.T.);
#3530 = VERTEX_POINT('',#3531);
#3531 = CARTESIAN_POINT('',(-0.193025186658,-0.118333719671,
    -2.441565319896E-02));
#3532 = SURFACE_CURVE('',#3533,(#3537,#3544),.PCURVE_S1.);
#3533 = LINE('',#3534,#3535);
#3534 = CARTESIAN_POINT('',(-0.25643914938,-0.118333719671,
    -4.285307973623E-02));
#3535 = VECTOR('',#3536,1.);
#3536 = DIRECTION('',(0.960237002859,0.,0.279186135651));
#3537 = PCURVE('',#3513,#3538);
#3538 = DEFINITIONAL_REPRESENTATION('',(#3539),#3543);
#3539 = LINE('',#3540,#3541);
#3540 = CARTESIAN_POINT('',(-1.002727581127E-02,-3.859182883163E-02));
#3541 = VECTOR('',#3542,1.);
#3542 = DIRECTION('',(0.279186135651,0.960237002859));
#3543 = ( GEOMETRIC_REPRESENTATION_CONTEXT(2) 
PARAMETRIC_REPRESENTATION_CONTEXT() REPRESENTATION_CONTEXT('2D SPACE',''
  ) );
#3544 = PCURVE('',#3545,#3550);
#3545 = PLANE('',#3546);
#3546 = AXIS2_PLACEMENT_3D('',#3547,#3548,#3549);
#3547 = CARTESIAN_POINT('',(-0.222752338967,-0.118333719671,
    -3.062054999422E-02));
#3548 = DIRECTION('',(0.,1.,0.));
#3549 = DIRECTION('',(0.,-0.,1.));
#3550 = DEFINITIONAL_REPRESENTATION('',(#3551),#3554);
#3551 = B_SPLINE_CURVE_WITH_KNOTS('',1,(#3552,#3553),.UNSPECIFIED.,.F.,
  .F.,(2,2),(0.,6.603990736973E-02),.PIECEWISE_BEZIER_KNOTS.);
#3552 = CARTESIAN_POINT('',(-1.223252974201E-02,-3.368681041232E-02));
#3553 = CARTESIAN_POINT('',(6.204896795266E-03,2.972715230951E-02));
#3554 = ( GEOMETRIC_REPRESENTATION_CONTEXT(2) 
PARAMETRIC_REPRESENTATION_CONTEXT() REPRESENTATION_CONTEXT('2D SPACE',''
  ) );
#3555 = ORIENTED_EDGE('',*,*,#3556,.T.);
#3556 = EDGE_CURVE('',#3530,#3478,#3557,.T.);
#3557 = SURFACE_CURVE('',#3558,(#3562,#3569),.PCURVE_S1.);
#3558 = LINE('',#3559,#3560);
#3559 = CARTESIAN_POINT('',(-0.193025186658,-0.118333719671,
    -2.441565319896E-02));
#3560 = VECTOR('',#3561,1.);
#3561 = DIRECTION('',(1.,0.,0.));
#3562 = PCURVE('',#3513,#3563);
#3563 = DEFINITIONAL_REPRESENTATION('',(#3564),#3568);
#3564 = LINE('',#3565,#3566);
#3565 = CARTESIAN_POINT('',(8.410150726001E-03,2.48221338902E-02));
#3566 = VECTOR('',#3567,1.);
#3567 = DIRECTION('',(0.,1.));
#3568 = ( GEOMETRIC_REPRESENTATION_CONTEXT(2) 
PARAMETRIC_REPRESENTATION_CONTEXT() REPRESENTATION_CONTEXT('2D SPACE',''
  ) );
#3569 = PCURVE('',#3570,#3575);
#3570 = PLANE('',#3571);
#3571 = AXIS2_PLACEMENT_3D('',#3572,#3573,#3574);
#3572 = CARTESIAN_POINT('',(-0.187058663377,-0.119800237557,
    -2.441565319896E-02));
#3573 = DIRECTION('',(0.,0.,1.));
#3574 = DIRECTION('',(1.,0.,-0.));
#3575 = DEFINITIONAL_REPRESENTATION('',(#3576),#3579);
#3576 = B_SPLINE_CURVE_WITH_KNOTS('',1,(#3577,#3578),.UNSPECIFIED.,.F.,
  .F.,(2,2),(0.,1.400001347065E-02),.PIECEWISE_BEZIER_KNOTS.);
#3577 = CARTESIAN_POINT('',(-5.96652328094E-03,1.466517886719E-03));
#3578 = CARTESIAN_POINT('',(8.03349018971E-03,1.466517886719E-03));
#3579 = ( GEOMETRIC_REPRESENTATION_CONTEXT(2) 
PARAMETRIC_REPRESENTATION_CONTEXT() REPRESENTATION_CONTEXT('2D SPACE',''
  ) );
#3580 = ADVANCED_FACE('',(#3581),#3437,.T.);
#3581 = FACE_BOUND('',#3582,.T.);
#3582 = EDGE_LOOP('',(#3583,#3584,#3609));
#3583 = ORIENTED_EDGE('',*,*,#3477,.F.);
#3584 = ORIENTED_EDGE('',*,*,#3585,.T.);
#3585 = EDGE_CURVE('',#3478,#3422,#3586,.T.);
#3586 = SURFACE_CURVE('',#3587,(#3591,#3598),.PCURVE_S1.);
#3587 = LINE('',#3588,#3589);
#3588 = CARTESIAN_POINT('',(-0.179025173187,-0.118333719671,
    -2.441565319896E-02));
#3589 = VECTOR('',#3590,1.);
#3590 = DIRECTION('',(0.,0.,1.));
#3591 = PCURVE('',#3437,#3592);
#3592 = DEFINITIONAL_REPRESENTATION('',(#3593),#3597);
#3593 = LINE('',#3594,#3595);
#3594 = CARTESIAN_POINT('',(-0.148582149228,1.536713691014E-02));
#3595 = VECTOR('',#3596,1.);
#3596 = DIRECTION('',(0.,-1.));
#3597 = ( GEOMETRIC_REPRESENTATION_CONTEXT(2) 
PARAMETRIC_REPRESENTATION_CONTEXT() REPRESENTATION_CONTEXT('2D SPACE',''
  ) );
#3598 = PCURVE('',#3599,#3604);
#3599 = PLANE('',#3600);
#3600 = AXIS2_PLACEMENT_3D('',#3601,#3602,#3603);
#3601 = CARTESIAN_POINT('',(-0.179025173187,-0.119907628214,
    -2.084174619014E-02));
#3602 = DIRECTION('',(-1.,1.404230522217E-28,-4.257277812166E-29));
#3603 = DIRECTION('',(-1.404230522217E-28,-1.,0.));
#3604 = DEFINITIONAL_REPRESENTATION('',(#3605),#3608);
#3605 = B_SPLINE_CURVE_WITH_KNOTS('',1,(#3606,#3607),.UNSPECIFIED.,.F.,
  .F.,(2,2),(0.,8.99999961257E-03),.PIECEWISE_BEZIER_KNOTS.);
#3606 = CARTESIAN_POINT('',(-1.573908543637E-03,-3.573907008817E-03));
#3607 = CARTESIAN_POINT('',(-1.573908543637E-03,5.426092603753E-03));
#3608 = ( GEOMETRIC_REPRESENTATION_CONTEXT(2) 
PARAMETRIC_REPRESENTATION_CONTEXT() REPRESENTATION_CONTEXT('2D SPACE',''
  ) );
#3609 = ORIENTED_EDGE('',*,*,#3421,.F.);
#3610 = ADVANCED_FACE('',(#3611),#3324,.T.);
#3611 = FACE_BOUND('',#3612,.T.);
#3612 = EDGE_LOOP('',(#3613,#3633,#3634));
#3613 = ORIENTED_EDGE('',*,*,#3614,.T.);
#3614 = EDGE_CURVE('',#3371,#2903,#3615,.T.);
#3615 = SURFACE_CURVE('',#3616,(#3620,#3627),.PCURVE_S1.);
#3616 = LINE('',#3617,#3618);
#3617 = CARTESIAN_POINT('',(-0.193025186658,-0.118333719671,
    -1.541565358639E-02));
#3618 = VECTOR('',#3619,1.);
#3619 = DIRECTION('',(-0.917777022205,0.,-0.397096131324));
#3620 = PCURVE('',#3324,#3621);
#3621 = DEFINITIONAL_REPRESENTATION('',(#3622),#3626);
#3622 = LINE('',#3623,#3624);
#3623 = CARTESIAN_POINT('',(3.292250684283E-03,3.96383005536E-02));
#3624 = VECTOR('',#3625,1.);
#3625 = DIRECTION('',(-0.397096131324,-0.917777022205));
#3626 = ( GEOMETRIC_REPRESENTATION_CONTEXT(2) 
PARAMETRIC_REPRESENTATION_CONTEXT() REPRESENTATION_CONTEXT('2D SPACE',''
  ) );
#3627 = PCURVE('',#3545,#3628);
#3628 = DEFINITIONAL_REPRESENTATION('',(#3629),#3632);
#3629 = B_SPLINE_CURVE_WITH_KNOTS('',1,(#3630,#3631),.UNSPECIFIED.,.F.,
  .F.,(2,2),(0.,6.909517365065E-02),.PIECEWISE_BEZIER_KNOTS.);
#3630 = CARTESIAN_POINT('',(1.520489640784E-02,2.972715230951E-02));
#3631 = CARTESIAN_POINT('',(-1.223252974201E-02,-3.368681041232E-02));
#3632 = ( GEOMETRIC_REPRESENTATION_CONTEXT(2) 
PARAMETRIC_REPRESENTATION_CONTEXT() REPRESENTATION_CONTEXT('2D SPACE',''
  ) );
#3633 = ORIENTED_EDGE('',*,*,#3310,.F.);
#3634 = ORIENTED_EDGE('',*,*,#3397,.F.);
#3635 = ADVANCED_FACE('',(#3636),#3545,.T.);
#3636 = FACE_BOUND('',#3637,.T.);
#3637 = EDGE_LOOP('',(#3638,#3663,#3664));
#3638 = ORIENTED_EDGE('',*,*,#3639,.T.);
#3639 = EDGE_CURVE('',#3371,#3530,#3640,.T.);
#3640 = SURFACE_CURVE('',#3641,(#3645,#3652),.PCURVE_S1.);
#3641 = LINE('',#3642,#3643);
#3642 = CARTESIAN_POINT('',(-0.193025186658,-0.118333719671,
    -1.541565358639E-02));
#3643 = VECTOR('',#3644,1.);
#3644 = DIRECTION('',(0.,0.,-1.));
#3645 = PCURVE('',#3545,#3646);
#3646 = DEFINITIONAL_REPRESENTATION('',(#3647),#3651);
#3647 = LINE('',#3648,#3649);
#3648 = CARTESIAN_POINT('',(1.520489640784E-02,2.972715230951E-02));
#3649 = VECTOR('',#3650,1.);
#3650 = DIRECTION('',(-1.,0.));
#3651 = ( GEOMETRIC_REPRESENTATION_CONTEXT(2) 
PARAMETRIC_REPRESENTATION_CONTEXT() REPRESENTATION_CONTEXT('2D SPACE',''
  ) );
#3652 = PCURVE('',#3653,#3658);
#3653 = PLANE('',#3654);
#3654 = AXIS2_PLACEMENT_3D('',#3655,#3656,#3657);
#3655 = CARTESIAN_POINT('',(-0.193025186658,-0.119907628214,
    -2.084174619014E-02));
#3656 = DIRECTION('',(1.,0.,0.));
#3657 = DIRECTION('',(-0.,0.,1.));
#3658 = DEFINITIONAL_REPRESENTATION('',(#3659),#3662);
#3659 = B_SPLINE_CURVE_WITH_KNOTS('',1,(#3660,#3661),.UNSPECIFIED.,.F.,
  .F.,(2,2),(0.,8.99999961257E-03),.PIECEWISE_BEZIER_KNOTS.);
#3660 = CARTESIAN_POINT('',(5.426092603753E-03,-1.573908543637E-03));
#3661 = CARTESIAN_POINT('',(-3.573907008817E-03,-1.573908543637E-03));
#3662 = ( GEOMETRIC_REPRESENTATION_CONTEXT(2) 
PARAMETRIC_REPRESENTATION_CONTEXT() REPRESENTATION_CONTEXT('2D SPACE',''
  ) );
#3663 = ORIENTED_EDGE('',*,*,#3529,.F.);
#3664 = ORIENTED_EDGE('',*,*,#3614,.F.);
#3665 = ADVANCED_FACE('',(#3666),#3295,.T.);
#3666 = FACE_BOUND('',#3667,.T.);
#3667 = EDGE_LOOP('',(#3668,#3695,#3696));
#3668 = ORIENTED_EDGE('',*,*,#3669,.T.);
#3669 = EDGE_CURVE('',#3670,#3155,#3672,.T.);
#3670 = VERTEX_POINT('',#3671);
#3671 = CARTESIAN_POINT('',(-0.193025186658,-0.123333722353,
    -2.441565319896E-02));
#3672 = SURFACE_CURVE('',#3673,(#3677,#3684),.PCURVE_S1.);
#3673 = LINE('',#3674,#3675);
#3674 = CARTESIAN_POINT('',(-0.193025186658,-0.123333722353,
    -2.441565319896E-02));
#3675 = VECTOR('',#3676,1.);
#3676 = DIRECTION('',(-0.922351887714,1.083682013105E-07,0.386350870622)
  );
#3677 = PCURVE('',#3295,#3678);
#3678 = DEFINITIONAL_REPRESENTATION('',(#3679),#3683);
#3679 = LINE('',#3680,#3681);
#3680 = CARTESIAN_POINT('',(-3.964288079768E-02,2.709425264904E-03));
#3681 = VECTOR('',#3682,1.);
#3682 = DIRECTION('',(0.922351887714,-0.386350870622));
#3683 = ( GEOMETRIC_REPRESENTATION_CONTEXT(2) 
PARAMETRIC_REPRESENTATION_CONTEXT() REPRESENTATION_CONTEXT('2D SPACE',''
  ) );
#3684 = PCURVE('',#3685,#3690);
#3685 = PLANE('',#3686);
#3686 = AXIS2_PLACEMENT_3D('',#3687,#3688,#3689);
#3687 = CARTESIAN_POINT('',(-0.222744317839,-0.123333718861,
    -9.622226174378E-03));
#3688 = DIRECTION('',(-1.174911687763E-07,-1.,-1.482786735893E-21));
#3689 = DIRECTION('',(-1.,1.174911687763E-07,-2.24207754292E-44));
#3690 = DEFINITIONAL_REPRESENTATION('',(#3691),#3694);
#3691 = B_SPLINE_CURVE_WITH_KNOTS('',1,(#3692,#3693),.UNSPECIFIED.,.F.,
  .F.,(2,2),(0.,6.87524615784E-02),.PIECEWISE_BEZIER_KNOTS.);
#3692 = CARTESIAN_POINT('',(-2.971913118089E-02,1.479342702458E-02));
#3693 = CARTESIAN_POINT('',(3.369483154094E-02,-1.176914636364E-02));
#3694 = ( GEOMETRIC_REPRESENTATION_CONTEXT(2) 
PARAMETRIC_REPRESENTATION_CONTEXT() REPRESENTATION_CONTEXT('2D SPACE',''
  ) );
#3695 = ORIENTED_EDGE('',*,*,#3281,.F.);
#3696 = ORIENTED_EDGE('',*,*,#3697,.T.);
#3697 = EDGE_CURVE('',#2937,#3670,#3698,.T.);
#3698 = SURFACE_CURVE('',#3699,(#3703,#3710),.PCURVE_S1.);
#3699 = LINE('',#3700,#3701);
#3700 = CARTESIAN_POINT('',(-0.25643914938,-0.123333714902,
    -4.285307973623E-02));
#3701 = VECTOR('',#3702,1.);
#3702 = DIRECTION('',(0.960237002859,-1.128193677682E-07,0.279186135651)
  );
#3703 = PCURVE('',#3295,#3704);
#3704 = DEFINITIONAL_REPRESENTATION('',(#3705),#3709);
#3705 = LINE('',#3706,#3707);
#3706 = CARTESIAN_POINT('',(2.377108192415E-02,2.114685180218E-02));
#3707 = VECTOR('',#3708,1.);
#3708 = DIRECTION('',(-0.960237002859,-0.279186135651));
#3709 = ( GEOMETRIC_REPRESENTATION_CONTEXT(2) 
PARAMETRIC_REPRESENTATION_CONTEXT() REPRESENTATION_CONTEXT('2D SPACE',''
  ) );
#3710 = PCURVE('',#2952,#3711);
#3711 = DEFINITIONAL_REPRESENTATION('',(#3712),#3715);
#3712 = B_SPLINE_CURVE_WITH_KNOTS('',1,(#3713,#3714),.UNSPECIFIED.,.F.,
  .F.,(2,2),(0.,6.603990736973E-02),.PIECEWISE_BEZIER_KNOTS.);
#3713 = CARTESIAN_POINT('',(4.628510386659E-03,-0.18897804159));
#3714 = CARTESIAN_POINT('',(-1.380891615062E-02,-0.125564078869));
#3715 = ( GEOMETRIC_REPRESENTATION_CONTEXT(2) 
PARAMETRIC_REPRESENTATION_CONTEXT() REPRESENTATION_CONTEXT('2D SPACE',''
  ) );
#3716 = ADVANCED_FACE('',(#3717),#3685,.T.);
#3717 = FACE_BOUND('',#3718,.T.);
#3718 = EDGE_LOOP('',(#3719,#3746,#3771));
#3719 = ORIENTED_EDGE('',*,*,#3720,.T.);
#3720 = EDGE_CURVE('',#3670,#3721,#3723,.T.);
#3721 = VERTEX_POINT('',#3722);
#3722 = CARTESIAN_POINT('',(-0.193025186658,-0.123333722353,
    -1.541565358639E-02));
#3723 = SURFACE_CURVE('',#3724,(#3728,#3735),.PCURVE_S1.);
#3724 = LINE('',#3725,#3726);
#3725 = CARTESIAN_POINT('',(-0.193025186658,-0.123333722353,
    -2.441565319896E-02));
#3726 = VECTOR('',#3727,1.);
#3727 = DIRECTION('',(0.,0.,1.));
#3728 = PCURVE('',#3685,#3729);
#3729 = DEFINITIONAL_REPRESENTATION('',(#3730),#3734);
#3730 = LINE('',#3731,#3732);
#3731 = CARTESIAN_POINT('',(-2.971913118089E-02,1.479342702458E-02));
#3732 = VECTOR('',#3733,1.);
#3733 = DIRECTION('',(0.,-1.));
#3734 = ( GEOMETRIC_REPRESENTATION_CONTEXT(2) 
PARAMETRIC_REPRESENTATION_CONTEXT() REPRESENTATION_CONTEXT('2D SPACE',''
  ) );
#3735 = PCURVE('',#3736,#3741);
#3736 = PLANE('',#3737);
#3737 = AXIS2_PLACEMENT_3D('',#3738,#3739,#3740);
#3738 = CARTESIAN_POINT('',(-0.193025186658,-0.121759813809,
    -1.89895605952E-02));
#3739 = DIRECTION('',(1.,0.,0.));
#3740 = DIRECTION('',(-0.,0.,1.));
#3741 = DEFINITIONAL_REPRESENTATION('',(#3742),#3745);
#3742 = B_SPLINE_CURVE_WITH_KNOTS('',1,(#3743,#3744),.UNSPECIFIED.,.F.,
  .F.,(2,2),(0.,8.99999961257E-03),.PIECEWISE_BEZIER_KNOTS.);
#3743 = CARTESIAN_POINT('',(-5.426092603753E-03,1.573908543637E-03));
#3744 = CARTESIAN_POINT('',(3.573907008817E-03,1.573908543637E-03));
#3745 = ( GEOMETRIC_REPRESENTATION_CONTEXT(2) 
PARAMETRIC_REPRESENTATION_CONTEXT() REPRESENTATION_CONTEXT('2D SPACE',''
  ) );
#3746 = ORIENTED_EDGE('',*,*,#3747,.T.);
#3747 = EDGE_CURVE('',#3721,#3155,#3748,.T.);
#3748 = SURFACE_CURVE('',#3749,(#3753,#3760),.PCURVE_S1.);
#3749 = LINE('',#3750,#3751);
#3750 = CARTESIAN_POINT('',(-0.193025186658,-0.123333722353,
    -1.541565358639E-02));
#3751 = VECTOR('',#3752,1.);
#3752 = DIRECTION('',(-0.963723047962,1.132289472817E-07,0.266904265286)
  );
#3753 = PCURVE('',#3685,#3754);
#3754 = DEFINITIONAL_REPRESENTATION('',(#3755),#3759);
#3755 = LINE('',#3756,#3757);
#3756 = CARTESIAN_POINT('',(-2.971913118089E-02,5.79342741201E-03));
#3757 = VECTOR('',#3758,1.);
#3758 = DIRECTION('',(0.963723047962,-0.266904265286));
#3759 = ( GEOMETRIC_REPRESENTATION_CONTEXT(2) 
PARAMETRIC_REPRESENTATION_CONTEXT() REPRESENTATION_CONTEXT('2D SPACE',''
  ) );
#3760 = PCURVE('',#3761,#3766);
#3761 = PLANE('',#3762);
#3762 = AXIS2_PLACEMENT_3D('',#3763,#3764,#3765);
#3763 = CARTESIAN_POINT('',(-0.21783713182,-0.123333718955,
    -7.406677556083E-03));
#3764 = DIRECTION('',(1.910946047757E-21,-1.,4.242305650698E-07));
#3765 = DIRECTION('',(-1.793662034336E-43,-4.242305650698E-07,-1.));
#3766 = DEFINITIONAL_REPRESENTATION('',(#3767),#3770);
#3767 = B_SPLINE_CURVE_WITH_KNOTS('',1,(#3768,#3769),.UNSPECIFIED.,.F.,
  .F.,(2,2),(0.,6.580102328771E-02),.PIECEWISE_BEZIER_KNOTS.);
#3768 = CARTESIAN_POINT('',(8.008976030306E-03,2.481194516215E-02));
#3769 = CARTESIAN_POINT('',(-9.553597745345E-03,-3.860201755968E-02));
#3770 = ( GEOMETRIC_REPRESENTATION_CONTEXT(2) 
PARAMETRIC_REPRESENTATION_CONTEXT() REPRESENTATION_CONTEXT('2D SPACE',''
  ) );
#3771 = ORIENTED_EDGE('',*,*,#3669,.F.);
#3772 = ADVANCED_FACE('',(#3773),#3761,.T.);
#3773 = FACE_BOUND('',#3774,.T.);
#3774 = EDGE_LOOP('',(#3775,#3802,#3803));
#3775 = ORIENTED_EDGE('',*,*,#3776,.T.);
#3776 = EDGE_CURVE('',#3777,#3155,#3779,.T.);
#3777 = VERTEX_POINT('',#3778);
#3778 = CARTESIAN_POINT('',(-0.179025173187,-0.123333722353,
    -1.541565358639E-02));
#3779 = SURFACE_CURVE('',#3780,(#3784,#3791),.PCURVE_S1.);
#3780 = LINE('',#3781,#3782);
#3781 = CARTESIAN_POINT('',(-0.179025173187,-0.123333722353,
    -1.541565358639E-02));
#3782 = VECTOR('',#3783,1.);
#3783 = DIRECTION('',(-0.975218571344,9.385830469875E-08,0.221243617096)
  );
#3784 = PCURVE('',#3761,#3785);
#3785 = DEFINITIONAL_REPRESENTATION('',(#3786),#3790);
#3786 = LINE('',#3787,#3788);
#3787 = CARTESIAN_POINT('',(8.008976030306E-03,3.88119586328E-02));
#3788 = VECTOR('',#3789,1.);
#3789 = DIRECTION('',(-0.221243617096,-0.975218571344));
#3790 = ( GEOMETRIC_REPRESENTATION_CONTEXT(2) 
PARAMETRIC_REPRESENTATION_CONTEXT() REPRESENTATION_CONTEXT('2D SPACE',''
  ) );
#3791 = PCURVE('',#3792,#3797);
#3792 = PLANE('',#3793);
#3793 = AXIS2_PLACEMENT_3D('',#3794,#3795,#3796);
#3794 = CARTESIAN_POINT('',(-6.726437161442E-02,-0.123333723443,
    -2.240871549604E-02));
#3795 = DIRECTION('',(2.319039154799E-08,-1.,5.264513694987E-07));
#3796 = DIRECTION('',(0.,-5.264513694987E-07,-1.));
#3797 = DEFINITIONAL_REPRESENTATION('',(#3798),#3801);
#3798 = B_SPLINE_CURVE_WITH_KNOTS('',1,(#3799,#3800),.UNSPECIFIED.,.F.,
  .F.,(2,2),(0.,7.938115461213E-02),.PIECEWISE_BEZIER_KNOTS.);
#3799 = CARTESIAN_POINT('',(-6.993061909648E-03,-0.111760801573));
#3800 = CARTESIAN_POINT('',(-2.45556356853E-02,-0.189174777765));
#3801 = ( GEOMETRIC_REPRESENTATION_CONTEXT(2) 
PARAMETRIC_REPRESENTATION_CONTEXT() REPRESENTATION_CONTEXT('2D SPACE',''
  ) );
#3802 = ORIENTED_EDGE('',*,*,#3747,.F.);
#3803 = ORIENTED_EDGE('',*,*,#3804,.T.);
#3804 = EDGE_CURVE('',#3721,#3777,#3805,.T.);
#3805 = SURFACE_CURVE('',#3806,(#3810,#3817),.PCURVE_S1.);
#3806 = LINE('',#3807,#3808);
#3807 = CARTESIAN_POINT('',(-0.193025186658,-0.123333722353,
    -1.541565358639E-02));
#3808 = VECTOR('',#3809,1.);
#3809 = DIRECTION('',(1.,0.,0.));
#3810 = PCURVE('',#3761,#3811);
#3811 = DEFINITIONAL_REPRESENTATION('',(#3812),#3816);
#3812 = LINE('',#3813,#3814);
#3813 = CARTESIAN_POINT('',(8.008976030306E-03,2.481194516215E-02));
#3814 = VECTOR('',#3815,1.);
#3815 = DIRECTION('',(0.,1.));
#3816 = ( GEOMETRIC_REPRESENTATION_CONTEXT(2) 
PARAMETRIC_REPRESENTATION_CONTEXT() REPRESENTATION_CONTEXT('2D SPACE',''
  ) );
#3817 = PCURVE('',#3818,#3823);
#3818 = PLANE('',#3819);
#3819 = AXIS2_PLACEMENT_3D('',#3820,#3821,#3822);
#3820 = CARTESIAN_POINT('',(-0.184991696468,-0.121867204466,
    -1.541565358639E-02));
#3821 = DIRECTION('',(-0.,-0.,-1.));
#3822 = DIRECTION('',(-1.,0.,0.));
#3823 = DEFINITIONAL_REPRESENTATION('',(#3824),#3827);
#3824 = B_SPLINE_CURVE_WITH_KNOTS('',1,(#3825,#3826),.UNSPECIFIED.,.F.,
  .F.,(2,2),(0.,1.400001347065E-02),.PIECEWISE_BEZIER_KNOTS.);
#3825 = CARTESIAN_POINT('',(8.03349018971E-03,-1.466517886719E-03));
#3826 = CARTESIAN_POINT('',(-5.96652328094E-03,-1.466517886719E-03));
#3827 = ( GEOMETRIC_REPRESENTATION_CONTEXT(2) 
PARAMETRIC_REPRESENTATION_CONTEXT() REPRESENTATION_CONTEXT('2D SPACE',''
  ) );
#3828 = ADVANCED_FACE('',(#3829),#3088,.T.);
#3829 = FACE_BOUND('',#3830,.T.);
#3830 = EDGE_LOOP('',(#3831,#3851,#3852));
#3831 = ORIENTED_EDGE('',*,*,#3832,.T.);
#3832 = EDGE_CURVE('',#3155,#2905,#3833,.T.);
#3833 = SURFACE_CURVE('',#3834,(#3838,#3845),.PCURVE_S1.);
#3834 = LINE('',#3835,#3836);
#3835 = CARTESIAN_POINT('',(-0.25643914938,-0.123333714902,
    2.146920189261E-03));
#3836 = VECTOR('',#3837,1.);
#3837 = DIRECTION('',(0.993024836055,-3.904280584917E-08,-0.117905364504
    ));
#3838 = PCURVE('',#3088,#3839);
#3839 = DEFINITIONAL_REPRESENTATION('',(#3840),#3844);
#3840 = LINE('',#3841,#3842);
#3841 = CARTESIAN_POINT('',(0.200084457984,-1.191554644768E-02));
#3842 = VECTOR('',#3843,1.);
#3843 = DIRECTION('',(-0.993024836055,0.117905364504));
#3844 = ( GEOMETRIC_REPRESENTATION_CONTEXT(2) 
PARAMETRIC_REPRESENTATION_CONTEXT() REPRESENTATION_CONTEXT('2D SPACE',''
  ) );
#3845 = PCURVE('',#3792,#3846);
#3846 = DEFINITIONAL_REPRESENTATION('',(#3847),#3850);
#3847 = B_SPLINE_CURVE_WITH_KNOTS('',1,(#3848,#3849),.UNSPECIFIED.,.F.,
  .F.,(2,2),(0.,0.381662149268),.PIECEWISE_BEZIER_KNOTS.);
#3848 = CARTESIAN_POINT('',(-2.45556356853E-02,-0.189174777765));
#3849 = CARTESIAN_POINT('',(2.044437914136E-02,0.18982521544));
#3850 = ( GEOMETRIC_REPRESENTATION_CONTEXT(2) 
PARAMETRIC_REPRESENTATION_CONTEXT() REPRESENTATION_CONTEXT('2D SPACE',''
  ) );
#3851 = ORIENTED_EDGE('',*,*,#3074,.F.);
#3852 = ORIENTED_EDGE('',*,*,#3181,.F.);
#3853 = ADVANCED_FACE('',(#3854),#2952,.T.);
#3854 = FACE_BOUND('',#3855,.T.);
#3855 = EDGE_LOOP('',(#3856,#3881,#3882));
#3856 = ORIENTED_EDGE('',*,*,#3857,.T.);
#3857 = EDGE_CURVE('',#2905,#3670,#3858,.T.);
#3858 = SURFACE_CURVE('',#3859,(#3863,#3870),.PCURVE_S1.);
#3859 = LINE('',#3860,#3861);
#3860 = CARTESIAN_POINT('',(0.122560843825,-0.123333729804,
    -4.285309463739E-02));
#3861 = VECTOR('',#3862,1.);
#3862 = DIRECTION('',(-0.998297740583,2.356852666943E-08,
    5.832341850476E-02));
#3863 = PCURVE('',#2952,#3864);
#3864 = DEFINITIONAL_REPRESENTATION('',(#3865),#3869);
#3865 = LINE('',#3866,#3867);
#3866 = CARTESIAN_POINT('',(4.628525287816E-03,0.190021951615));
#3867 = VECTOR('',#3868,1.);
#3868 = DIRECTION('',(-5.832341850475E-02,-0.998297740583));
#3869 = ( GEOMETRIC_REPRESENTATION_CONTEXT(2) 
PARAMETRIC_REPRESENTATION_CONTEXT() REPRESENTATION_CONTEXT('2D SPACE',''
  ) );
#3870 = PCURVE('',#3871,#3876);
#3871 = PLANE('',#3872);
#3872 = AXIS2_PLACEMENT_3D('',#3873,#3874,#3875);
#3873 = CARTESIAN_POINT('',(-3.522593767838E-02,-0.123333725996,
    -3.343024980735E-02));
#3874 = DIRECTION('',(-1.191125566509E-21,-1.,4.041005701252E-07));
#3875 = DIRECTION('',(0.,-4.041005701252E-07,-1.));
#3876 = DEFINITIONAL_REPRESENTATION('',(#3877),#3880);
#3877 = B_SPLINE_CURVE_WITH_KNOTS('',1,(#3878,#3879),.UNSPECIFIED.,.F.,
  .F.,(2,2),(0.,0.316124155804),.PIECEWISE_BEZIER_KNOTS.);
#3878 = CARTESIAN_POINT('',(9.422844830042E-03,0.157786781504));
#3879 = CARTESIAN_POINT('',(-9.014596608396E-03,-0.15779924898));
#3880 = ( GEOMETRIC_REPRESENTATION_CONTEXT(2) 
PARAMETRIC_REPRESENTATION_CONTEXT() REPRESENTATION_CONTEXT('2D SPACE',''
  ) );
#3881 = ORIENTED_EDGE('',*,*,#3697,.F.);
#3882 = ORIENTED_EDGE('',*,*,#2936,.F.);
#3883 = ADVANCED_FACE('',(#3884),#3871,.T.);
#3884 = FACE_BOUND('',#3885,.T.);
#3885 = EDGE_LOOP('',(#3886,#3913,#3938));
#3886 = ORIENTED_EDGE('',*,*,#3887,.T.);
#3887 = EDGE_CURVE('',#2905,#3888,#3890,.T.);
#3888 = VERTEX_POINT('',#3889);
#3889 = CARTESIAN_POINT('',(-0.179025173187,-0.123333722353,
    -2.441565319896E-02));
#3890 = SURFACE_CURVE('',#3891,(#3895,#3902),.PCURVE_S1.);
#3891 = LINE('',#3892,#3893);
#3892 = CARTESIAN_POINT('',(0.122560843825,-0.123333729804,
    -4.285309463739E-02));
#3893 = VECTOR('',#3894,1.);
#3894 = DIRECTION('',(-0.998136481906,2.46586243581E-08,
    6.102100858323E-02));
#3895 = PCURVE('',#3871,#3896);
#3896 = DEFINITIONAL_REPRESENTATION('',(#3897),#3901);
#3897 = LINE('',#3898,#3899);
#3898 = CARTESIAN_POINT('',(9.422844830042E-03,0.157786781504));
#3899 = VECTOR('',#3900,1.);
#3900 = DIRECTION('',(-6.102100858323E-02,-0.998136481906));
#3901 = ( GEOMETRIC_REPRESENTATION_CONTEXT(2) 
PARAMETRIC_REPRESENTATION_CONTEXT() REPRESENTATION_CONTEXT('2D SPACE',''
  ) );
#3902 = PCURVE('',#3903,#3908);
#3903 = PLANE('',#3904);
#3904 = AXIS2_PLACEMENT_3D('',#3905,#3906,#3907);
#3905 = CARTESIAN_POINT('',(-3.044255535285E-02,-0.123333726024,
    -3.12137594879E-02));
#3906 = DIRECTION('',(-2.470466194264E-08,-1.,4.396464926369E-22));
#3907 = DIRECTION('',(-1.,2.470466194264E-08,0.));
#3908 = DEFINITIONAL_REPRESENTATION('',(#3909),#3912);
#3909 = B_SPLINE_CURVE_WITH_KNOTS('',1,(#3910,#3911),.UNSPECIFIED.,.F.,
  .F.,(2,2),(0.,0.302149077285),.PIECEWISE_BEZIER_KNOTS.);
#3910 = CARTESIAN_POINT('',(-0.153003399178,1.16393351495E-02));
#3911 = CARTESIAN_POINT('',(0.148582617834,-6.798106288941E-03));
#3912 = ( GEOMETRIC_REPRESENTATION_CONTEXT(2) 
PARAMETRIC_REPRESENTATION_CONTEXT() REPRESENTATION_CONTEXT('2D SPACE',''
  ) );
#3913 = ORIENTED_EDGE('',*,*,#3914,.T.);
#3914 = EDGE_CURVE('',#3888,#3670,#3915,.T.);
#3915 = SURFACE_CURVE('',#3916,(#3920,#3927),.PCURVE_S1.);
#3916 = LINE('',#3917,#3918);
#3917 = CARTESIAN_POINT('',(-0.179025173187,-0.123333722353,
    -2.441565319896E-02));
#3918 = VECTOR('',#3919,1.);
#3919 = DIRECTION('',(-1.,0.,0.));
#3920 = PCURVE('',#3871,#3921);
#3921 = DEFINITIONAL_REPRESENTATION('',(#3922),#3926);
#3922 = LINE('',#3923,#3924);
#3923 = CARTESIAN_POINT('',(-9.014596608396E-03,-0.143799235509));
#3924 = VECTOR('',#3925,1.);
#3925 = DIRECTION('',(0.,-1.));
#3926 = ( GEOMETRIC_REPRESENTATION_CONTEXT(2) 
PARAMETRIC_REPRESENTATION_CONTEXT() REPRESENTATION_CONTEXT('2D SPACE',''
  ) );
#3927 = PCURVE('',#3928,#3933);
#3928 = PLANE('',#3929);
#3929 = AXIS2_PLACEMENT_3D('',#3930,#3931,#3932);
#3930 = CARTESIAN_POINT('',(-0.184991696468,-0.121867204466,
    -2.441565319896E-02));
#3931 = DIRECTION('',(2.463569683506E-30,-1.002302529275E-29,1.));
#3932 = DIRECTION('',(0.,1.,1.002302529275E-29));
#3933 = DEFINITIONAL_REPRESENTATION('',(#3934),#3937);
#3934 = B_SPLINE_CURVE_WITH_KNOTS('',1,(#3935,#3936),.UNSPECIFIED.,.F.,
  .F.,(2,2),(0.,1.400001347065E-02),.PIECEWISE_BEZIER_KNOTS.);
#3935 = CARTESIAN_POINT('',(-1.466517886719E-03,-5.96652328094E-03));
#3936 = CARTESIAN_POINT('',(-1.466517886719E-03,8.03349018971E-03));
#3937 = ( GEOMETRIC_REPRESENTATION_CONTEXT(2) 
PARAMETRIC_REPRESENTATION_CONTEXT() REPRESENTATION_CONTEXT('2D SPACE',''
  ) );
#3938 = ORIENTED_EDGE('',*,*,#3857,.F.);
#3939 = ADVANCED_FACE('',(#3940),#3792,.T.);
#3940 = FACE_BOUND('',#3941,.T.);
#3941 = EDGE_LOOP('',(#3942,#3962,#3963));
#3942 = ORIENTED_EDGE('',*,*,#3943,.T.);
#3943 = EDGE_CURVE('',#3777,#2905,#3944,.T.);
#3944 = SURFACE_CURVE('',#3945,(#3949,#3956),.PCURVE_S1.);
#3945 = LINE('',#3946,#3947);
#3946 = CARTESIAN_POINT('',(-0.179025173187,-0.123333722353,
    -1.541565358639E-02));
#3947 = VECTOR('',#3948,1.);
#3948 = DIRECTION('',(0.995887091549,-2.460305392976E-08,
    -9.060298497423E-02));
#3949 = PCURVE('',#3792,#3950);
#3950 = DEFINITIONAL_REPRESENTATION('',(#3951),#3955);
#3951 = LINE('',#3952,#3953);
#3952 = CARTESIAN_POINT('',(-6.993061909648E-03,-0.111760801573));
#3953 = VECTOR('',#3954,1.);
#3954 = DIRECTION('',(9.060298497423E-02,0.995887091549));
#3955 = ( GEOMETRIC_REPRESENTATION_CONTEXT(2) 
PARAMETRIC_REPRESENTATION_CONTEXT() REPRESENTATION_CONTEXT('2D SPACE',''
  ) );
#3956 = PCURVE('',#3903,#3957);
#3957 = DEFINITIONAL_REPRESENTATION('',(#3958),#3961);
#3958 = B_SPLINE_CURVE_WITH_KNOTS('',1,(#3959,#3960),.UNSPECIFIED.,.F.,
  .F.,(2,2),(0.,0.302831535394),.PIECEWISE_BEZIER_KNOTS.);
#3959 = CARTESIAN_POINT('',(0.148582617834,-1.579810590151E-02));
#3960 = CARTESIAN_POINT('',(-0.153003399178,1.16393351495E-02));
#3961 = ( GEOMETRIC_REPRESENTATION_CONTEXT(2) 
PARAMETRIC_REPRESENTATION_CONTEXT() REPRESENTATION_CONTEXT('2D SPACE',''
  ) );
#3962 = ORIENTED_EDGE('',*,*,#3832,.F.);
#3963 = ORIENTED_EDGE('',*,*,#3776,.F.);
#3964 = ADVANCED_FACE('',(#3965),#3903,.T.);
#3965 = FACE_BOUND('',#3966,.T.);
#3966 = EDGE_LOOP('',(#3967,#3968,#3993));
#3967 = ORIENTED_EDGE('',*,*,#3943,.F.);
#3968 = ORIENTED_EDGE('',*,*,#3969,.T.);
#3969 = EDGE_CURVE('',#3777,#3888,#3970,.T.);
#3970 = SURFACE_CURVE('',#3971,(#3975,#3982),.PCURVE_S1.);
#3971 = LINE('',#3972,#3973);
#3972 = CARTESIAN_POINT('',(-0.179025173187,-0.123333722353,
    -1.541565358639E-02));
#3973 = VECTOR('',#3974,1.);
#3974 = DIRECTION('',(0.,0.,-1.));
#3975 = PCURVE('',#3903,#3976);
#3976 = DEFINITIONAL_REPRESENTATION('',(#3977),#3981);
#3977 = LINE('',#3978,#3979);
#3978 = CARTESIAN_POINT('',(0.148582617834,-1.579810590151E-02));
#3979 = VECTOR('',#3980,1.);
#3980 = DIRECTION('',(-1.401298464325E-45,1.));
#3981 = ( GEOMETRIC_REPRESENTATION_CONTEXT(2) 
PARAMETRIC_REPRESENTATION_CONTEXT() REPRESENTATION_CONTEXT('2D SPACE',''
  ) );
#3982 = PCURVE('',#3983,#3988);
#3983 = PLANE('',#3984);
#3984 = AXIS2_PLACEMENT_3D('',#3985,#3986,#3987);
#3985 = CARTESIAN_POINT('',(-0.179025173187,-0.121759813809,
    -1.89895605952E-02));
#3986 = DIRECTION('',(-1.,5.691003841225E-29,-9.668564995067E-30));
#3987 = DIRECTION('',(-5.691003841225E-29,-1.,0.));
#3988 = DEFINITIONAL_REPRESENTATION('',(#3989),#3992);
#3989 = B_SPLINE_CURVE_WITH_KNOTS('',1,(#3990,#3991),.UNSPECIFIED.,.F.,
  .F.,(2,2),(0.,8.99999961257E-03),.PIECEWISE_BEZIER_KNOTS.);
#3990 = CARTESIAN_POINT('',(1.573908543637E-03,3.573907008817E-03));
#3991 = CARTESIAN_POINT('',(1.573908543637E-03,-5.426092603753E-03));
#3992 = ( GEOMETRIC_REPRESENTATION_CONTEXT(2) 
PARAMETRIC_REPRESENTATION_CONTEXT() REPRESENTATION_CONTEXT('2D SPACE',''
  ) );
#3993 = ORIENTED_EDGE('',*,*,#3887,.F.);
#3994 = ADVANCED_FACE('',(#3995),#3599,.T.);
#3995 = FACE_BOUND('',#3996,.T.);
#3996 = EDGE_LOOP('',(#3997,#4017,#4018));
#3997 = ORIENTED_EDGE('',*,*,#3998,.T.);
#3998 = EDGE_CURVE('',#3888,#3422,#3999,.T.);
#3999 = SURFACE_CURVE('',#4000,(#4004,#4011),.PCURVE_S1.);
#4000 = LINE('',#4001,#4002);
#4001 = CARTESIAN_POINT('',(-0.179025173187,-0.123333722353,
    -2.441565319896E-02));
#4002 = VECTOR('',#4003,1.);
#4003 = DIRECTION('',(0.,0.48564314623,0.874157156649));
#4004 = PCURVE('',#3599,#4005);
#4005 = DEFINITIONAL_REPRESENTATION('',(#4006),#4010);
#4006 = LINE('',#4007,#4008);
#4007 = CARTESIAN_POINT('',(3.426094138572E-03,-3.573907008817E-03));
#4008 = VECTOR('',#4009,1.);
#4009 = DIRECTION('',(-0.48564314623,0.874157156649));
#4010 = ( GEOMETRIC_REPRESENTATION_CONTEXT(2) 
PARAMETRIC_REPRESENTATION_CONTEXT() REPRESENTATION_CONTEXT('2D SPACE',''
  ) );
#4011 = PCURVE('',#3983,#4012);
#4012 = DEFINITIONAL_REPRESENTATION('',(#4013),#4016);
#4013 = B_SPLINE_CURVE_WITH_KNOTS('',1,(#4014,#4015),.UNSPECIFIED.,.F.,
  .F.,(2,2),(0.,1.029563110491E-02),.PIECEWISE_BEZIER_KNOTS.);
#4014 = CARTESIAN_POINT('',(1.573908543637E-03,-5.426092603753E-03));
#4015 = CARTESIAN_POINT('',(-3.426094138572E-03,3.573907008817E-03));
#4016 = ( GEOMETRIC_REPRESENTATION_CONTEXT(2) 
PARAMETRIC_REPRESENTATION_CONTEXT() REPRESENTATION_CONTEXT('2D SPACE',''
  ) );
#4017 = ORIENTED_EDGE('',*,*,#3585,.F.);
#4018 = ORIENTED_EDGE('',*,*,#4019,.T.);
#4019 = EDGE_CURVE('',#3478,#3888,#4020,.T.);
#4020 = SURFACE_CURVE('',#4021,(#4025,#4032),.PCURVE_S1.);
#4021 = LINE('',#4022,#4023);
#4022 = CARTESIAN_POINT('',(-0.179025173187,-0.118333719671,
    -2.441565319896E-02));
#4023 = VECTOR('',#4024,1.);
#4024 = DIRECTION('',(0.,-1.,0.));
#4025 = PCURVE('',#3599,#4026);
#4026 = DEFINITIONAL_REPRESENTATION('',(#4027),#4031);
#4027 = LINE('',#4028,#4029);
#4028 = CARTESIAN_POINT('',(-1.573908543637E-03,-3.573907008817E-03));
#4029 = VECTOR('',#4030,1.);
#4030 = DIRECTION('',(1.,-5.978199445399E-57));
#4031 = ( GEOMETRIC_REPRESENTATION_CONTEXT(2) 
PARAMETRIC_REPRESENTATION_CONTEXT() REPRESENTATION_CONTEXT('2D SPACE',''
  ) );
#4032 = PCURVE('',#3928,#4033);
#4033 = DEFINITIONAL_REPRESENTATION('',(#4034),#4037);
#4034 = B_SPLINE_CURVE_WITH_KNOTS('',1,(#4035,#4036),.UNSPECIFIED.,.F.,
  .F.,(2,2),(0.,5.000002682209E-03),.PIECEWISE_BEZIER_KNOTS.);
#4035 = CARTESIAN_POINT('',(3.53348479549E-03,-5.96652328094E-03));
#4036 = CARTESIAN_POINT('',(-1.466517886719E-03,-5.96652328094E-03));
#4037 = ( GEOMETRIC_REPRESENTATION_CONTEXT(2) 
PARAMETRIC_REPRESENTATION_CONTEXT() REPRESENTATION_CONTEXT('2D SPACE',''
  ) );
#4038 = ADVANCED_FACE('',(#4039),#3983,.T.);
#4039 = FACE_BOUND('',#4040,.T.);
#4040 = EDGE_LOOP('',(#4041,#4042,#4062));
#4041 = ORIENTED_EDGE('',*,*,#3969,.F.);
#4042 = ORIENTED_EDGE('',*,*,#4043,.T.);
#4043 = EDGE_CURVE('',#3777,#3422,#4044,.T.);
#4044 = SURFACE_CURVE('',#4045,(#4049,#4056),.PCURVE_S1.);
#4045 = LINE('',#4046,#4047);
#4046 = CARTESIAN_POINT('',(-0.179025173187,-0.123333722353,
    -1.541565358639E-02));
#4047 = VECTOR('',#4048,1.);
#4048 = DIRECTION('',(0.,1.,0.));
#4049 = PCURVE('',#3983,#4050);
#4050 = DEFINITIONAL_REPRESENTATION('',(#4051),#4055);
#4051 = LINE('',#4052,#4053);
#4052 = CARTESIAN_POINT('',(1.573908543637E-03,3.573907008817E-03));
#4053 = VECTOR('',#4054,1.);
#4054 = DIRECTION('',(-1.,5.502384052606E-58));
#4055 = ( GEOMETRIC_REPRESENTATION_CONTEXT(2) 
PARAMETRIC_REPRESENTATION_CONTEXT() REPRESENTATION_CONTEXT('2D SPACE',''
  ) );
#4056 = PCURVE('',#3818,#4057);
#4057 = DEFINITIONAL_REPRESENTATION('',(#4058),#4061);
#4058 = B_SPLINE_CURVE_WITH_KNOTS('',1,(#4059,#4060),.UNSPECIFIED.,.F.,
  .F.,(2,2),(0.,5.000002682209E-03),.PIECEWISE_BEZIER_KNOTS.);
#4059 = CARTESIAN_POINT('',(-5.96652328094E-03,-1.466517886719E-03));
#4060 = CARTESIAN_POINT('',(-5.96652328094E-03,3.53348479549E-03));
#4061 = ( GEOMETRIC_REPRESENTATION_CONTEXT(2) 
PARAMETRIC_REPRESENTATION_CONTEXT() REPRESENTATION_CONTEXT('2D SPACE',''
  ) );
#4062 = ORIENTED_EDGE('',*,*,#3998,.F.);
#4063 = ADVANCED_FACE('',(#4064),#3462,.T.);
#4064 = FACE_BOUND('',#4065,.T.);
#4065 = EDGE_LOOP('',(#4066,#4086,#4106));
#4066 = ORIENTED_EDGE('',*,*,#4067,.T.);
#4067 = EDGE_CURVE('',#3422,#3721,#4068,.T.);
#4068 = SURFACE_CURVE('',#4069,(#4073,#4080),.PCURVE_S1.);
#4069 = LINE('',#4070,#4071);
#4070 = CARTESIAN_POINT('',(-0.179025173187,-0.118333719671,
    -1.541565358639E-02));
#4071 = VECTOR('',#4072,1.);
#4072 = DIRECTION('',(-0.94174195695,-0.336336270002,0.));
#4073 = PCURVE('',#3462,#4074);
#4074 = DEFINITIONAL_REPRESENTATION('',(#4075),#4079);
#4075 = LINE('',#4076,#4077);
#4076 = CARTESIAN_POINT('',(-8.03349018971E-03,1.466517886719E-03));
#4077 = VECTOR('',#4078,1.);
#4078 = DIRECTION('',(0.94174195695,-0.336336270002));
#4079 = ( GEOMETRIC_REPRESENTATION_CONTEXT(2) 
PARAMETRIC_REPRESENTATION_CONTEXT() REPRESENTATION_CONTEXT('2D SPACE',''
  ) );
#4080 = PCURVE('',#3818,#4081);
#4081 = DEFINITIONAL_REPRESENTATION('',(#4082),#4085);
#4082 = B_SPLINE_CURVE_WITH_KNOTS('',1,(#4083,#4084),.UNSPECIFIED.,.F.,
  .F.,(2,2),(0.,1.486608233532E-02),.PIECEWISE_BEZIER_KNOTS.);
#4083 = CARTESIAN_POINT('',(-5.96652328094E-03,3.53348479549E-03));
#4084 = CARTESIAN_POINT('',(8.03349018971E-03,-1.466517886719E-03));
#4085 = ( GEOMETRIC_REPRESENTATION_CONTEXT(2) 
PARAMETRIC_REPRESENTATION_CONTEXT() REPRESENTATION_CONTEXT('2D SPACE',''
  ) );
#4086 = ORIENTED_EDGE('',*,*,#4087,.T.);
#4087 = EDGE_CURVE('',#3721,#3371,#4088,.T.);
#4088 = SURFACE_CURVE('',#4089,(#4093,#4100),.PCURVE_S1.);
#4089 = LINE('',#4090,#4091);
#4090 = CARTESIAN_POINT('',(-0.193025186658,-0.123333722353,
    -1.541565358639E-02));
#4091 = VECTOR('',#4092,1.);
#4092 = DIRECTION('',(0.,1.,0.));
#4093 = PCURVE('',#3462,#4094);
#4094 = DEFINITIONAL_REPRESENTATION('',(#4095),#4099);
#4095 = LINE('',#4096,#4097);
#4096 = CARTESIAN_POINT('',(5.96652328094E-03,-3.53348479549E-03));
#4097 = VECTOR('',#4098,1.);
#4098 = DIRECTION('',(0.,1.));
#4099 = ( GEOMETRIC_REPRESENTATION_CONTEXT(2) 
PARAMETRIC_REPRESENTATION_CONTEXT() REPRESENTATION_CONTEXT('2D SPACE',''
  ) );
#4100 = PCURVE('',#3736,#4101);
#4101 = DEFINITIONAL_REPRESENTATION('',(#4102),#4105);
#4102 = B_SPLINE_CURVE_WITH_KNOTS('',1,(#4103,#4104),.UNSPECIFIED.,.F.,
  .F.,(2,2),(0.,5.000002682209E-03),.PIECEWISE_BEZIER_KNOTS.);
#4103 = CARTESIAN_POINT('',(3.573907008817E-03,1.573908543637E-03));
#4104 = CARTESIAN_POINT('',(3.573907008817E-03,-3.426094138572E-03));
#4105 = ( GEOMETRIC_REPRESENTATION_CONTEXT(2) 
PARAMETRIC_REPRESENTATION_CONTEXT() REPRESENTATION_CONTEXT('2D SPACE',''
  ) );
#4106 = ORIENTED_EDGE('',*,*,#3448,.F.);
#4107 = ADVANCED_FACE('',(#4108),#3818,.T.);
#4108 = FACE_BOUND('',#4109,.T.);
#4109 = EDGE_LOOP('',(#4110,#4111,#4112));
#4110 = ORIENTED_EDGE('',*,*,#4043,.F.);
#4111 = ORIENTED_EDGE('',*,*,#3804,.F.);
#4112 = ORIENTED_EDGE('',*,*,#4067,.F.);
#4113 = ADVANCED_FACE('',(#4114),#3653,.T.);
#4114 = FACE_BOUND('',#4115,.T.);
#4115 = EDGE_LOOP('',(#4116,#4136,#4156));
#4116 = ORIENTED_EDGE('',*,*,#4117,.T.);
#4117 = EDGE_CURVE('',#3371,#3670,#4118,.T.);
#4118 = SURFACE_CURVE('',#4119,(#4123,#4130),.PCURVE_S1.);
#4119 = LINE('',#4120,#4121);
#4120 = CARTESIAN_POINT('',(-0.193025186658,-0.118333719671,
    -1.541565358639E-02));
#4121 = VECTOR('',#4122,1.);
#4122 = DIRECTION('',(0.,-0.48564314623,-0.874157156649));
#4123 = PCURVE('',#3653,#4124);
#4124 = DEFINITIONAL_REPRESENTATION('',(#4125),#4129);
#4125 = LINE('',#4126,#4127);
#4126 = CARTESIAN_POINT('',(5.426092603753E-03,-1.573908543637E-03));
#4127 = VECTOR('',#4128,1.);
#4128 = DIRECTION('',(-0.874157156649,0.48564314623));
#4129 = ( GEOMETRIC_REPRESENTATION_CONTEXT(2) 
PARAMETRIC_REPRESENTATION_CONTEXT() REPRESENTATION_CONTEXT('2D SPACE',''
  ) );
#4130 = PCURVE('',#3736,#4131);
#4131 = DEFINITIONAL_REPRESENTATION('',(#4132),#4135);
#4132 = B_SPLINE_CURVE_WITH_KNOTS('',1,(#4133,#4134),.UNSPECIFIED.,.F.,
  .F.,(2,2),(0.,1.029563110491E-02),.PIECEWISE_BEZIER_KNOTS.);
#4133 = CARTESIAN_POINT('',(3.573907008817E-03,-3.426094138572E-03));
#4134 = CARTESIAN_POINT('',(-5.426092603753E-03,1.573908543637E-03));
#4135 = ( GEOMETRIC_REPRESENTATION_CONTEXT(2) 
PARAMETRIC_REPRESENTATION_CONTEXT() REPRESENTATION_CONTEXT('2D SPACE',''
  ) );
#4136 = ORIENTED_EDGE('',*,*,#4137,.T.);
#4137 = EDGE_CURVE('',#3670,#3530,#4138,.T.);
#4138 = SURFACE_CURVE('',#4139,(#4143,#4150),.PCURVE_S1.);
#4139 = LINE('',#4140,#4141);
#4140 = CARTESIAN_POINT('',(-0.193025186658,-0.123333722353,
    -2.441565319896E-02));
#4141 = VECTOR('',#4142,1.);
#4142 = DIRECTION('',(0.,1.,0.));
#4143 = PCURVE('',#3653,#4144);
#4144 = DEFINITIONAL_REPRESENTATION('',(#4145),#4149);
#4145 = LINE('',#4146,#4147);
#4146 = CARTESIAN_POINT('',(-3.573907008817E-03,3.426094138572E-03));
#4147 = VECTOR('',#4148,1.);
#4148 = DIRECTION('',(0.,-1.));
#4149 = ( GEOMETRIC_REPRESENTATION_CONTEXT(2) 
PARAMETRIC_REPRESENTATION_CONTEXT() REPRESENTATION_CONTEXT('2D SPACE',''
  ) );
#4150 = PCURVE('',#3570,#4151);
#4151 = DEFINITIONAL_REPRESENTATION('',(#4152),#4155);
#4152 = B_SPLINE_CURVE_WITH_KNOTS('',1,(#4153,#4154),.UNSPECIFIED.,.F.,
  .F.,(2,2),(0.,5.000002682209E-03),.PIECEWISE_BEZIER_KNOTS.);
#4153 = CARTESIAN_POINT('',(-5.96652328094E-03,-3.53348479549E-03));
#4154 = CARTESIAN_POINT('',(-5.96652328094E-03,1.466517886719E-03));
#4155 = ( GEOMETRIC_REPRESENTATION_CONTEXT(2) 
PARAMETRIC_REPRESENTATION_CONTEXT() REPRESENTATION_CONTEXT('2D SPACE',''
  ) );
#4156 = ORIENTED_EDGE('',*,*,#3639,.F.);
#4157 = ADVANCED_FACE('',(#4158),#3736,.T.);
#4158 = FACE_BOUND('',#4159,.T.);
#4159 = EDGE_LOOP('',(#4160,#4161,#4162));
#4160 = ORIENTED_EDGE('',*,*,#4087,.F.);
#4161 = ORIENTED_EDGE('',*,*,#3720,.F.);
#4162 = ORIENTED_EDGE('',*,*,#4117,.F.);
#4163 = ADVANCED_FACE('',(#4164),#3570,.T.);
#4164 = FACE_BOUND('',#4165,.T.);
#4165 = EDGE_LOOP('',(#4166,#4186,#4187));
#4166 = ORIENTED_EDGE('',*,*,#4167,.T.);
#4167 = EDGE_CURVE('',#3670,#3478,#4168,.T.);
#4168 = SURFACE_CURVE('',#4169,(#4173,#4180),.PCURVE_S1.);
#4169 = LINE('',#4170,#4171);
#4170 = CARTESIAN_POINT('',(-0.193025186658,-0.123333722353,
    -2.441565319896E-02));
#4171 = VECTOR('',#4172,1.);
#4172 = DIRECTION('',(0.94174195695,0.336336270002,0.));
#4173 = PCURVE('',#3570,#4174);
#4174 = DEFINITIONAL_REPRESENTATION('',(#4175),#4179);
#4175 = LINE('',#4176,#4177);
#4176 = CARTESIAN_POINT('',(-5.96652328094E-03,-3.53348479549E-03));
#4177 = VECTOR('',#4178,1.);
#4178 = DIRECTION('',(0.94174195695,0.336336270002));
#4179 = ( GEOMETRIC_REPRESENTATION_CONTEXT(2) 
PARAMETRIC_REPRESENTATION_CONTEXT() REPRESENTATION_CONTEXT('2D SPACE',''
  ) );
#4180 = PCURVE('',#3928,#4181);
#4181 = DEFINITIONAL_REPRESENTATION('',(#4182),#4185);
#4182 = B_SPLINE_CURVE_WITH_KNOTS('',1,(#4183,#4184),.UNSPECIFIED.,.F.,
  .F.,(2,2),(0.,1.486608233532E-02),.PIECEWISE_BEZIER_KNOTS.);
#4183 = CARTESIAN_POINT('',(-1.466517886719E-03,8.03349018971E-03));
#4184 = CARTESIAN_POINT('',(3.53348479549E-03,-5.96652328094E-03));
#4185 = ( GEOMETRIC_REPRESENTATION_CONTEXT(2) 
PARAMETRIC_REPRESENTATION_CONTEXT() REPRESENTATION_CONTEXT('2D SPACE',''
  ) );
#4186 = ORIENTED_EDGE('',*,*,#3556,.F.);
#4187 = ORIENTED_EDGE('',*,*,#4137,.F.);
#4188 = ADVANCED_FACE('',(#4189),#3928,.T.);
#4189 = FACE_BOUND('',#4190,.T.);
#4190 = EDGE_LOOP('',(#4191,#4192,#4193));
#4191 = ORIENTED_EDGE('',*,*,#3914,.F.);
#4192 = ORIENTED_EDGE('',*,*,#4019,.F.);
#4193 = ORIENTED_EDGE('',*,*,#4167,.F.);
#4194 = ( GEOMETRIC_REPRESENTATION_CONTEXT(3) 
GLOBAL_UNCERTAINTY_ASSIGNED_CONTEXT((#4198)) 
GLOBAL_UNIT_ASSIGNED_CONTEXT((#4195,#4196,#4197)) REPRESENTATION_CONTEXT
('Context #1','3D Context with UNIT and UNCERTAINTY') );
#4195 = ( LENGTH_UNIT() NAMED_UNIT(*) SI_UNIT(.MILLI.,.METRE.) );
#4196 = ( NAMED_UNIT(*) PLANE_ANGLE_UNIT() SI_UNIT($,.RADIAN.) );
#4197 = ( NAMED_UNIT(*) SI_UNIT($,.STERADIAN.) SOLID_ANGLE_UNIT() );
#4198 = UNCERTAINTY_MEASURE_WITH_UNIT(LENGTH_MEASURE(1.E-07),#4195,
  'distance_accuracy_value','confusion accuracy');
#4199 = SHAPE_DEFINITION_REPRESENTATION(#4200,#2895);
#4200 = PRODUCT_DEFINITION_SHAPE('','',#4201);
#4201 = PRODUCT_DEFINITION('design','',#4202,#4205);
#4202 = PRODUCT_DEFINITION_FORMATION('','',#4203);
#4203 = PRODUCT(' STEP translator 7.5 1.5',
  ' STEP translator 7.5 1.5','',(#4204));
#4204 = PRODUCT_CONTEXT('',#2,'mechanical');
#4205 = PRODUCT_DEFINITION_CONTEXT('part definition',#2,'design');
#4206 = CONTEXT_DEPENDENT_SHAPE_REPRESENTATION(#4207,#4209);
#4207 = ( REPRESENTATION_RELATIONSHIP('','',#2895,#10) 
REPRESENTATION_RELATIONSHIP_WITH_TRANSFORMATION(#4208) 
SHAPE_REPRESENTATION_RELATIONSHIP() );
#4208 = ITEM_DEFINED_TRANSFORMATION('','',#11,#31);
#4209 = PRODUCT_DEFINITION_SHAPE('Placement','Placement of an item',
  #4210);
#4210 = NEXT_ASSEMBLY_USAGE_OCCURRENCE('5','','',#5,#4201,$);
#4211 = PRODUCT_RELATED_PRODUCT_CATEGORY('part',$,(#4203));
#4212 = MANIFOLD_SURFACE_SHAPE_REPRESENTATION('',(#11,#4213),#4705);
#4213 = SHELL_BASED_SURFACE_MODEL('',(#4214));
#4214 = CLOSED_SHELL('',(#4215,#4304,#4360,#4411,#4467,#4523,#4574,#4618
    ,#4643,#4668,#4674,#4699));
#4215 = ADVANCED_FACE('',(#4216),#4230,.T.);
#4216 = FACE_BOUND('',#4217,.T.);
#4217 = EDGE_LOOP('',(#4218,#4252,#4279));
#4218 = ORIENTED_EDGE('',*,*,#4219,.T.);
#4219 = EDGE_CURVE('',#4220,#4222,#4224,.T.);
#4220 = VERTEX_POINT('',#4221);
#4221 = CARTESIAN_POINT('',(0.122639723122,-0.118625313044,
    -4.241452366114E-02));
#4222 = VERTEX_POINT('',#4223);
#4223 = CARTESIAN_POINT('',(0.122639723122,0.127374693751,
    -3.741452097893E-02));
#4224 = SURFACE_CURVE('',#4225,(#4229,#4241),.PCURVE_S1.);
#4225 = LINE('',#4226,#4227);
#4226 = CARTESIAN_POINT('',(0.122639723122,-0.118625313044,
    -4.241452366114E-02));
#4227 = VECTOR('',#4228,1.);
#4228 = DIRECTION('',(0.,0.999793506823,2.032101657598E-02));
#4229 = PCURVE('',#4230,#4235);
#4230 = PLANE('',#4231);
#4231 = AXIS2_PLACEMENT_3D('',#4232,#4233,#4234);
#4232 = CARTESIAN_POINT('',(0.122639723122,3.137391636925E-03,
    -3.867722360309E-02));
#4233 = DIRECTION('',(1.,0.,0.));
#4234 = DIRECTION('',(-0.,0.,1.));
#4235 = DEFINITIONAL_REPRESENTATION('',(#4236),#4240);
#4236 = LINE('',#4237,#4238);
#4237 = CARTESIAN_POINT('',(-3.73730005805E-03,0.121762704681));
#4238 = VECTOR('',#4239,1.);
#4239 = DIRECTION('',(2.032101657598E-02,-0.999793506823));
#4240 = ( GEOMETRIC_REPRESENTATION_CONTEXT(2) 
PARAMETRIC_REPRESENTATION_CONTEXT() REPRESENTATION_CONTEXT('2D SPACE',''
  ) );
#4241 = PCURVE('',#4242,#4247);
#4242 = PLANE('',#4243);
#4243 = AXIS2_PLACEMENT_3D('',#4244,#4245,#4246);
#4244 = CARTESIAN_POINT('',(0.122639723122,5.611989070816E-03,
    -4.115182103698E-02));
#4245 = DIRECTION('',(1.,0.,0.));
#4246 = DIRECTION('',(-0.,0.,1.));
#4247 = DEFINITIONAL_REPRESENTATION('',(#4248),#4251);
#4248 = B_SPLINE_CURVE_WITH_KNOTS('',1,(#4249,#4250),.UNSPECIFIED.,.F.,
  .F.,(2,2),(0.,0.246050814609),.PIECEWISE_BEZIER_KNOTS.);
#4249 = CARTESIAN_POINT('',(-1.262702624159E-03,0.124237302114));
#4250 = CARTESIAN_POINT('',(3.73730005805E-03,-0.121762704681));
#4251 = ( GEOMETRIC_REPRESENTATION_CONTEXT(2) 
PARAMETRIC_REPRESENTATION_CONTEXT() REPRESENTATION_CONTEXT('2D SPACE',''
  ) );
#4252 = ORIENTED_EDGE('',*,*,#4253,.T.);
#4253 = EDGE_CURVE('',#4222,#4254,#4256,.T.);
#4254 = VERTEX_POINT('',#4255);
#4255 = CARTESIAN_POINT('',(0.122639723122,-0.118625313044,
    -3.741452097893E-02));
#4256 = SURFACE_CURVE('',#4257,(#4261,#4268),.PCURVE_S1.);
#4257 = LINE('',#4258,#4259);
#4258 = CARTESIAN_POINT('',(0.122639723122,0.127374693751,
    -3.741452097893E-02));
#4259 = VECTOR('',#4260,1.);
#4260 = DIRECTION('',(0.,-1.,0.));
#4261 = PCURVE('',#4230,#4262);
#4262 = DEFINITIONAL_REPRESENTATION('',(#4263),#4267);
#4263 = LINE('',#4264,#4265);
#4264 = CARTESIAN_POINT('',(1.262702624159E-03,-0.124237302114));
#4265 = VECTOR('',#4266,1.);
#4266 = DIRECTION('',(0.,1.));
#4267 = ( GEOMETRIC_REPRESENTATION_CONTEXT(2) 
PARAMETRIC_REPRESENTATION_CONTEXT() REPRESENTATION_CONTEXT('2D SPACE',''
  ) );
#4268 = PCURVE('',#4269,#4274);
#4269 = PLANE('',#4270);
#4270 = AXIS2_PLACEMENT_3D('',#4271,#4272,#4273);
#4271 = CARTESIAN_POINT('',(-2.356962328541E-02,4.766535172475E-02,
    -3.741452097893E-02));
#4272 = DIRECTION('',(0.,0.,1.));
#4273 = DIRECTION('',(1.,0.,-0.));
#4274 = DEFINITIONAL_REPRESENTATION('',(#4275),#4278);
#4275 = B_SPLINE_CURVE_WITH_KNOTS('',1,(#4276,#4277),.UNSPECIFIED.,.F.,
  .F.,(2,2),(0.,0.246000006795),.PIECEWISE_BEZIER_KNOTS.);
#4276 = CARTESIAN_POINT('',(0.146209346408,7.970934202659E-02));
#4277 = CARTESIAN_POINT('',(0.146209346408,-0.166290664768));
#4278 = ( GEOMETRIC_REPRESENTATION_CONTEXT(2) 
PARAMETRIC_REPRESENTATION_CONTEXT() REPRESENTATION_CONTEXT('2D SPACE',''
  ) );
#4279 = ORIENTED_EDGE('',*,*,#4280,.T.);
#4280 = EDGE_CURVE('',#4254,#4220,#4281,.T.);
#4281 = SURFACE_CURVE('',#4282,(#4286,#4293),.PCURVE_S1.);
#4282 = LINE('',#4283,#4284);
#4283 = CARTESIAN_POINT('',(0.122639723122,-0.118625313044,
    -3.741452097893E-02));
#4284 = VECTOR('',#4285,1.);
#4285 = DIRECTION('',(0.,0.,-1.));
#4286 = PCURVE('',#4230,#4287);
#4287 = DEFINITIONAL_REPRESENTATION('',(#4288),#4292);
#4288 = LINE('',#4289,#4290);
#4289 = CARTESIAN_POINT('',(1.262702624159E-03,0.121762704681));
#4290 = VECTOR('',#4291,1.);
#4291 = DIRECTION('',(-1.,0.));
#4292 = ( GEOMETRIC_REPRESENTATION_CONTEXT(2) 
PARAMETRIC_REPRESENTATION_CONTEXT() REPRESENTATION_CONTEXT('2D SPACE',''
  ) );
#4293 = PCURVE('',#4294,#4299);
#4294 = PLANE('',#4295);
#4295 = AXIS2_PLACEMENT_3D('',#4296,#4297,#4298);
#4296 = CARTESIAN_POINT('',(-6.561852901809E-02,-0.118625313044,
    -4.115627795823E-02));
#4297 = DIRECTION('',(7.295604985722E-32,-1.,-1.065577458164E-29));
#4298 = DIRECTION('',(0.,1.065577458164E-29,-1.));
#4299 = DEFINITIONAL_REPRESENTATION('',(#4300),#4303);
#4300 = B_SPLINE_CURVE_WITH_KNOTS('',1,(#4301,#4302),.UNSPECIFIED.,.F.,
  .F.,(2,2),(0.,5.000002682209E-03),.PIECEWISE_BEZIER_KNOTS.);
#4301 = CARTESIAN_POINT('',(-3.7417569793E-03,0.18825825214));
#4302 = CARTESIAN_POINT('',(1.258245702909E-03,0.18825825214));
#4303 = ( GEOMETRIC_REPRESENTATION_CONTEXT(2) 
PARAMETRIC_REPRESENTATION_CONTEXT() REPRESENTATION_CONTEXT('2D SPACE',''
  ) );
#4304 = ADVANCED_FACE('',(#4305),#4242,.T.);
#4305 = FACE_BOUND('',#4306,.T.);
#4306 = EDGE_LOOP('',(#4307,#4334,#4359));
#4307 = ORIENTED_EDGE('',*,*,#4308,.T.);
#4308 = EDGE_CURVE('',#4220,#4309,#4311,.T.);
#4309 = VERTEX_POINT('',#4310);
#4310 = CARTESIAN_POINT('',(0.122639723122,0.127374693751,
    -4.241452366114E-02));
#4311 = SURFACE_CURVE('',#4312,(#4316,#4323),.PCURVE_S1.);
#4312 = LINE('',#4313,#4314);
#4313 = CARTESIAN_POINT('',(0.122639723122,-0.118625313044,
    -4.241452366114E-02));
#4314 = VECTOR('',#4315,1.);
#4315 = DIRECTION('',(0.,1.,0.));
#4316 = PCURVE('',#4242,#4317);
#4317 = DEFINITIONAL_REPRESENTATION('',(#4318),#4322);
#4318 = LINE('',#4319,#4320);
#4319 = CARTESIAN_POINT('',(-1.262702624159E-03,0.124237302114));
#4320 = VECTOR('',#4321,1.);
#4321 = DIRECTION('',(0.,-1.));
#4322 = ( GEOMETRIC_REPRESENTATION_CONTEXT(2) 
PARAMETRIC_REPRESENTATION_CONTEXT() REPRESENTATION_CONTEXT('2D SPACE',''
  ) );
#4323 = PCURVE('',#4324,#4329);
#4324 = PLANE('',#4325);
#4325 = AXIS2_PLACEMENT_3D('',#4326,#4327,#4328);
#4326 = CARTESIAN_POINT('',(-2.356962328541E-02,-3.891597101701E-02,
    -4.241452366114E-02));
#4327 = DIRECTION('',(1.698482174684E-33,-1.493372878095E-33,-1.));
#4328 = DIRECTION('',(-1.,0.,-1.698482174684E-33));
#4329 = DEFINITIONAL_REPRESENTATION('',(#4330),#4333);
#4330 = B_SPLINE_CURVE_WITH_KNOTS('',1,(#4331,#4332),.UNSPECIFIED.,.F.,
  .F.,(2,2),(0.,0.246000006795),.PIECEWISE_BEZIER_KNOTS.);
#4331 = CARTESIAN_POINT('',(-0.146209346408,-7.970934202659E-02));
#4332 = CARTESIAN_POINT('',(-0.146209346408,0.166290664768));
#4333 = ( GEOMETRIC_REPRESENTATION_CONTEXT(2) 
PARAMETRIC_REPRESENTATION_CONTEXT() REPRESENTATION_CONTEXT('2D SPACE',''
  ) );
#4334 = ORIENTED_EDGE('',*,*,#4335,.T.);
#4335 = EDGE_CURVE('',#4309,#4222,#4336,.T.);
#4336 = SURFACE_CURVE('',#4337,(#4341,#4348),.PCURVE_S1.);
#4337 = LINE('',#4338,#4339);
#4338 = CARTESIAN_POINT('',(0.122639723122,0.127374693751,
    -4.241452366114E-02));
#4339 = VECTOR('',#4340,1.);
#4340 = DIRECTION('',(0.,0.,1.));
#4341 = PCURVE('',#4242,#4342);
#4342 = DEFINITIONAL_REPRESENTATION('',(#4343),#4347);
#4343 = LINE('',#4344,#4345);
#4344 = CARTESIAN_POINT('',(-1.262702624159E-03,-0.121762704681));
#4345 = VECTOR('',#4346,1.);
#4346 = DIRECTION('',(1.,0.));
#4347 = ( GEOMETRIC_REPRESENTATION_CONTEXT(2) 
PARAMETRIC_REPRESENTATION_CONTEXT() REPRESENTATION_CONTEXT('2D SPACE',''
  ) );
#4348 = PCURVE('',#4349,#4354);
#4349 = PLANE('',#4350);
#4350 = AXIS2_PLACEMENT_3D('',#4351,#4352,#4353);
#4351 = CARTESIAN_POINT('',(-6.561852901809E-02,0.127374693751,
    -3.867276668184E-02));
#4352 = DIRECTION('',(0.,1.,0.));
#4353 = DIRECTION('',(0.,-0.,1.));
#4354 = DEFINITIONAL_REPRESENTATION('',(#4355),#4358);
#4355 = B_SPLINE_CURVE_WITH_KNOTS('',1,(#4356,#4357),.UNSPECIFIED.,.F.,
  .F.,(2,2),(0.,5.000002682209E-03),.PIECEWISE_BEZIER_KNOTS.);
#4356 = CARTESIAN_POINT('',(-3.7417569793E-03,0.18825825214));
#4357 = CARTESIAN_POINT('',(1.258245702909E-03,0.18825825214));
#4358 = ( GEOMETRIC_REPRESENTATION_CONTEXT(2) 
PARAMETRIC_REPRESENTATION_CONTEXT() REPRESENTATION_CONTEXT('2D SPACE',''
  ) );
#4359 = ORIENTED_EDGE('',*,*,#4219,.F.);
#4360 = ADVANCED_FACE('',(#4361),#4349,.T.);
#4361 = FACE_BOUND('',#4362,.T.);
#4362 = EDGE_LOOP('',(#4363,#4390,#4410));
#4363 = ORIENTED_EDGE('',*,*,#4364,.T.);
#4364 = EDGE_CURVE('',#4309,#4365,#4367,.T.);
#4365 = VERTEX_POINT('',#4366);
#4366 = CARTESIAN_POINT('',(-0.256360292435,0.127374693751,
    -3.741452097893E-02));
#4367 = SURFACE_CURVE('',#4368,(#4372,#4379),.PCURVE_S1.);
#4368 = LINE('',#4369,#4370);
#4369 = CARTESIAN_POINT('',(0.122639723122,0.127374693751,
    -4.241452366114E-02));
#4370 = VECTOR('',#4371,1.);
#4371 = DIRECTION('',(-0.999912988764,0.,1.31914707667E-02));
#4372 = PCURVE('',#4349,#4373);
#4373 = DEFINITIONAL_REPRESENTATION('',(#4374),#4378);
#4374 = LINE('',#4375,#4376);
#4375 = CARTESIAN_POINT('',(-3.7417569793E-03,0.18825825214));
#4376 = VECTOR('',#4377,1.);
#4377 = DIRECTION('',(1.31914707667E-02,-0.999912988764));
#4378 = ( GEOMETRIC_REPRESENTATION_CONTEXT(2) 
PARAMETRIC_REPRESENTATION_CONTEXT() REPRESENTATION_CONTEXT('2D SPACE',''
  ) );
#4379 = PCURVE('',#4380,#4385);
#4380 = PLANE('',#4381);
#4381 = AXIS2_PLACEMENT_3D('',#4382,#4383,#4384);
#4382 = CARTESIAN_POINT('',(-6.810204029448E-02,0.127374693751,
    -4.115627795823E-02));
#4383 = DIRECTION('',(0.,1.,0.));
#4384 = DIRECTION('',(0.,-0.,1.));
#4385 = DEFINITIONAL_REPRESENTATION('',(#4386),#4389);
#4386 = B_SPLINE_CURVE_WITH_KNOTS('',1,(#4387,#4388),.UNSPECIFIED.,.F.,
  .F.,(2,2),(0.,0.379032995686),.PIECEWISE_BEZIER_KNOTS.);
#4387 = CARTESIAN_POINT('',(-1.258245702909E-03,0.190741763417));
#4388 = CARTESIAN_POINT('',(3.7417569793E-03,-0.18825825214));
#4389 = ( GEOMETRIC_REPRESENTATION_CONTEXT(2) 
PARAMETRIC_REPRESENTATION_CONTEXT() REPRESENTATION_CONTEXT('2D SPACE',''
  ) );
#4390 = ORIENTED_EDGE('',*,*,#4391,.T.);
#4391 = EDGE_CURVE('',#4365,#4222,#4392,.T.);
#4392 = SURFACE_CURVE('',#4393,(#4397,#4404),.PCURVE_S1.);
#4393 = LINE('',#4394,#4395);
#4394 = CARTESIAN_POINT('',(-0.256360292435,0.127374693751,
    -3.741452097893E-02));
#4395 = VECTOR('',#4396,1.);
#4396 = DIRECTION('',(1.,0.,0.));
#4397 = PCURVE('',#4349,#4398);
#4398 = DEFINITIONAL_REPRESENTATION('',(#4399),#4403);
#4399 = LINE('',#4400,#4401);
#4400 = CARTESIAN_POINT('',(1.258245702909E-03,-0.190741763417));
#4401 = VECTOR('',#4402,1.);
#4402 = DIRECTION('',(0.,1.));
#4403 = ( GEOMETRIC_REPRESENTATION_CONTEXT(2) 
PARAMETRIC_REPRESENTATION_CONTEXT() REPRESENTATION_CONTEXT('2D SPACE',''
  ) );
#4404 = PCURVE('',#4269,#4405);
#4405 = DEFINITIONAL_REPRESENTATION('',(#4406),#4409);
#4406 = B_SPLINE_CURVE_WITH_KNOTS('',1,(#4407,#4408),.UNSPECIFIED.,.F.,
  .F.,(2,2),(0.,0.379000015557),.PIECEWISE_BEZIER_KNOTS.);
#4407 = CARTESIAN_POINT('',(-0.232790669149,7.970934202659E-02));
#4408 = CARTESIAN_POINT('',(0.146209346408,7.970934202659E-02));
#4409 = ( GEOMETRIC_REPRESENTATION_CONTEXT(2) 
PARAMETRIC_REPRESENTATION_CONTEXT() REPRESENTATION_CONTEXT('2D SPACE',''
  ) );
#4410 = ORIENTED_EDGE('',*,*,#4335,.F.);
#4411 = ADVANCED_FACE('',(#4412),#4380,.T.);
#4412 = FACE_BOUND('',#4413,.T.);
#4413 = EDGE_LOOP('',(#4414,#4441,#4466));
#4414 = ORIENTED_EDGE('',*,*,#4415,.T.);
#4415 = EDGE_CURVE('',#4309,#4416,#4418,.T.);
#4416 = VERTEX_POINT('',#4417);
#4417 = CARTESIAN_POINT('',(-0.256360292435,0.127374693751,
    -4.241452366114E-02));
#4418 = SURFACE_CURVE('',#4419,(#4423,#4430),.PCURVE_S1.);
#4419 = LINE('',#4420,#4421);
#4420 = CARTESIAN_POINT('',(0.122639723122,0.127374693751,
    -4.241452366114E-02));
#4421 = VECTOR('',#4422,1.);
#4422 = DIRECTION('',(-1.,0.,0.));
#4423 = PCURVE('',#4380,#4424);
#4424 = DEFINITIONAL_REPRESENTATION('',(#4425),#4429);
#4425 = LINE('',#4426,#4427);
#4426 = CARTESIAN_POINT('',(-1.258245702909E-03,0.190741763417));
#4427 = VECTOR('',#4428,1.);
#4428 = DIRECTION('',(0.,-1.));
#4429 = ( GEOMETRIC_REPRESENTATION_CONTEXT(2) 
PARAMETRIC_REPRESENTATION_CONTEXT() REPRESENTATION_CONTEXT('2D SPACE',''
  ) );
#4430 = PCURVE('',#4431,#4436);
#4431 = PLANE('',#4432);
#4432 = AXIS2_PLACEMENT_3D('',#4433,#4434,#4435);
#4433 = CARTESIAN_POINT('',(-0.110150946027,4.766535172475E-02,
    -4.241452366114E-02));
#4434 = DIRECTION('',(-3.191855052779E-33,5.85475967094E-33,-1.));
#4435 = DIRECTION('',(0.,-1.,-5.85475967094E-33));
#4436 = DEFINITIONAL_REPRESENTATION('',(#4437),#4440);
#4437 = B_SPLINE_CURVE_WITH_KNOTS('',1,(#4438,#4439),.UNSPECIFIED.,.F.,
  .F.,(2,2),(0.,0.379000015557),.PIECEWISE_BEZIER_KNOTS.);
#4438 = CARTESIAN_POINT('',(-7.970934202659E-02,-0.232790669149));
#4439 = CARTESIAN_POINT('',(-7.970934202659E-02,0.146209346408));
#4440 = ( GEOMETRIC_REPRESENTATION_CONTEXT(2) 
PARAMETRIC_REPRESENTATION_CONTEXT() REPRESENTATION_CONTEXT('2D SPACE',''
  ) );
#4441 = ORIENTED_EDGE('',*,*,#4442,.T.);
#4442 = EDGE_CURVE('',#4416,#4365,#4443,.T.);
#4443 = SURFACE_CURVE('',#4444,(#4448,#4455),.PCURVE_S1.);
#4444 = LINE('',#4445,#4446);
#4445 = CARTESIAN_POINT('',(-0.256360292435,0.127374693751,
    -4.241452366114E-02));
#4446 = VECTOR('',#4447,1.);
#4447 = DIRECTION('',(0.,0.,1.));
#4448 = PCURVE('',#4380,#4449);
#4449 = DEFINITIONAL_REPRESENTATION('',(#4450),#4454);
#4450 = LINE('',#4451,#4452);
#4451 = CARTESIAN_POINT('',(-1.258245702909E-03,-0.18825825214));
#4452 = VECTOR('',#4453,1.);
#4453 = DIRECTION('',(1.,0.));
#4454 = ( GEOMETRIC_REPRESENTATION_CONTEXT(2) 
PARAMETRIC_REPRESENTATION_CONTEXT() REPRESENTATION_CONTEXT('2D SPACE',''
  ) );
#4455 = PCURVE('',#4456,#4461);
#4456 = PLANE('',#4457);
#4457 = AXIS2_PLACEMENT_3D('',#4458,#4459,#4460);
#4458 = CARTESIAN_POINT('',(-0.256360292435,5.611989070816E-03,
    -3.867722360309E-02));
#4459 = DIRECTION('',(-1.,-0.,-0.));
#4460 = DIRECTION('',(0.,0.,-1.));
#4461 = DEFINITIONAL_REPRESENTATION('',(#4462),#4465);
#4462 = B_SPLINE_CURVE_WITH_KNOTS('',1,(#4463,#4464),.UNSPECIFIED.,.F.,
  .F.,(2,2),(0.,5.000002682209E-03),.PIECEWISE_BEZIER_KNOTS.);
#4463 = CARTESIAN_POINT('',(3.73730005805E-03,-0.121762704681));
#4464 = CARTESIAN_POINT('',(-1.262702624159E-03,-0.121762704681));
#4465 = ( GEOMETRIC_REPRESENTATION_CONTEXT(2) 
PARAMETRIC_REPRESENTATION_CONTEXT() REPRESENTATION_CONTEXT('2D SPACE',''
  ) );
#4466 = ORIENTED_EDGE('',*,*,#4364,.F.);
#4467 = ADVANCED_FACE('',(#4468),#4456,.T.);
#4468 = FACE_BOUND('',#4469,.T.);
#4469 = EDGE_LOOP('',(#4470,#4497,#4522));
#4470 = ORIENTED_EDGE('',*,*,#4471,.T.);
#4471 = EDGE_CURVE('',#4416,#4472,#4474,.T.);
#4472 = VERTEX_POINT('',#4473);
#4473 = CARTESIAN_POINT('',(-0.256360292435,-0.118625313044,
    -3.741452097893E-02));
#4474 = SURFACE_CURVE('',#4475,(#4479,#4486),.PCURVE_S1.);
#4475 = LINE('',#4476,#4477);
#4476 = CARTESIAN_POINT('',(-0.256360292435,0.127374693751,
    -4.241452366114E-02));
#4477 = VECTOR('',#4478,1.);
#4478 = DIRECTION('',(0.,-0.999793506823,2.032101657598E-02));
#4479 = PCURVE('',#4456,#4480);
#4480 = DEFINITIONAL_REPRESENTATION('',(#4481),#4485);
#4481 = LINE('',#4482,#4483);
#4482 = CARTESIAN_POINT('',(3.73730005805E-03,-0.121762704681));
#4483 = VECTOR('',#4484,1.);
#4484 = DIRECTION('',(-2.032101657598E-02,0.999793506823));
#4485 = ( GEOMETRIC_REPRESENTATION_CONTEXT(2) 
PARAMETRIC_REPRESENTATION_CONTEXT() REPRESENTATION_CONTEXT('2D SPACE',''
  ) );
#4486 = PCURVE('',#4487,#4492);
#4487 = PLANE('',#4488);
#4488 = AXIS2_PLACEMENT_3D('',#4489,#4490,#4491);
#4489 = CARTESIAN_POINT('',(-0.256360292435,3.137391636925E-03,
    -4.115182103698E-02));
#4490 = DIRECTION('',(-1.,-0.,-0.));
#4491 = DIRECTION('',(0.,0.,-1.));
#4492 = DEFINITIONAL_REPRESENTATION('',(#4493),#4496);
#4493 = B_SPLINE_CURVE_WITH_KNOTS('',1,(#4494,#4495),.UNSPECIFIED.,.F.,
  .F.,(2,2),(0.,0.246050814609),.PIECEWISE_BEZIER_KNOTS.);
#4494 = CARTESIAN_POINT('',(1.262702624159E-03,-0.124237302114));
#4495 = CARTESIAN_POINT('',(-3.73730005805E-03,0.121762704681));
#4496 = ( GEOMETRIC_REPRESENTATION_CONTEXT(2) 
PARAMETRIC_REPRESENTATION_CONTEXT() REPRESENTATION_CONTEXT('2D SPACE',''
  ) );
#4497 = ORIENTED_EDGE('',*,*,#4498,.T.);
#4498 = EDGE_CURVE('',#4472,#4365,#4499,.T.);
#4499 = SURFACE_CURVE('',#4500,(#4504,#4511),.PCURVE_S1.);
#4500 = LINE('',#4501,#4502);
#4501 = CARTESIAN_POINT('',(-0.256360292435,-0.118625313044,
    -3.741452097893E-02));
#4502 = VECTOR('',#4503,1.);
#4503 = DIRECTION('',(0.,1.,0.));
#4504 = PCURVE('',#4456,#4505);
#4505 = DEFINITIONAL_REPRESENTATION('',(#4506),#4510);
#4506 = LINE('',#4507,#4508);
#4507 = CARTESIAN_POINT('',(-1.262702624159E-03,0.124237302114));
#4508 = VECTOR('',#4509,1.);
#4509 = DIRECTION('',(0.,-1.));
#4510 = ( GEOMETRIC_REPRESENTATION_CONTEXT(2) 
PARAMETRIC_REPRESENTATION_CONTEXT() REPRESENTATION_CONTEXT('2D SPACE',''
  ) );
#4511 = PCURVE('',#4512,#4517);
#4512 = PLANE('',#4513);
#4513 = AXIS2_PLACEMENT_3D('',#4514,#4515,#4516);
#4514 = CARTESIAN_POINT('',(-0.110150946027,-3.891597101701E-02,
    -3.741452097893E-02));
#4515 = DIRECTION('',(0.,0.,1.));
#4516 = DIRECTION('',(1.,0.,-0.));
#4517 = DEFINITIONAL_REPRESENTATION('',(#4518),#4521);
#4518 = B_SPLINE_CURVE_WITH_KNOTS('',1,(#4519,#4520),.UNSPECIFIED.,.F.,
  .F.,(2,2),(0.,0.246000006795),.PIECEWISE_BEZIER_KNOTS.);
#4519 = CARTESIAN_POINT('',(-0.146209346408,-7.970934202659E-02));
#4520 = CARTESIAN_POINT('',(-0.146209346408,0.166290664768));
#4521 = ( GEOMETRIC_REPRESENTATION_CONTEXT(2) 
PARAMETRIC_REPRESENTATION_CONTEXT() REPRESENTATION_CONTEXT('2D SPACE',''
  ) );
#4522 = ORIENTED_EDGE('',*,*,#4442,.F.);
#4523 = ADVANCED_FACE('',(#4524),#4487,.T.);
#4524 = FACE_BOUND('',#4525,.T.);
#4525 = EDGE_LOOP('',(#4526,#4548,#4573));
#4526 = ORIENTED_EDGE('',*,*,#4527,.T.);
#4527 = EDGE_CURVE('',#4416,#4528,#4530,.T.);
#4528 = VERTEX_POINT('',#4529);
#4529 = CARTESIAN_POINT('',(-0.256360292435,-0.118625313044,
    -4.241452366114E-02));
#4530 = SURFACE_CURVE('',#4531,(#4535,#4542),.PCURVE_S1.);
#4531 = LINE('',#4532,#4533);
#4532 = CARTESIAN_POINT('',(-0.256360292435,0.127374693751,
    -4.241452366114E-02));
#4533 = VECTOR('',#4534,1.);
#4534 = DIRECTION('',(0.,-1.,0.));
#4535 = PCURVE('',#4487,#4536);
#4536 = DEFINITIONAL_REPRESENTATION('',(#4537),#4541);
#4537 = LINE('',#4538,#4539);
#4538 = CARTESIAN_POINT('',(1.262702624159E-03,-0.124237302114));
#4539 = VECTOR('',#4540,1.);
#4540 = DIRECTION('',(0.,1.));
#4541 = ( GEOMETRIC_REPRESENTATION_CONTEXT(2) 
PARAMETRIC_REPRESENTATION_CONTEXT() REPRESENTATION_CONTEXT('2D SPACE',''
  ) );
#4542 = PCURVE('',#4431,#4543);
#4543 = DEFINITIONAL_REPRESENTATION('',(#4544),#4547);
#4544 = B_SPLINE_CURVE_WITH_KNOTS('',1,(#4545,#4546),.UNSPECIFIED.,.F.,
  .F.,(2,2),(0.,0.246000006795),.PIECEWISE_BEZIER_KNOTS.);
#4545 = CARTESIAN_POINT('',(-7.970934202659E-02,0.146209346408));
#4546 = CARTESIAN_POINT('',(0.166290664768,0.146209346408));
#4547 = ( GEOMETRIC_REPRESENTATION_CONTEXT(2) 
PARAMETRIC_REPRESENTATION_CONTEXT() REPRESENTATION_CONTEXT('2D SPACE',''
  ) );
#4548 = ORIENTED_EDGE('',*,*,#4549,.T.);
#4549 = EDGE_CURVE('',#4528,#4472,#4550,.T.);
#4550 = SURFACE_CURVE('',#4551,(#4555,#4562),.PCURVE_S1.);
#4551 = LINE('',#4552,#4553);
#4552 = CARTESIAN_POINT('',(-0.256360292435,-0.118625313044,
    -4.241452366114E-02));
#4553 = VECTOR('',#4554,1.);
#4554 = DIRECTION('',(0.,0.,1.));
#4555 = PCURVE('',#4487,#4556);
#4556 = DEFINITIONAL_REPRESENTATION('',(#4557),#4561);
#4557 = LINE('',#4558,#4559);
#4558 = CARTESIAN_POINT('',(1.262702624159E-03,0.121762704681));
#4559 = VECTOR('',#4560,1.);
#4560 = DIRECTION('',(-1.,0.));
#4561 = ( GEOMETRIC_REPRESENTATION_CONTEXT(2) 
PARAMETRIC_REPRESENTATION_CONTEXT() REPRESENTATION_CONTEXT('2D SPACE',''
  ) );
#4562 = PCURVE('',#4563,#4568);
#4563 = PLANE('',#4564);
#4564 = AXIS2_PLACEMENT_3D('',#4565,#4566,#4567);
#4565 = CARTESIAN_POINT('',(-6.810204029448E-02,-0.118625313044,
    -3.867276668184E-02));
#4566 = DIRECTION('',(-1.300662117338E-31,-1.,2.019679134866E-29));
#4567 = DIRECTION('',(0.,-2.019679134866E-29,-1.));
#4568 = DEFINITIONAL_REPRESENTATION('',(#4569),#4572);
#4569 = B_SPLINE_CURVE_WITH_KNOTS('',1,(#4570,#4571),.UNSPECIFIED.,.F.,
  .F.,(2,2),(0.,5.000002682209E-03),.PIECEWISE_BEZIER_KNOTS.);
#4570 = CARTESIAN_POINT('',(3.7417569793E-03,-0.18825825214));
#4571 = CARTESIAN_POINT('',(-1.258245702909E-03,-0.18825825214));
#4572 = ( GEOMETRIC_REPRESENTATION_CONTEXT(2) 
PARAMETRIC_REPRESENTATION_CONTEXT() REPRESENTATION_CONTEXT('2D SPACE',''
  ) );
#4573 = ORIENTED_EDGE('',*,*,#4471,.F.);
#4574 = ADVANCED_FACE('',(#4575),#4563,.T.);
#4575 = FACE_BOUND('',#4576,.T.);
#4576 = EDGE_LOOP('',(#4577,#4597,#4617));
#4577 = ORIENTED_EDGE('',*,*,#4578,.T.);
#4578 = EDGE_CURVE('',#4528,#4254,#4579,.T.);
#4579 = SURFACE_CURVE('',#4580,(#4584,#4591),.PCURVE_S1.);
#4580 = LINE('',#4581,#4582);
#4581 = CARTESIAN_POINT('',(-0.256360292435,-0.118625313044,
    -4.241452366114E-02));
#4582 = VECTOR('',#4583,1.);
#4583 = DIRECTION('',(0.999912988764,0.,1.31914707667E-02));
#4584 = PCURVE('',#4563,#4585);
#4585 = DEFINITIONAL_REPRESENTATION('',(#4586),#4590);
#4586 = LINE('',#4587,#4588);
#4587 = CARTESIAN_POINT('',(3.7417569793E-03,-0.18825825214));
#4588 = VECTOR('',#4589,1.);
#4589 = DIRECTION('',(-1.31914707667E-02,0.999912988764));
#4590 = ( GEOMETRIC_REPRESENTATION_CONTEXT(2) 
PARAMETRIC_REPRESENTATION_CONTEXT() REPRESENTATION_CONTEXT('2D SPACE',''
  ) );
#4591 = PCURVE('',#4294,#4592);
#4592 = DEFINITIONAL_REPRESENTATION('',(#4593),#4596);
#4593 = B_SPLINE_CURVE_WITH_KNOTS('',1,(#4594,#4595),.UNSPECIFIED.,.F.,
  .F.,(2,2),(0.,0.379032995686),.PIECEWISE_BEZIER_KNOTS.);
#4594 = CARTESIAN_POINT('',(1.258245702909E-03,-0.190741763417));
#4595 = CARTESIAN_POINT('',(-3.7417569793E-03,0.18825825214));
#4596 = ( GEOMETRIC_REPRESENTATION_CONTEXT(2) 
PARAMETRIC_REPRESENTATION_CONTEXT() REPRESENTATION_CONTEXT('2D SPACE',''
  ) );
#4597 = ORIENTED_EDGE('',*,*,#4598,.T.);
#4598 = EDGE_CURVE('',#4254,#4472,#4599,.T.);
#4599 = SURFACE_CURVE('',#4600,(#4604,#4611),.PCURVE_S1.);
#4600 = LINE('',#4601,#4602);
#4601 = CARTESIAN_POINT('',(0.122639723122,-0.118625313044,
    -3.741452097893E-02));
#4602 = VECTOR('',#4603,1.);
#4603 = DIRECTION('',(-1.,0.,0.));
#4604 = PCURVE('',#4563,#4605);
#4605 = DEFINITIONAL_REPRESENTATION('',(#4606),#4610);
#4606 = LINE('',#4607,#4608);
#4607 = CARTESIAN_POINT('',(-1.258245702909E-03,0.190741763417));
#4608 = VECTOR('',#4609,1.);
#4609 = DIRECTION('',(0.,-1.));
#4610 = ( GEOMETRIC_REPRESENTATION_CONTEXT(2) 
PARAMETRIC_REPRESENTATION_CONTEXT() REPRESENTATION_CONTEXT('2D SPACE',''
  ) );
#4611 = PCURVE('',#4512,#4612);
#4612 = DEFINITIONAL_REPRESENTATION('',(#4613),#4616);
#4613 = B_SPLINE_CURVE_WITH_KNOTS('',1,(#4614,#4615),.UNSPECIFIED.,.F.,
  .F.,(2,2),(0.,0.379000015557),.PIECEWISE_BEZIER_KNOTS.);
#4614 = CARTESIAN_POINT('',(0.232790669149,-7.970934202659E-02));
#4615 = CARTESIAN_POINT('',(-0.146209346408,-7.970934202659E-02));
#4616 = ( GEOMETRIC_REPRESENTATION_CONTEXT(2) 
PARAMETRIC_REPRESENTATION_CONTEXT() REPRESENTATION_CONTEXT('2D SPACE',''
  ) );
#4617 = ORIENTED_EDGE('',*,*,#4549,.F.);
#4618 = ADVANCED_FACE('',(#4619),#4294,.T.);
#4619 = FACE_BOUND('',#4620,.T.);
#4620 = EDGE_LOOP('',(#4621,#4641,#4642));
#4621 = ORIENTED_EDGE('',*,*,#4622,.T.);
#4622 = EDGE_CURVE('',#4528,#4220,#4623,.T.);
#4623 = SURFACE_CURVE('',#4624,(#4628,#4635),.PCURVE_S1.);
#4624 = LINE('',#4625,#4626);
#4625 = CARTESIAN_POINT('',(-0.256360292435,-0.118625313044,
    -4.241452366114E-02));
#4626 = VECTOR('',#4627,1.);
#4627 = DIRECTION('',(1.,0.,0.));
#4628 = PCURVE('',#4294,#4629);
#4629 = DEFINITIONAL_REPRESENTATION('',(#4630),#4634);
#4630 = LINE('',#4631,#4632);
#4631 = CARTESIAN_POINT('',(1.258245702909E-03,-0.190741763417));
#4632 = VECTOR('',#4633,1.);
#4633 = DIRECTION('',(0.,1.));
#4634 = ( GEOMETRIC_REPRESENTATION_CONTEXT(2) 
PARAMETRIC_REPRESENTATION_CONTEXT() REPRESENTATION_CONTEXT('2D SPACE',''
  ) );
#4635 = PCURVE('',#4324,#4636);
#4636 = DEFINITIONAL_REPRESENTATION('',(#4637),#4640);
#4637 = B_SPLINE_CURVE_WITH_KNOTS('',1,(#4638,#4639),.UNSPECIFIED.,.F.,
  .F.,(2,2),(0.,0.379000015557),.PIECEWISE_BEZIER_KNOTS.);
#4638 = CARTESIAN_POINT('',(0.232790669149,-7.970934202659E-02));
#4639 = CARTESIAN_POINT('',(-0.146209346408,-7.970934202659E-02));
#4640 = ( GEOMETRIC_REPRESENTATION_CONTEXT(2) 
PARAMETRIC_REPRESENTATION_CONTEXT() REPRESENTATION_CONTEXT('2D SPACE',''
  ) );
#4641 = ORIENTED_EDGE('',*,*,#4280,.F.);
#4642 = ORIENTED_EDGE('',*,*,#4578,.F.);
#4643 = ADVANCED_FACE('',(#4644),#4431,.T.);
#4644 = FACE_BOUND('',#4645,.T.);
#4645 = EDGE_LOOP('',(#4646,#4666,#4667));
#4646 = ORIENTED_EDGE('',*,*,#4647,.T.);
#4647 = EDGE_CURVE('',#4309,#4528,#4648,.T.);
#4648 = SURFACE_CURVE('',#4649,(#4653,#4660),.PCURVE_S1.);
#4649 = LINE('',#4650,#4651);
#4650 = CARTESIAN_POINT('',(0.122639723122,0.127374693751,
    -4.241452366114E-02));
#4651 = VECTOR('',#4652,1.);
#4652 = DIRECTION('',(-0.838797396939,-0.544443685691,0.));
#4653 = PCURVE('',#4431,#4654);
#4654 = DEFINITIONAL_REPRESENTATION('',(#4655),#4659);
#4655 = LINE('',#4656,#4657);
#4656 = CARTESIAN_POINT('',(-7.970934202659E-02,-0.232790669149));
#4657 = VECTOR('',#4658,1.);
#4658 = DIRECTION('',(0.544443685691,0.838797396939));
#4659 = ( GEOMETRIC_REPRESENTATION_CONTEXT(2) 
PARAMETRIC_REPRESENTATION_CONTEXT() REPRESENTATION_CONTEXT('2D SPACE',''
  ) );
#4660 = PCURVE('',#4324,#4661);
#4661 = DEFINITIONAL_REPRESENTATION('',(#4662),#4665);
#4662 = B_SPLINE_CURVE_WITH_KNOTS('',1,(#4663,#4664),.UNSPECIFIED.,.F.,
  .F.,(2,2),(0.,0.451837376868),.PIECEWISE_BEZIER_KNOTS.);
#4663 = CARTESIAN_POINT('',(-0.146209346408,0.166290664768));
#4664 = CARTESIAN_POINT('',(0.232790669149,-7.970934202659E-02));
#4665 = ( GEOMETRIC_REPRESENTATION_CONTEXT(2) 
PARAMETRIC_REPRESENTATION_CONTEXT() REPRESENTATION_CONTEXT('2D SPACE',''
  ) );
#4666 = ORIENTED_EDGE('',*,*,#4527,.F.);
#4667 = ORIENTED_EDGE('',*,*,#4415,.F.);
#4668 = ADVANCED_FACE('',(#4669),#4324,.T.);
#4669 = FACE_BOUND('',#4670,.T.);
#4670 = EDGE_LOOP('',(#4671,#4672,#4673));
#4671 = ORIENTED_EDGE('',*,*,#4308,.F.);
#4672 = ORIENTED_EDGE('',*,*,#4622,.F.);
#4673 = ORIENTED_EDGE('',*,*,#4647,.F.);
#4674 = ADVANCED_FACE('',(#4675),#4269,.T.);
#4675 = FACE_BOUND('',#4676,.T.);
#4676 = EDGE_LOOP('',(#4677,#4697,#4698));
#4677 = ORIENTED_EDGE('',*,*,#4678,.T.);
#4678 = EDGE_CURVE('',#4365,#4254,#4679,.T.);
#4679 = SURFACE_CURVE('',#4680,(#4684,#4691),.PCURVE_S1.);
#4680 = LINE('',#4681,#4682);
#4681 = CARTESIAN_POINT('',(-0.256360292435,0.127374693751,
    -3.741452097893E-02));
#4682 = VECTOR('',#4683,1.);
#4683 = DIRECTION('',(0.838797396939,-0.544443685691,0.));
#4684 = PCURVE('',#4269,#4685);
#4685 = DEFINITIONAL_REPRESENTATION('',(#4686),#4690);
#4686 = LINE('',#4687,#4688);
#4687 = CARTESIAN_POINT('',(-0.232790669149,7.970934202659E-02));
#4688 = VECTOR('',#4689,1.);
#4689 = DIRECTION('',(0.838797396939,-0.544443685691));
#4690 = ( GEOMETRIC_REPRESENTATION_CONTEXT(2) 
PARAMETRIC_REPRESENTATION_CONTEXT() REPRESENTATION_CONTEXT('2D SPACE',''
  ) );
#4691 = PCURVE('',#4512,#4692);
#4692 = DEFINITIONAL_REPRESENTATION('',(#4693),#4696);
#4693 = B_SPLINE_CURVE_WITH_KNOTS('',1,(#4694,#4695),.UNSPECIFIED.,.F.,
  .F.,(2,2),(0.,0.451837376868),.PIECEWISE_BEZIER_KNOTS.);
#4694 = CARTESIAN_POINT('',(-0.146209346408,0.166290664768));
#4695 = CARTESIAN_POINT('',(0.232790669149,-7.970934202659E-02));
#4696 = ( GEOMETRIC_REPRESENTATION_CONTEXT(2) 
PARAMETRIC_REPRESENTATION_CONTEXT() REPRESENTATION_CONTEXT('2D SPACE',''
  ) );
#4697 = ORIENTED_EDGE('',*,*,#4253,.F.);
#4698 = ORIENTED_EDGE('',*,*,#4391,.F.);
#4699 = ADVANCED_FACE('',(#4700),#4512,.T.);
#4700 = FACE_BOUND('',#4701,.T.);
#4701 = EDGE_LOOP('',(#4702,#4703,#4704));
#4702 = ORIENTED_EDGE('',*,*,#4498,.F.);
#4703 = ORIENTED_EDGE('',*,*,#4598,.F.);
#4704 = ORIENTED_EDGE('',*,*,#4678,.F.);
#4705 = ( GEOMETRIC_REPRESENTATION_CONTEXT(3) 
GLOBAL_UNCERTAINTY_ASSIGNED_CONTEXT((#4709)) 
GLOBAL_UNIT_ASSIGNED_CONTEXT((#4706,#4707,#4708)) REPRESENTATION_CONTEXT
('Context #1','3D Context with UNIT and UNCERTAINTY') );
#4706 = ( LENGTH_UNIT() NAMED_UNIT(*) SI_UNIT(.MILLI.,.METRE.) );
#4707 = ( NAMED_UNIT(*) PLANE_ANGLE_UNIT() SI_UNIT($,.RADIAN.) );
#4708 = ( NAMED_UNIT(*) SI_UNIT($,.STERADIAN.) SOLID_ANGLE_UNIT() );
#4709 = UNCERTAINTY_MEASURE_WITH_UNIT(LENGTH_MEASURE(1.E-07),#4706,
  'distance_accuracy_value','confusion accuracy');
#4710 = SHAPE_DEFINITION_REPRESENTATION(#4711,#4212);
#4711 = PRODUCT_DEFINITION_SHAPE('','',#4712);
#4712 = PRODUCT_DEFINITION('design','',#4713,#4716);
#4713 = PRODUCT_DEFINITION_FORMATION('','',#4714);
#4714 = PRODUCT(' STEP translator 7.5 1.6',
  ' STEP translator 7.5 1.6','',(#4715));
#4715 = PRODUCT_CONTEXT('',#2,'mechanical');
#4716 = PRODUCT_DEFINITION_CONTEXT('part definition',#2,'design');
#4717 = CONTEXT_DEPENDENT_SHAPE_REPRESENTATION(#4718,#4720);
#4718 = ( REPRESENTATION_RELATIONSHIP('','',#4212,#10) 
REPRESENTATION_RELATIONSHIP_WITH_TRANSFORMATION(#4719) 
SHAPE_REPRESENTATION_RELATIONSHIP() );
#4719 = ITEM_DEFINED_TRANSFORMATION('','',#11,#35);
#4720 = PRODUCT_DEFINITION_SHAPE('Placement','Placement of an item',
  #4721);
#4721 = NEXT_ASSEMBLY_USAGE_OCCURRENCE('6','','',#5,#4712,$);
#4722 = PRODUCT_RELATED_PRODUCT_CATEGORY('part',$,(#4714));
ENDSEC;
END-ISO-10303-21;
