ISO-10303-21;
HEADER;
FILE_DESCRIPTION((' Model'),'2;1');
FILE_NAME(' Shape Model','2026-08-29T15:32:46',(''),(
    ''),' ','','Unknown');
FILE_SCHEMA(('AUTOMOTIVE_DESIGN { 1 0 10303 214 1 1 1 1 }'));
ENDSEC;
DATA;
#1 = APPLICATION_PROTOCOL_DEFINITION('international standard',
  'automotive_design',2000,#2);
#2 = APPLICATION_CONTEXT(
  'core data for automotive mechanical design processes');
#3 = SHAPE_DEFINITION_REPRESENTATION(#4,#10);
#4 = PRODUCT_DEFINITION_SHAPE('','',#5);
#5 = PRODUCT_DEFINITION('design','',#6,#9);
#6 = PRODUCT_DEFINITION_FORMATION('','',#7);
#7 = PRODUCT(' STEP translator 7.5 1',
  ' STEP translator 7.5 1','',(#8));
#8 = PRODUCT_CONTEXT('',#2,'mechanical');
#9 = PRODUCT_DEFINITION_CONTEXT('part definition',#2,'design');
#10 = MANIFOLD_SURFACE_SHAPE_REPRESENTATION('',(#11,#15),#11970);
#11 = AXIS2_PLACEMENT_3D('',#12,#13,#14);
#12 = CARTESIAN_POINT('',(0.,0.,0.));
#13 = DIRECTION('',(0.,0.,1.));
#14 = DIRECTION('',(1.,0.,-0.));
#15 = SHELL_BASED_SURFACE_MODEL('',(#16));
#16 = OPEN_SHELL('',(#17,#106,#162,#218,#274,#363,#419,#475,#531,#587,
    #643,#721,#777,#833,#889,#945,#1001,#1057,#1144,#1200,#1256,#1312,
    #1361,#1412,#1437,#1467,#1518,#1574,#1625,#1655,#1711,#1736,#1785,
    #1791,#1878,#1934,#1990,#2046,#2097,#2127,#2156,#2186,#2242,#2298,
    #2354,#2410,#2466,#2517,#2573,#2624,#2654,#2710,#2740,#2796,#2852,
    #2908,#2964,#3020,#3076,#3132,#3188,#3244,#3300,#3351,#3381,#3430,
    #3455,#3485,#3534,#3559,#3584,#3633,#3639,#3695,#3751,#3807,#3863,
    #3950,#4006,#4062,#4118,#4169,#4199,#4255,#4311,#4367,#4423,#4479,
    #4535,#4591,#4679,#4709,#4760,#4790,#4846,#4902,#4958,#5014,#5070,
    #5126,#5182,#5238,#5294,#5350,#5406,#5462,#5518,#5574,#5630,#5686,
    #5742,#5798,#5854,#5910,#5966,#6022,#6073,#6129,#6185,#6215,#6264,
    #6320,#6376,#6406,#6457,#6487,#6543,#6599,#6650,#6706,#6762,#6792,
    #6848,#6899,#6929,#6985,#7036,#7066,#7117,#7147,#7193,#7223,#7274,
    #7304,#7350,#7380,#7431,#7461,#7507,#7537,#7588,#7618,#7664,#7694,
    #7745,#7775,#7821,#7851,#7902,#7932,#7978,#8008,#8059,#8089,#8135,
    #8165,#8216,#8246,#8292,#8322,#8373,#8403,#8449,#8479,#8530,#8560,
    #8606,#8636,#8687,#8717,#8763,#8793,#8844,#8874,#8920,#8950,#9001,
    #9031,#9077,#9107,#9158,#9188,#9234,#9264,#9315,#9371,#9415,#9445,
    #9470,#9500,#9525,#9555,#9580,#9610,#9635,#9665,#9690,#9720,#9745,
    #9775,#9800,#9830,#9855,#9885,#9910,#9940,#9965,#9995,#10020,#10050,
    #10075,#10105,#10130,#10155,#10161,#10205,#10211,#10236,#10242,
    #10286,#10311,#10355,#10361,#10405,#10411,#10455,#10461,#10492,
    #10537,#10542,#10586,#10592,#10636,#10642,#10686,#10692,#10741,
    #10747,#10771,#10815,#10821,#10846,#10871,#10896,#10921,#10946,
    #10971,#10996,#11021,#11046,#11071,#11096,#11121,#11146,#11171,
    #11196,#11221,#11246,#11271,#11296,#11326,#11370,#11408,#11433,
    #11439,#11483,#11489,#11533,#11539,#11583,#11589,#11633,#11639,
    #11683,#11689,#11733,#11739,#11783,#11789,#11833,#11839,#11883,
    #11889,#11933,#11939,#11964));
#17 = ADVANCED_FACE('',(#18),#32,.T.);
#18 = FACE_BOUND('',#19,.T.);
#19 = EDGE_LOOP('',(#20,#54,#81));
#20 = ORIENTED_EDGE('',*,*,#21,.T.);
#21 = EDGE_CURVE('',#22,#24,#26,.T.);
#22 = VERTEX_POINT('',#23);
#23 = CARTESIAN_POINT('',(1.341946516186E-02,1.333204098046E-02,
    1.186756533571E-03));
#24 = VERTEX_POINT('',#25);
#25 = CARTESIAN_POINT('',(6.277596578002E-03,4.194555804133E-03,
    1.186756533571E-03));
#26 = SURFACE_CURVE('',#27,(#31,#43),.PCURVE_S1.);
#27 = LINE('',#28,#29);
#28 = CARTESIAN_POINT('',(1.341946516186E-02,1.333204098046E-02,
    1.186756533571E-03));
#29 = VECTOR('',#30,1.);
#30 = DIRECTION('',(-0.615815814971,-0.787890145916,0.));
#31 = PCURVE('',#32,#37);
#32 = PLANE('',#33);
#33 = AXIS2_PLACEMENT_3D('',#34,#35,#36);
#34 = CARTESIAN_POINT('',(9.385583716534E-03,8.787303600016E-03,
    1.186756533571E-03));
#35 = DIRECTION('',(-0.,-0.,-1.));
#36 = DIRECTION('',(-1.,0.,0.));
#37 = DEFINITIONAL_REPRESENTATION('',(#38),#42);
#38 = LINE('',#39,#40);
#39 = CARTESIAN_POINT('',(-4.033881445326E-03,4.544737380443E-03));
#40 = VECTOR('',#41,1.);
#41 = DIRECTION('',(0.615815814971,-0.787890145916));
#42 = ( GEOMETRIC_REPRESENTATION_CONTEXT(2) 
PARAMETRIC_REPRESENTATION_CONTEXT() REPRESENTATION_CONTEXT('2D SPACE',''
  ) );
#43 = PCURVE('',#44,#49);
#44 = PLANE('',#45);
#45 = AXIS2_PLACEMENT_3D('',#46,#47,#48);
#46 = CARTESIAN_POINT('',(9.829273373195E-03,8.142487468252E-03,
    1.186756533571E-03));
#47 = DIRECTION('',(-3.202220192358E-31,2.216401520174E-31,-1.));
#48 = DIRECTION('',(-1.,0.,3.202220192358E-31));
#49 = DEFINITIONAL_REPRESENTATION('',(#50),#53);
#50 = B_SPLINE_CURVE_WITH_KNOTS('',1,(#51,#52),.UNSPECIFIED.,.F.,.F.,(2,
    2),(0.,1.159741015126E-02),.PIECEWISE_BEZIER_KNOTS.);
#51 = CARTESIAN_POINT('',(-3.590191788665E-03,5.189553512207E-03));
#52 = CARTESIAN_POINT('',(3.551676795193E-03,-3.947931664118E-03));
#53 = ( GEOMETRIC_REPRESENTATION_CONTEXT(2) 
PARAMETRIC_REPRESENTATION_CONTEXT() REPRESENTATION_CONTEXT('2D SPACE',''
  ) );
#54 = ORIENTED_EDGE('',*,*,#55,.T.);
#55 = EDGE_CURVE('',#24,#56,#58,.T.);
#56 = VERTEX_POINT('',#57);
#57 = CARTESIAN_POINT('',(5.338656716049E-03,5.338656716049E-03,
    1.186756533571E-03));
#58 = SURFACE_CURVE('',#59,(#63,#70),.PCURVE_S1.);
#59 = LINE('',#60,#61);
#60 = CARTESIAN_POINT('',(6.277596578002E-03,4.194555804133E-03,
    1.186756533571E-03));
#61 = VECTOR('',#62,1.);
#62 = DIRECTION('',(-0.634393489653,0.773010284722,0.));
#63 = PCURVE('',#32,#64);
#64 = DEFINITIONAL_REPRESENTATION('',(#65),#69);
#65 = LINE('',#66,#67);
#66 = CARTESIAN_POINT('',(3.107987138532E-03,-4.592747795882E-03));
#67 = VECTOR('',#68,1.);
#68 = DIRECTION('',(0.634393489653,0.773010284722));
#69 = ( GEOMETRIC_REPRESENTATION_CONTEXT(2) 
PARAMETRIC_REPRESENTATION_CONTEXT() REPRESENTATION_CONTEXT('2D SPACE',''
  ) );
#70 = PCURVE('',#71,#76);
#71 = PLANE('',#72);
#72 = AXIS2_PLACEMENT_3D('',#73,#74,#75);
#73 = CARTESIAN_POINT('',(5.71149043018E-03,4.884357767187E-03,
    1.445678707451E-03));
#74 = DIRECTION('',(-0.773010284722,-0.634393489653,2.204315001042E-16)
  );
#75 = DIRECTION('',(0.634393489653,-0.773010284722,0.));
#76 = DEFINITIONAL_REPRESENTATION('',(#77),#80);
#77 = B_SPLINE_CURVE_WITH_KNOTS('',1,(#78,#79),.UNSPECIFIED.,.F.,.F.,(2,
    2),(0.,1.480059107269E-03),.PIECEWISE_BEZIER_KNOTS.);
#78 = CARTESIAN_POINT('',(8.923580664928E-04,-2.589221738804E-04));
#79 = CARTESIAN_POINT('',(-5.877010407763E-04,-2.589221738804E-04));
#80 = ( GEOMETRIC_REPRESENTATION_CONTEXT(2) 
PARAMETRIC_REPRESENTATION_CONTEXT() REPRESENTATION_CONTEXT('2D SPACE',''
  ) );
#81 = ORIENTED_EDGE('',*,*,#82,.T.);
#82 = EDGE_CURVE('',#56,#22,#83,.T.);
#83 = SURFACE_CURVE('',#84,(#88,#95),.PCURVE_S1.);
#84 = LINE('',#85,#86);
#85 = CARTESIAN_POINT('',(5.338656716049E-03,5.338656716049E-03,
    1.186756533571E-03));
#86 = VECTOR('',#87,1.);
#87 = DIRECTION('',(0.710942072565,0.703250573734,0.));
#88 = PCURVE('',#32,#89);
#89 = DEFINITIONAL_REPRESENTATION('',(#90),#94);
#90 = LINE('',#91,#92);
#91 = CARTESIAN_POINT('',(4.046927000485E-03,-3.448646883967E-03));
#92 = VECTOR('',#93,1.);
#93 = DIRECTION('',(-0.710942072565,0.703250573734));
#94 = ( GEOMETRIC_REPRESENTATION_CONTEXT(2) 
PARAMETRIC_REPRESENTATION_CONTEXT() REPRESENTATION_CONTEXT('2D SPACE',''
  ) );
#95 = PCURVE('',#96,#101);
#96 = PLANE('',#97);
#97 = AXIS2_PLACEMENT_3D('',#98,#99,#100);
#98 = CARTESIAN_POINT('',(8.828355342916E-03,9.344813519011E-03,
    1.186756533571E-03));
#99 = DIRECTION('',(-4.179980205728E-31,4.76887191618E-31,-1.));
#100 = DIRECTION('',(0.,-1.,-4.76887191618E-31));
#101 = DEFINITIONAL_REPRESENTATION('',(#102),#105);
#102 = B_SPLINE_CURVE_WITH_KNOTS('',1,(#103,#104),.UNSPECIFIED.,.F.,.F.,
  (2,2),(0.,1.136633877449E-02),.PIECEWISE_BEZIER_KNOTS.);
#103 = CARTESIAN_POINT('',(4.006156802963E-03,3.489698626867E-03));
#104 = CARTESIAN_POINT('',(-3.987227461447E-03,-4.591109818944E-03));
#105 = ( GEOMETRIC_REPRESENTATION_CONTEXT(2) 
PARAMETRIC_REPRESENTATION_CONTEXT() REPRESENTATION_CONTEXT('2D SPACE',''
  ) );
#106 = ADVANCED_FACE('',(#107),#44,.T.);
#107 = FACE_BOUND('',#108,.T.);
#108 = EDGE_LOOP('',(#109,#136,#161));
#109 = ORIENTED_EDGE('',*,*,#110,.T.);
#110 = EDGE_CURVE('',#22,#111,#113,.T.);
#111 = VERTEX_POINT('',#112);
#112 = CARTESIAN_POINT('',(6.97529129684E-03,2.88926041685E-03,
    1.186756533571E-03));
#113 = SURFACE_CURVE('',#114,(#118,#125),.PCURVE_S1.);
#114 = LINE('',#115,#116);
#115 = CARTESIAN_POINT('',(1.341946516186E-02,1.333204098046E-02,
    1.186756533571E-03));
#116 = VECTOR('',#117,1.);
#117 = DIRECTION('',(-0.525151951083,-0.851008477204,0.));
#118 = PCURVE('',#44,#119);
#119 = DEFINITIONAL_REPRESENTATION('',(#120),#124);
#120 = LINE('',#121,#122);
#121 = CARTESIAN_POINT('',(-3.590191788665E-03,5.189553512207E-03));
#122 = VECTOR('',#123,1.);
#123 = DIRECTION('',(0.525151951083,-0.851008477204));
#124 = ( GEOMETRIC_REPRESENTATION_CONTEXT(2) 
PARAMETRIC_REPRESENTATION_CONTEXT() REPRESENTATION_CONTEXT('2D SPACE',''
  ) );
#125 = PCURVE('',#126,#131);
#126 = PLANE('',#127);
#127 = AXIS2_PLACEMENT_3D('',#128,#129,#130);
#128 = CARTESIAN_POINT('',(1.013842941538E-02,7.438051226718E-03,
    1.186756533571E-03));
#129 = DIRECTION('',(-2.989838838545E-31,1.569119369201E-31,-1.));
#130 = DIRECTION('',(-1.,0.,2.989838838545E-31));
#131 = DEFINITIONAL_REPRESENTATION('',(#132),#135);
#132 = B_SPLINE_CURVE_WITH_KNOTS('',1,(#133,#134),.UNSPECIFIED.,.F.,.F.,
  (2,2),(0.,1.227106526355E-02),.PIECEWISE_BEZIER_KNOTS.);
#133 = CARTESIAN_POINT('',(-3.281035746478E-03,5.89398975374E-03));
#134 = CARTESIAN_POINT('',(3.163138118543E-03,-4.548790809868E-03));
#135 = ( GEOMETRIC_REPRESENTATION_CONTEXT(2) 
PARAMETRIC_REPRESENTATION_CONTEXT() REPRESENTATION_CONTEXT('2D SPACE',''
  ) );
#136 = ORIENTED_EDGE('',*,*,#137,.T.);
#137 = EDGE_CURVE('',#111,#24,#138,.T.);
#138 = SURFACE_CURVE('',#139,(#143,#150),.PCURVE_S1.);
#139 = LINE('',#140,#141);
#140 = CARTESIAN_POINT('',(6.97529129684E-03,2.88926041685E-03,
    1.186756533571E-03));
#141 = VECTOR('',#142,1.);
#142 = DIRECTION('',(-0.471396631004,0.881921320911,0.));
#143 = PCURVE('',#44,#144);
#144 = DEFINITIONAL_REPRESENTATION('',(#145),#149);
#145 = LINE('',#146,#147);
#146 = CARTESIAN_POINT('',(2.853982076355E-03,-5.253227051401E-03));
#147 = VECTOR('',#148,1.);
#148 = DIRECTION('',(0.471396631004,0.881921320911));
#149 = ( GEOMETRIC_REPRESENTATION_CONTEXT(2) 
PARAMETRIC_REPRESENTATION_CONTEXT() REPRESENTATION_CONTEXT('2D SPACE',''
  ) );
#150 = PCURVE('',#151,#156);
#151 = PLANE('',#152);
#152 = AXIS2_PLACEMENT_3D('',#153,#154,#155);
#153 = CARTESIAN_POINT('',(6.554636794627E-03,3.676249864459E-03,
    1.445678718002E-03));
#154 = DIRECTION('',(-0.881921320911,-0.471396631004,1.10215745492E-16)
  );
#155 = DIRECTION('',(0.471396631004,-0.881921320911,-6.162975822039E-33)
  );
#156 = DEFINITIONAL_REPRESENTATION('',(#157),#160);
#157 = B_SPLINE_CURVE_WITH_KNOTS('',1,(#158,#159),.UNSPECIFIED.,.F.,.F.,
  (2,2),(0.,1.480058772062E-03),.PIECEWISE_BEZIER_KNOTS.);
#158 = CARTESIAN_POINT('',(8.92357888338E-04,-2.589221844314E-04));
#159 = CARTESIAN_POINT('',(-5.877008837235E-04,-2.589221844314E-04));
#160 = ( GEOMETRIC_REPRESENTATION_CONTEXT(2) 
PARAMETRIC_REPRESENTATION_CONTEXT() REPRESENTATION_CONTEXT('2D SPACE',''
  ) );
#161 = ORIENTED_EDGE('',*,*,#21,.F.);
#162 = ADVANCED_FACE('',(#163),#126,.T.);
#163 = FACE_BOUND('',#164,.T.);
#164 = EDGE_LOOP('',(#165,#192,#217));
#165 = ORIENTED_EDGE('',*,*,#166,.T.);
#166 = EDGE_CURVE('',#22,#167,#169,.T.);
#167 = VERTEX_POINT('',#168);
#168 = CARTESIAN_POINT('',(7.404929492623E-03,1.47293205373E-03,
    1.186756533571E-03));
#169 = SURFACE_CURVE('',#170,(#174,#181),.PCURVE_S1.);
#170 = LINE('',#171,#172);
#171 = CARTESIAN_POINT('',(1.341946516186E-02,1.333204098046E-02,
    1.186756533571E-03));
#172 = VECTOR('',#173,1.);
#173 = DIRECTION('',(-0.452319051883,-0.891856196538,0.));
#174 = PCURVE('',#126,#175);
#175 = DEFINITIONAL_REPRESENTATION('',(#176),#180);
#176 = LINE('',#177,#178);
#177 = CARTESIAN_POINT('',(-3.281035746478E-03,5.89398975374E-03));
#178 = VECTOR('',#179,1.);
#179 = DIRECTION('',(0.452319051883,-0.891856196538));
#180 = ( GEOMETRIC_REPRESENTATION_CONTEXT(2) 
PARAMETRIC_REPRESENTATION_CONTEXT() REPRESENTATION_CONTEXT('2D SPACE',''
  ) );
#181 = PCURVE('',#182,#187);
#182 = PLANE('',#183);
#183 = AXIS2_PLACEMENT_3D('',#184,#185,#186);
#184 = CARTESIAN_POINT('',(1.184559495626E-02,6.573177380824E-05,
    1.186756533571E-03));
#185 = DIRECTION('',(3.567922972493E-32,1.279768965375E-33,-1.));
#186 = DIRECTION('',(-1.,0.,-3.567922972493E-32));
#187 = DEFINITIONAL_REPRESENTATION('',(#188),#191);
#188 = B_SPLINE_CURVE_WITH_KNOTS('',1,(#189,#190),.UNSPECIFIED.,.F.,.F.,
  (2,2),(0.,1.329710885315E-02),.PIECEWISE_BEZIER_KNOTS.);
#189 = CARTESIAN_POINT('',(-1.5738702056E-03,1.326630920665E-02));
#190 = CARTESIAN_POINT('',(4.440665463638E-03,1.407200279922E-03));
#191 = ( GEOMETRIC_REPRESENTATION_CONTEXT(2) 
PARAMETRIC_REPRESENTATION_CONTEXT() REPRESENTATION_CONTEXT('2D SPACE',''
  ) );
#192 = ORIENTED_EDGE('',*,*,#193,.T.);
#193 = EDGE_CURVE('',#167,#111,#194,.T.);
#194 = SURFACE_CURVE('',#195,(#199,#206),.PCURVE_S1.);
#195 = LINE('',#196,#197);
#196 = CARTESIAN_POINT('',(7.404929492623E-03,1.47293205373E-03,
    1.186756533571E-03));
#197 = VECTOR('',#198,1.);
#198 = DIRECTION('',(-0.290284481698,0.956940395054,0.));
#199 = PCURVE('',#126,#200);
#200 = DEFINITIONAL_REPRESENTATION('',(#201),#205);
#201 = LINE('',#202,#203);
#202 = CARTESIAN_POINT('',(2.73349992276E-03,-5.965119172988E-03));
#203 = VECTOR('',#204,1.);
#204 = DIRECTION('',(0.290284481698,0.956940395054));
#205 = ( GEOMETRIC_REPRESENTATION_CONTEXT(2) 
PARAMETRIC_REPRESENTATION_CONTEXT() REPRESENTATION_CONTEXT('2D SPACE',''
  ) );
#206 = PCURVE('',#207,#212);
#207 = PLANE('',#208);
#208 = AXIS2_PLACEMENT_3D('',#209,#210,#211);
#209 = CARTESIAN_POINT('',(7.145891791173E-03,2.326865543076E-03,
    1.445678706915E-03));
#210 = DIRECTION('',(-0.956940395054,-0.290284481698,-0.));
#211 = DIRECTION('',(0.290284481698,-0.956940395054,0.));
#212 = DEFINITIONAL_REPRESENTATION('',(#213),#216);
#213 = B_SPLINE_CURVE_WITH_KNOTS('',1,(#214,#215),.UNSPECIFIED.,.F.,.F.,
  (2,2),(0.,1.480059124311E-03),.PIECEWISE_BEZIER_KNOTS.);
#214 = CARTESIAN_POINT('',(8.9235807555E-04,-2.58922173344E-04));
#215 = CARTESIAN_POINT('',(-5.877010487607E-04,-2.58922173344E-04));
#216 = ( GEOMETRIC_REPRESENTATION_CONTEXT(2) 
PARAMETRIC_REPRESENTATION_CONTEXT() REPRESENTATION_CONTEXT('2D SPACE',''
  ) );
#217 = ORIENTED_EDGE('',*,*,#110,.F.);
#218 = ADVANCED_FACE('',(#219),#182,.T.);
#219 = FACE_BOUND('',#220,.T.);
#220 = EDGE_LOOP('',(#221,#248,#249));
#221 = ORIENTED_EDGE('',*,*,#222,.T.);
#222 = EDGE_CURVE('',#223,#167,#225,.T.);
#223 = VERTEX_POINT('',#224);
#224 = CARTESIAN_POINT('',(1.341946516186E-02,-1.333204098046E-02,
    1.186756533571E-03));
#225 = SURFACE_CURVE('',#226,(#230,#237),.PCURVE_S1.);
#226 = LINE('',#227,#228);
#227 = CARTESIAN_POINT('',(1.341946516186E-02,-1.333204098046E-02,
    1.186756533571E-03));
#228 = VECTOR('',#229,1.);
#229 = DIRECTION('',(-0.376377872749,0.926466241644,0.));
#230 = PCURVE('',#182,#231);
#231 = DEFINITIONAL_REPRESENTATION('',(#232),#236);
#232 = LINE('',#233,#234);
#233 = CARTESIAN_POINT('',(-1.5738702056E-03,-1.339777275427E-02));
#234 = VECTOR('',#235,1.);
#235 = DIRECTION('',(0.376377872749,0.926466241644));
#236 = ( GEOMETRIC_REPRESENTATION_CONTEXT(2) 
PARAMETRIC_REPRESENTATION_CONTEXT() REPRESENTATION_CONTEXT('2D SPACE',''
  ) );
#237 = PCURVE('',#238,#243);
#238 = PLANE('',#239);
#239 = AXIS2_PLACEMENT_3D('',#240,#241,#242);
#240 = CARTESIAN_POINT('',(1.030956649102E-02,-5.956466363132E-03,
    1.186756533571E-03));
#241 = DIRECTION('',(-0.,-0.,-1.));
#242 = DIRECTION('',(-1.,0.,0.));
#243 = DEFINITIONAL_REPRESENTATION('',(#244),#247);
#244 = B_SPLINE_CURVE_WITH_KNOTS('',1,(#245,#246),.UNSPECIFIED.,.F.,.F.,
  (2,2),(0.,1.598004586538E-02),.PIECEWISE_BEZIER_KNOTS.);
#245 = CARTESIAN_POINT('',(-3.10989867084E-03,-7.375574617327E-03));
#246 = CARTESIAN_POINT('',(2.904636998398E-03,7.429398416862E-03));
#247 = ( GEOMETRIC_REPRESENTATION_CONTEXT(2) 
PARAMETRIC_REPRESENTATION_CONTEXT() REPRESENTATION_CONTEXT('2D SPACE',''
  ) );
#248 = ORIENTED_EDGE('',*,*,#166,.F.);
#249 = ORIENTED_EDGE('',*,*,#250,.F.);
#250 = EDGE_CURVE('',#223,#22,#251,.T.);
#251 = SURFACE_CURVE('',#252,(#256,#262),.PCURVE_S1.);
#252 = LINE('',#253,#254);
#253 = CARTESIAN_POINT('',(1.341946516186E-02,-1.333204098046E-02,
    1.186756533571E-03));
#254 = VECTOR('',#255,1.);
#255 = DIRECTION('',(0.,1.,0.));
#256 = PCURVE('',#182,#257);
#257 = DEFINITIONAL_REPRESENTATION('',(#258),#261);
#258 = B_SPLINE_CURVE_WITH_KNOTS('',1,(#259,#260),.UNSPECIFIED.,.F.,.F.,
  (2,2),(0.,2.666408196092E-02),.PIECEWISE_BEZIER_KNOTS.);
#259 = CARTESIAN_POINT('',(-1.5738702056E-03,-1.339777275427E-02));
#260 = CARTESIAN_POINT('',(-1.5738702056E-03,1.326630920665E-02));
#261 = ( GEOMETRIC_REPRESENTATION_CONTEXT(2) 
PARAMETRIC_REPRESENTATION_CONTEXT() REPRESENTATION_CONTEXT('2D SPACE',''
  ) );
#262 = PCURVE('',#263,#268);
#263 = PLANE('',#264);
#264 = AXIS2_PLACEMENT_3D('',#265,#266,#267);
#265 = CARTESIAN_POINT('',(1.341946516186E-02,-8.582713468468E-04,
    2.016495251564E-04));
#266 = DIRECTION('',(-1.,-0.,-0.));
#267 = DIRECTION('',(0.,0.,-1.));
#268 = DEFINITIONAL_REPRESENTATION('',(#269),#273);
#269 = LINE('',#270,#271);
#270 = CARTESIAN_POINT('',(-9.851070084142E-04,1.247376963361E-02));
#271 = VECTOR('',#272,1.);
#272 = DIRECTION('',(0.,-1.));
#273 = ( GEOMETRIC_REPRESENTATION_CONTEXT(2) 
PARAMETRIC_REPRESENTATION_CONTEXT() REPRESENTATION_CONTEXT('2D SPACE',''
  ) );
#274 = ADVANCED_FACE('',(#275),#289,.T.);
#275 = FACE_BOUND('',#276,.T.);
#276 = EDGE_LOOP('',(#277,#311,#338));
#277 = ORIENTED_EDGE('',*,*,#278,.T.);
#278 = EDGE_CURVE('',#279,#281,#283,.T.);
#279 = VERTEX_POINT('',#280);
#280 = CARTESIAN_POINT('',(-1.341946516186E-02,-1.333204098046E-02,
    1.186756533571E-03));
#281 = VERTEX_POINT('',#282);
#282 = CARTESIAN_POINT('',(-1.216182392091E-02,-1.1444484815E-02,
    1.186756533571E-03));
#283 = SURFACE_CURVE('',#284,(#288,#300),.PCURVE_S1.);
#284 = LINE('',#285,#286);
#285 = CARTESIAN_POINT('',(-1.341946516186E-02,-1.333204098046E-02,
    1.186756533571E-03));
#286 = VECTOR('',#287,1.);
#287 = DIRECTION('',(0.554477500545,0.832198715085,0.));
#288 = PCURVE('',#289,#294);
#289 = PLANE('',#290);
#290 = AXIS2_PLACEMENT_3D('',#291,#292,#293);
#291 = CARTESIAN_POINT('',(-1.263871835847E-02,-1.239784396164E-02,
    1.186756533571E-03));
#292 = DIRECTION('',(-0.,-0.,-1.));
#293 = DIRECTION('',(-1.,0.,0.));
#294 = DEFINITIONAL_REPRESENTATION('',(#295),#299);
#295 = LINE('',#296,#297);
#296 = CARTESIAN_POINT('',(7.807468033938E-04,-9.341970188135E-04));
#297 = VECTOR('',#298,1.);
#298 = DIRECTION('',(-0.554477500545,0.832198715085));
#299 = ( GEOMETRIC_REPRESENTATION_CONTEXT(2) 
PARAMETRIC_REPRESENTATION_CONTEXT() REPRESENTATION_CONTEXT('2D SPACE',''
  ) );
#300 = PCURVE('',#301,#306);
#301 = PLANE('',#302);
#302 = AXIS2_PLACEMENT_3D('',#303,#304,#305);
#303 = CARTESIAN_POINT('',(-1.279945550516E-02,-1.216890529252E-02,
    1.186756533571E-03));
#304 = DIRECTION('',(1.311626030137E-30,-7.735258501229E-31,-1.));
#305 = DIRECTION('',(-1.,0.,-1.311626030137E-30));
#306 = DEFINITIONAL_REPRESENTATION('',(#307),#310);
#307 = B_SPLINE_CURVE_WITH_KNOTS('',1,(#308,#309),.UNSPECIFIED.,.F.,.F.,
  (2,2),(0.,2.268155587411E-03),.PIECEWISE_BEZIER_KNOTS.);
#308 = CARTESIAN_POINT('',(6.200096566956E-04,-1.163135687934E-03));
#309 = CARTESIAN_POINT('',(-6.376315842588E-04,7.244204775229E-04));
#310 = ( GEOMETRIC_REPRESENTATION_CONTEXT(2) 
PARAMETRIC_REPRESENTATION_CONTEXT() REPRESENTATION_CONTEXT('2D SPACE',''
  ) );
#311 = ORIENTED_EDGE('',*,*,#312,.T.);
#312 = EDGE_CURVE('',#281,#313,#315,.T.);
#313 = VERTEX_POINT('',#314);
#314 = CARTESIAN_POINT('',(-1.183936372399E-02,-1.183740235865E-02,
    1.186756533571E-03));
#315 = SURFACE_CURVE('',#316,(#320,#327),.PCURVE_S1.);
#316 = LINE('',#317,#318);
#317 = CARTESIAN_POINT('',(-1.216182392091E-02,-1.1444484815E-02,
    1.186756533571E-03));
#318 = VECTOR('',#319,1.);
#319 = DIRECTION('',(0.634394580004,-0.773009389892,0.));
#320 = PCURVE('',#289,#321);
#321 = DEFINITIONAL_REPRESENTATION('',(#322),#326);
#322 = LINE('',#323,#324);
#323 = CARTESIAN_POINT('',(-4.768944375606E-04,9.533591466433E-04));
#324 = VECTOR('',#325,1.);
#325 = DIRECTION('',(-0.634394580004,-0.773009389892));
#326 = ( GEOMETRIC_REPRESENTATION_CONTEXT(2) 
PARAMETRIC_REPRESENTATION_CONTEXT() REPRESENTATION_CONTEXT('2D SPACE',''
  ) );
#327 = PCURVE('',#328,#333);
#328 = PLANE('',#329);
#329 = AXIS2_PLACEMENT_3D('',#330,#331,#332);
#330 = CARTESIAN_POINT('',(-1.206615194047E-02,-1.156106106196E-02,
    1.740038698706E-03));
#331 = DIRECTION('',(0.773009389892,0.634394580004,0.));
#332 = DIRECTION('',(-0.634394580004,0.773009389892,0.));
#333 = DEFINITIONAL_REPRESENTATION('',(#334),#337);
#334 = B_SPLINE_CURVE_WITH_KNOTS('',1,(#335,#336),.UNSPECIFIED.,.F.,.F.,
  (2,2),(0.,5.082959518828E-04),.PIECEWISE_BEZIER_KNOTS.);
#335 = CARTESIAN_POINT('',(1.508083193867E-04,-5.532821651357E-04));
#336 = CARTESIAN_POINT('',(-3.57487632496E-04,-5.532821651357E-04));
#337 = ( GEOMETRIC_REPRESENTATION_CONTEXT(2) 
PARAMETRIC_REPRESENTATION_CONTEXT() REPRESENTATION_CONTEXT('2D SPACE',''
  ) );
#338 = ORIENTED_EDGE('',*,*,#339,.T.);
#339 = EDGE_CURVE('',#313,#279,#340,.T.);
#340 = SURFACE_CURVE('',#341,(#345,#352),.PCURVE_S1.);
#341 = LINE('',#342,#343);
#342 = CARTESIAN_POINT('',(-1.183936372399E-02,-1.183740235865E-02,
    1.186756533571E-03));
#343 = VECTOR('',#344,1.);
#344 = DIRECTION('',(-0.72648033575,-0.687187253788,0.));
#345 = PCURVE('',#289,#346);
#346 = DEFINITIONAL_REPRESENTATION('',(#347),#351);
#347 = LINE('',#348,#349);
#348 = CARTESIAN_POINT('',(-7.993546344729E-04,5.604416029936E-04));
#349 = VECTOR('',#350,1.);
#350 = DIRECTION('',(0.72648033575,-0.687187253788));
#351 = ( GEOMETRIC_REPRESENTATION_CONTEXT(2) 
PARAMETRIC_REPRESENTATION_CONTEXT() REPRESENTATION_CONTEXT('2D SPACE',''
  ) );
#352 = PCURVE('',#353,#358);
#353 = PLANE('',#354);
#354 = AXIS2_PLACEMENT_3D('',#355,#356,#357);
#355 = CARTESIAN_POINT('',(-1.262894038273E-02,-1.258475178276E-02,
    1.186756533571E-03));
#356 = DIRECTION('',(-9.899647781832E-25,1.047239750804E-24,-1.));
#357 = DIRECTION('',(0.,-1.,-1.047239750804E-24));
#358 = DEFINITIONAL_REPRESENTATION('',(#359),#362);
#359 = B_SPLINE_CURVE_WITH_KNOTS('',1,(#360,#361),.UNSPECIFIED.,.F.,.F.,
  (2,2),(0.,2.175009233025E-03),.PIECEWISE_BEZIER_KNOTS.);
#360 = CARTESIAN_POINT('',(-7.473494241044E-04,-7.895766587371E-04));
#361 = CARTESIAN_POINT('',(7.472891977027E-04,7.905247791296E-04));
#362 = ( GEOMETRIC_REPRESENTATION_CONTEXT(2) 
PARAMETRIC_REPRESENTATION_CONTEXT() REPRESENTATION_CONTEXT('2D SPACE',''
  ) );
#363 = ADVANCED_FACE('',(#364),#301,.T.);
#364 = FACE_BOUND('',#365,.T.);
#365 = EDGE_LOOP('',(#366,#393,#418));
#366 = ORIENTED_EDGE('',*,*,#367,.T.);
#367 = EDGE_CURVE('',#279,#368,#370,.T.);
#368 = VERTEX_POINT('',#369);
#369 = CARTESIAN_POINT('',(-1.240208931267E-02,-1.099497824907E-02,
    1.186756533571E-03));
#370 = SURFACE_CURVE('',#371,(#375,#382),.PCURVE_S1.);
#371 = LINE('',#372,#373);
#372 = CARTESIAN_POINT('',(-1.341946516186E-02,-1.333204098046E-02,
    1.186756533571E-03));
#373 = VECTOR('',#374,1.);
#374 = DIRECTION('',(0.399142344384,0.91688897306,0.));
#375 = PCURVE('',#301,#376);
#376 = DEFINITIONAL_REPRESENTATION('',(#377),#381);
#377 = LINE('',#378,#379);
#378 = CARTESIAN_POINT('',(6.200096566956E-04,-1.163135687934E-03));
#379 = VECTOR('',#380,1.);
#380 = DIRECTION('',(-0.399142344384,0.91688897306));
#381 = ( GEOMETRIC_REPRESENTATION_CONTEXT(2) 
PARAMETRIC_REPRESENTATION_CONTEXT() REPRESENTATION_CONTEXT('2D SPACE',''
  ) );
#382 = PCURVE('',#383,#388);
#383 = PLANE('',#384);
#384 = AXIS2_PLACEMENT_3D('',#385,#386,#387);
#385 = CARTESIAN_POINT('',(-1.291029139857E-02,-1.19239644707E-02,
    1.186756533571E-03));
#386 = DIRECTION('',(-6.207637217247E-29,2.169661339902E-29,-1.));
#387 = DIRECTION('',(-1.,0.,6.207637217247E-29));
#388 = DEFINITIONAL_REPRESENTATION('',(#389),#392);
#389 = B_SPLINE_CURVE_WITH_KNOTS('',1,(#390,#391),.UNSPECIFIED.,.F.,.F.,
  (2,2),(0.,2.548904829322E-03),.PIECEWISE_BEZIER_KNOTS.);
#390 = CARTESIAN_POINT('',(5.091737632939E-04,-1.40807650976E-03));
#391 = CARTESIAN_POINT('',(-5.082020858935E-04,9.289862216257E-04));
#392 = ( GEOMETRIC_REPRESENTATION_CONTEXT(2) 
PARAMETRIC_REPRESENTATION_CONTEXT() REPRESENTATION_CONTEXT('2D SPACE',''
  ) );
#393 = ORIENTED_EDGE('',*,*,#394,.T.);
#394 = EDGE_CURVE('',#368,#281,#395,.T.);
#395 = SURFACE_CURVE('',#396,(#400,#407),.PCURVE_S1.);
#396 = LINE('',#397,#398);
#397 = CARTESIAN_POINT('',(-1.240208931267E-02,-1.099497824907E-02,
    1.186756533571E-03));
#398 = VECTOR('',#399,1.);
#399 = DIRECTION('',(0.471395404012,-0.881921976751,0.));
#400 = PCURVE('',#301,#401);
#401 = DEFINITIONAL_REPRESENTATION('',(#402),#406);
#402 = LINE('',#403,#404);
#403 = CARTESIAN_POINT('',(-3.973661924918E-04,1.173927043451E-03));
#404 = VECTOR('',#405,1.);
#405 = DIRECTION('',(-0.471395404012,-0.881921976751));
#406 = ( GEOMETRIC_REPRESENTATION_CONTEXT(2) 
PARAMETRIC_REPRESENTATION_CONTEXT() REPRESENTATION_CONTEXT('2D SPACE',''
  ) );
#407 = PCURVE('',#408,#413);
#408 = PLANE('',#409);
#409 = AXIS2_PLACEMENT_3D('',#410,#411,#412);
#410 = CARTESIAN_POINT('',(-1.223313788328E-02,-1.131106529047E-02,
    1.739816179872E-03));
#411 = DIRECTION('',(0.881921976751,0.471395404012,1.980371603654E-17));
#412 = DIRECTION('',(-0.471395404012,0.881921976751,0.));
#413 = DEFINITIONAL_REPRESENTATION('',(#414),#417);
#414 = B_SPLINE_CURVE_WITH_KNOTS('',1,(#415,#416),.UNSPECIFIED.,.F.,.F.,
  (2,2),(0.,5.096897206083E-04),.PIECEWISE_BEZIER_KNOTS.);
#415 = CARTESIAN_POINT('',(3.584070356932E-04,-5.530596463013E-04));
#416 = CARTESIAN_POINT('',(-1.512826849151E-04,-5.530596463013E-04));
#417 = ( GEOMETRIC_REPRESENTATION_CONTEXT(2) 
PARAMETRIC_REPRESENTATION_CONTEXT() REPRESENTATION_CONTEXT('2D SPACE',''
  ) );
#418 = ORIENTED_EDGE('',*,*,#278,.F.);
#419 = ADVANCED_FACE('',(#420),#383,.T.);
#420 = FACE_BOUND('',#421,.T.);
#421 = EDGE_LOOP('',(#422,#449,#474));
#422 = ORIENTED_EDGE('',*,*,#423,.T.);
#423 = EDGE_CURVE('',#279,#424,#426,.T.);
#424 = VERTEX_POINT('',#425);
#425 = CARTESIAN_POINT('',(-1.255004387349E-02,-1.050723623484E-02,
    1.186756533571E-03));
#426 = SURFACE_CURVE('',#427,(#431,#438),.PCURVE_S1.);
#427 = LINE('',#428,#429);
#428 = CARTESIAN_POINT('',(-1.341946516186E-02,-1.333204098046E-02,
    1.186756533571E-03));
#429 = VECTOR('',#430,1.);
#430 = DIRECTION('',(0.29416330293,0.955755173258,0.));
#431 = PCURVE('',#383,#432);
#432 = DEFINITIONAL_REPRESENTATION('',(#433),#437);
#433 = LINE('',#434,#435);
#434 = CARTESIAN_POINT('',(5.091737632939E-04,-1.40807650976E-03));
#435 = VECTOR('',#436,1.);
#436 = DIRECTION('',(-0.29416330293,0.955755173258));
#437 = ( GEOMETRIC_REPRESENTATION_CONTEXT(2) 
PARAMETRIC_REPRESENTATION_CONTEXT() REPRESENTATION_CONTEXT('2D SPACE',''
  ) );
#438 = PCURVE('',#439,#444);
#439 = PLANE('',#440);
#440 = AXIS2_PLACEMENT_3D('',#441,#442,#443);
#441 = CARTESIAN_POINT('',(-1.296690181946E-02,-1.167032759739E-02,
    1.186756533571E-03));
#442 = DIRECTION('',(-0.,-0.,-1.));
#443 = DIRECTION('',(-1.,0.,0.));
#444 = DEFINITIONAL_REPRESENTATION('',(#445),#448);
#445 = B_SPLINE_CURVE_WITH_KNOTS('',1,(#446,#447),.UNSPECIFIED.,.F.,.F.,
  (2,2),(0.,2.95557358689E-03),.PIECEWISE_BEZIER_KNOTS.);
#446 = CARTESIAN_POINT('',(4.52563342401E-04,-1.66171338307E-03));
#447 = CARTESIAN_POINT('',(-4.168579459701E-04,1.163091362544E-03));
#448 = ( GEOMETRIC_REPRESENTATION_CONTEXT(2) 
PARAMETRIC_REPRESENTATION_CONTEXT() REPRESENTATION_CONTEXT('2D SPACE',''
  ) );
#449 = ORIENTED_EDGE('',*,*,#450,.T.);
#450 = EDGE_CURVE('',#424,#368,#451,.T.);
#451 = SURFACE_CURVE('',#452,(#456,#463),.PCURVE_S1.);
#452 = LINE('',#453,#454);
#453 = CARTESIAN_POINT('',(-1.255004387349E-02,-1.050723623484E-02,
    1.186756533571E-03));
#454 = VECTOR('',#455,1.);
#455 = DIRECTION('',(0.290284027483,-0.956940532838,0.));
#456 = PCURVE('',#383,#457);
#457 = DEFINITIONAL_REPRESENTATION('',(#458),#462);
#458 = LINE('',#459,#460);
#459 = CARTESIAN_POINT('',(-3.602475250772E-04,1.416728235855E-03));
#460 = VECTOR('',#461,1.);
#461 = DIRECTION('',(-0.290284027483,-0.956940532838));
#462 = ( GEOMETRIC_REPRESENTATION_CONTEXT(2) 
PARAMETRIC_REPRESENTATION_CONTEXT() REPRESENTATION_CONTEXT('2D SPACE',''
  ) );
#463 = PCURVE('',#464,#469);
#464 = PLANE('',#465);
#465 = AXIS2_PLACEMENT_3D('',#466,#467,#468);
#466 = CARTESIAN_POINT('',(-1.244600418346E-02,-1.085020996742E-02,
    1.739816303013E-03));
#467 = DIRECTION('',(0.956940532838,0.290284027483,0.));
#468 = DIRECTION('',(-0.290284027483,0.956940532838,0.));
#469 = DEFINITIONAL_REPRESENTATION('',(#470),#473);
#470 = B_SPLINE_CURVE_WITH_KNOTS('',1,(#471,#472),.UNSPECIFIED.,.F.,.F.,
  (2,2),(0.,5.096889487823E-04),.PIECEWISE_BEZIER_KNOTS.);
#471 = CARTESIAN_POINT('',(3.584065266391E-04,-5.530597694424E-04));
#472 = CARTESIAN_POINT('',(-1.512824221432E-04,-5.530597694424E-04));
#473 = ( GEOMETRIC_REPRESENTATION_CONTEXT(2) 
PARAMETRIC_REPRESENTATION_CONTEXT() REPRESENTATION_CONTEXT('2D SPACE',''
  ) );
#474 = ORIENTED_EDGE('',*,*,#367,.F.);
#475 = ADVANCED_FACE('',(#476),#439,.T.);
#476 = FACE_BOUND('',#477,.T.);
#477 = EDGE_LOOP('',(#478,#505,#530));
#478 = ORIENTED_EDGE('',*,*,#479,.T.);
#479 = EDGE_CURVE('',#279,#480,#482,.T.);
#480 = VERTEX_POINT('',#481);
#481 = CARTESIAN_POINT('',(-1.260000281036E-02,-1.000000163913E-02,
    1.186756533571E-03));
#482 = SURFACE_CURVE('',#483,(#487,#494),.PCURVE_S1.);
#483 = LINE('',#484,#485);
#484 = CARTESIAN_POINT('',(-1.341946516186E-02,-1.333204098046E-02,
    1.186756533571E-03));
#485 = VECTOR('',#486,1.);
#486 = DIRECTION('',(0.238817915244,0.971064366228,0.));
#487 = PCURVE('',#439,#488);
#488 = DEFINITIONAL_REPRESENTATION('',(#489),#493);
#489 = LINE('',#490,#491);
#490 = CARTESIAN_POINT('',(4.52563342401E-04,-1.66171338307E-03));
#491 = VECTOR('',#492,1.);
#492 = DIRECTION('',(-0.238817915244,0.971064366228));
#493 = ( GEOMETRIC_REPRESENTATION_CONTEXT(2) 
PARAMETRIC_REPRESENTATION_CONTEXT() REPRESENTATION_CONTEXT('2D SPACE',''
  ) );
#494 = PCURVE('',#495,#500);
#495 = PLANE('',#496);
#496 = AXIS2_PLACEMENT_3D('',#497,#498,#499);
#497 = CARTESIAN_POINT('',(-1.296912484967E-02,-1.141508151674E-02,
    1.186756533571E-03));
#498 = DIRECTION('',(-0.,-0.,-1.));
#499 = DIRECTION('',(-1.,0.,0.));
#500 = DEFINITIONAL_REPRESENTATION('',(#501),#504);
#501 = B_SPLINE_CURVE_WITH_KNOTS('',1,(#502,#503),.UNSPECIFIED.,.F.,.F.,
  (2,2),(0.,3.431326961644E-03),.PIECEWISE_BEZIER_KNOTS.);
#502 = CARTESIAN_POINT('',(4.503403121865E-04,-1.91695946372E-03));
#503 = CARTESIAN_POINT('',(-3.691220393145E-04,1.41507987761E-03));
#504 = ( GEOMETRIC_REPRESENTATION_CONTEXT(2) 
PARAMETRIC_REPRESENTATION_CONTEXT() REPRESENTATION_CONTEXT('2D SPACE',''
  ) );
#505 = ORIENTED_EDGE('',*,*,#506,.T.);
#506 = EDGE_CURVE('',#480,#424,#507,.T.);
#507 = SURFACE_CURVE('',#508,(#512,#519),.PCURVE_S1.);
#508 = LINE('',#509,#510);
#509 = CARTESIAN_POINT('',(-1.260000281036E-02,-1.000000163913E-02,
    1.186756533571E-03));
#510 = VECTOR('',#511,1.);
#511 = DIRECTION('',(9.80184805203E-02,-0.995184594674,0.));
#512 = PCURVE('',#439,#513);
#513 = DEFINITIONAL_REPRESENTATION('',(#514),#518);
#514 = LINE('',#515,#516);
#515 = CARTESIAN_POINT('',(-3.668990091E-04,1.67032595826E-03));
#516 = VECTOR('',#517,1.);
#517 = DIRECTION('',(-9.80184805203E-02,-0.995184594674));
#518 = ( GEOMETRIC_REPRESENTATION_CONTEXT(2) 
PARAMETRIC_REPRESENTATION_CONTEXT() REPRESENTATION_CONTEXT('2D SPACE',''
  ) );
#519 = PCURVE('',#520,#525);
#520 = PLANE('',#521);
#521 = AXIS2_PLACEMENT_3D('',#522,#523,#524);
#522 = CARTESIAN_POINT('',(-1.256487234683E-02,-1.03566822969E-02,
    1.739816302081E-03));
#523 = DIRECTION('',(0.995184594674,9.80184805203E-02,4.9509294832E-18)
  );
#524 = DIRECTION('',(-9.80184805203E-02,0.995184594674,0.));
#525 = DEFINITIONAL_REPRESENTATION('',(#526),#529);
#526 = B_SPLINE_CURVE_WITH_KNOTS('',1,(#527,#528),.UNSPECIFIED.,.F.,.F.,
  (2,2),(0.,5.096889546227E-04),.PIECEWISE_BEZIER_KNOTS.);
#527 = CARTESIAN_POINT('',(3.584065304911E-04,-5.530597685106E-04));
#528 = CARTESIAN_POINT('',(-1.512824241316E-04,-5.530597685106E-04));
#529 = ( GEOMETRIC_REPRESENTATION_CONTEXT(2) 
PARAMETRIC_REPRESENTATION_CONTEXT() REPRESENTATION_CONTEXT('2D SPACE',''
  ) );
#530 = ORIENTED_EDGE('',*,*,#423,.F.);
#531 = ADVANCED_FACE('',(#532),#495,.T.);
#532 = FACE_BOUND('',#533,.T.);
#533 = EDGE_LOOP('',(#534,#561,#586));
#534 = ORIENTED_EDGE('',*,*,#535,.T.);
#535 = EDGE_CURVE('',#279,#536,#538,.T.);
#536 = VERTEX_POINT('',#537);
#537 = CARTESIAN_POINT('',(-1.255004387349E-02,-9.492767043412E-03,
    1.186756533571E-03));
#538 = SURFACE_CURVE('',#539,(#543,#550),.PCURVE_S1.);
#539 = LINE('',#540,#541);
#540 = CARTESIAN_POINT('',(-1.341946516186E-02,-1.333204098046E-02,
    1.186756533571E-03));
#541 = VECTOR('',#542,1.);
#542 = DIRECTION('',(0.220862314424,0.975304997458,0.));
#543 = PCURVE('',#495,#544);
#544 = DEFINITIONAL_REPRESENTATION('',(#545),#549);
#545 = LINE('',#546,#547);
#546 = CARTESIAN_POINT('',(4.503403121865E-04,-1.91695946372E-03));
#547 = VECTOR('',#548,1.);
#548 = DIRECTION('',(-0.220862314424,0.975304997458));
#549 = ( GEOMETRIC_REPRESENTATION_CONTEXT(2) 
PARAMETRIC_REPRESENTATION_CONTEXT() REPRESENTATION_CONTEXT('2D SPACE',''
  ) );
#550 = PCURVE('',#551,#556);
#551 = PLANE('',#552);
#552 = AXIS2_PLACEMENT_3D('',#553,#554,#555);
#553 = CARTESIAN_POINT('',(-1.320164714623E-02,-2.016473202485E-05,
    1.186756533571E-03));
#554 = DIRECTION('',(-2.55879332564E-31,-3.388930262331E-33,-1.));
#555 = DIRECTION('',(-1.,0.,2.55879332564E-31));
#556 = DEFINITIONAL_REPRESENTATION('',(#557),#560);
#557 = B_SPLINE_CURVE_WITH_KNOTS('',1,(#558,#559),.UNSPECIFIED.,.F.,.F.,
  (2,2),(0.,3.936485455372E-03),.PIECEWISE_BEZIER_KNOTS.);
#558 = CARTESIAN_POINT('',(2.178180156251E-04,-1.331187624843E-02));
#559 = CARTESIAN_POINT('',(-6.516032727459E-04,-9.472602311387E-03));
#560 = ( GEOMETRIC_REPRESENTATION_CONTEXT(2) 
PARAMETRIC_REPRESENTATION_CONTEXT() REPRESENTATION_CONTEXT('2D SPACE',''
  ) );
#561 = ORIENTED_EDGE('',*,*,#562,.T.);
#562 = EDGE_CURVE('',#536,#480,#563,.T.);
#563 = SURFACE_CURVE('',#564,(#568,#575),.PCURVE_S1.);
#564 = LINE('',#565,#566);
#565 = CARTESIAN_POINT('',(-1.255004387349E-02,-9.492767043412E-03,
    1.186756533571E-03));
#566 = VECTOR('',#567,1.);
#567 = DIRECTION('',(-9.80184805203E-02,-0.995184594674,0.));
#568 = PCURVE('',#495,#569);
#569 = DEFINITIONAL_REPRESENTATION('',(#570),#574);
#570 = LINE('',#571,#572);
#571 = CARTESIAN_POINT('',(-4.190809761846E-04,1.922314473326E-03));
#572 = VECTOR('',#573,1.);
#573 = DIRECTION('',(9.80184805203E-02,-0.995184594674));
#574 = ( GEOMETRIC_REPRESENTATION_CONTEXT(2) 
PARAMETRIC_REPRESENTATION_CONTEXT() REPRESENTATION_CONTEXT('2D SPACE',''
  ) );
#575 = PCURVE('',#576,#581);
#576 = PLANE('',#577);
#577 = AXIS2_PLACEMENT_3D('',#578,#579,#580);
#578 = CARTESIAN_POINT('',(-1.258517433702E-02,-9.849447701187E-03,
    1.739816302081E-03));
#579 = DIRECTION('',(0.995184594674,-9.80184805203E-02,0.));
#580 = DIRECTION('',(9.80184805203E-02,0.995184594674,0.));
#581 = DEFINITIONAL_REPRESENTATION('',(#582),#585);
#582 = B_SPLINE_CURVE_WITH_KNOTS('',1,(#583,#584),.UNSPECIFIED.,.F.,.F.,
  (2,2),(0.,5.096889546227E-04),.PIECEWISE_BEZIER_KNOTS.);
#583 = CARTESIAN_POINT('',(3.584065304911E-04,-5.530597685106E-04));
#584 = CARTESIAN_POINT('',(-1.512824241316E-04,-5.530597685106E-04));
#585 = ( GEOMETRIC_REPRESENTATION_CONTEXT(2) 
PARAMETRIC_REPRESENTATION_CONTEXT() REPRESENTATION_CONTEXT('2D SPACE',''
  ) );
#586 = ORIENTED_EDGE('',*,*,#479,.F.);
#587 = ADVANCED_FACE('',(#588),#551,.T.);
#588 = FACE_BOUND('',#589,.T.);
#589 = EDGE_LOOP('',(#590,#617,#618));
#590 = ORIENTED_EDGE('',*,*,#591,.T.);
#591 = EDGE_CURVE('',#592,#536,#594,.T.);
#592 = VERTEX_POINT('',#593);
#593 = CARTESIAN_POINT('',(-1.341946516186E-02,1.333204098046E-02,
    1.186756533571E-03));
#594 = SURFACE_CURVE('',#595,(#599,#606),.PCURVE_S1.);
#595 = LINE('',#596,#597);
#596 = CARTESIAN_POINT('',(-1.341946516186E-02,1.333204098046E-02,
    1.186756533571E-03));
#597 = VECTOR('',#598,1.);
#598 = DIRECTION('',(3.806346316491E-02,-0.999275323808,0.));
#599 = PCURVE('',#551,#600);
#600 = DEFINITIONAL_REPRESENTATION('',(#601),#605);
#601 = LINE('',#602,#603);
#602 = CARTESIAN_POINT('',(2.178180156251E-04,1.335220571248E-02));
#603 = VECTOR('',#604,1.);
#604 = DIRECTION('',(-3.806346316491E-02,-0.999275323808));
#605 = ( GEOMETRIC_REPRESENTATION_CONTEXT(2) 
PARAMETRIC_REPRESENTATION_CONTEXT() REPRESENTATION_CONTEXT('2D SPACE',''
  ) );
#606 = PCURVE('',#607,#612);
#607 = PLANE('',#608);
#608 = AXIS2_PLACEMENT_3D('',#609,#610,#611);
#609 = CARTESIAN_POINT('',(-1.294289567209E-02,1.914398266188E-03,
    1.186756533571E-03));
#610 = DIRECTION('',(-0.,-0.,-1.));
#611 = DIRECTION('',(-1.,0.,0.));
#612 = DEFINITIONAL_REPRESENTATION('',(#613),#616);
#613 = B_SPLINE_CURVE_WITH_KNOTS('',1,(#614,#615),.UNSPECIFIED.,.F.,.F.,
  (2,2),(0.,2.28413606141E-02),.PIECEWISE_BEZIER_KNOTS.);
#614 = CARTESIAN_POINT('',(4.76569489769E-04,1.141764271427E-02));
#615 = CARTESIAN_POINT('',(-3.928517986021E-04,-1.14071653096E-02));
#616 = ( GEOMETRIC_REPRESENTATION_CONTEXT(2) 
PARAMETRIC_REPRESENTATION_CONTEXT() REPRESENTATION_CONTEXT('2D SPACE',''
  ) );
#617 = ORIENTED_EDGE('',*,*,#535,.F.);
#618 = ORIENTED_EDGE('',*,*,#619,.F.);
#619 = EDGE_CURVE('',#592,#279,#620,.T.);
#620 = SURFACE_CURVE('',#621,(#625,#631),.PCURVE_S1.);
#621 = LINE('',#622,#623);
#622 = CARTESIAN_POINT('',(-1.341946516186E-02,1.333204098046E-02,
    1.186756533571E-03));
#623 = VECTOR('',#624,1.);
#624 = DIRECTION('',(0.,-1.,0.));
#625 = PCURVE('',#551,#626);
#626 = DEFINITIONAL_REPRESENTATION('',(#627),#630);
#627 = B_SPLINE_CURVE_WITH_KNOTS('',1,(#628,#629),.UNSPECIFIED.,.F.,.F.,
  (2,2),(0.,2.666408196092E-02),.PIECEWISE_BEZIER_KNOTS.);
#628 = CARTESIAN_POINT('',(2.178180156251E-04,1.335220571248E-02));
#629 = CARTESIAN_POINT('',(2.178180156251E-04,-1.331187624843E-02));
#630 = ( GEOMETRIC_REPRESENTATION_CONTEXT(2) 
PARAMETRIC_REPRESENTATION_CONTEXT() REPRESENTATION_CONTEXT('2D SPACE',''
  ) );
#631 = PCURVE('',#632,#637);
#632 = PLANE('',#633);
#633 = AXIS2_PLACEMENT_3D('',#634,#635,#636);
#634 = CARTESIAN_POINT('',(-1.341946516186E-02,8.582713468468E-04,
    2.016495251564E-04));
#635 = DIRECTION('',(1.,0.,0.));
#636 = DIRECTION('',(-0.,0.,1.));
#637 = DEFINITIONAL_REPRESENTATION('',(#638),#642);
#638 = LINE('',#639,#640);
#639 = CARTESIAN_POINT('',(9.851070084142E-04,-1.247376963361E-02));
#640 = VECTOR('',#641,1.);
#641 = DIRECTION('',(0.,1.));
#642 = ( GEOMETRIC_REPRESENTATION_CONTEXT(2) 
PARAMETRIC_REPRESENTATION_CONTEXT() REPRESENTATION_CONTEXT('2D SPACE',''
  ) );
#643 = ADVANCED_FACE('',(#644),#658,.T.);
#644 = FACE_BOUND('',#645,.T.);
#645 = EDGE_LOOP('',(#646,#680,#696));
#646 = ORIENTED_EDGE('',*,*,#647,.T.);
#647 = EDGE_CURVE('',#648,#650,#652,.T.);
#648 = VERTEX_POINT('',#649);
#649 = CARTESIAN_POINT('',(-1.535000093281E-02,-1.525000110269E-02,
    2.500000176951E-03));
#650 = VERTEX_POINT('',#651);
#651 = CARTESIAN_POINT('',(-1.183847989887E-02,-1.183847989887E-02,
    2.500000176951E-03));
#652 = SURFACE_CURVE('',#653,(#657,#669),.PCURVE_S1.);
#653 = LINE('',#654,#655);
#654 = CARTESIAN_POINT('',(-1.535000093281E-02,-1.525000110269E-02,
    2.500000176951E-03));
#655 = VECTOR('',#656,1.);
#656 = DIRECTION('',(0.717245759246,0.696820293076,0.));
#657 = PCURVE('',#658,#663);
#658 = PLANE('',#659);
#659 = AXIS2_PLACEMENT_3D('',#660,#661,#662);
#660 = CARTESIAN_POINT('',(-1.359422541694E-02,-1.354397629736E-02,
    2.500000176951E-03));
#661 = DIRECTION('',(0.,0.,1.));
#662 = DIRECTION('',(1.,0.,-0.));
#663 = DEFINITIONAL_REPRESENTATION('',(#664),#668);
#664 = LINE('',#665,#666);
#665 = CARTESIAN_POINT('',(-1.755775515874E-03,-1.706024805328E-03));
#666 = VECTOR('',#667,1.);
#667 = DIRECTION('',(0.717245759246,0.696820293076));
#668 = ( GEOMETRIC_REPRESENTATION_CONTEXT(2) 
PARAMETRIC_REPRESENTATION_CONTEXT() REPRESENTATION_CONTEXT('2D SPACE',''
  ) );
#669 = PCURVE('',#670,#675);
#670 = PLANE('',#671);
#671 = AXIS2_PLACEMENT_3D('',#672,#673,#674);
#672 = CARTESIAN_POINT('',(-1.340394304933E-02,-1.354596876153E-02,
    2.500000176951E-03));
#673 = DIRECTION('',(0.,0.,1.));
#674 = DIRECTION('',(1.,0.,-0.));
#675 = DEFINITIONAL_REPRESENTATION('',(#676),#679);
#676 = B_SPLINE_CURVE_WITH_KNOTS('',1,(#677,#678),.UNSPECIFIED.,.F.,.F.,
  (2,2),(0.,4.895840775179E-03),.PIECEWISE_BEZIER_KNOTS.);
#677 = CARTESIAN_POINT('',(-1.946057883482E-03,-1.704032341156E-03));
#678 = CARTESIAN_POINT('',(1.56546315046E-03,1.70748886266E-03));
#679 = ( GEOMETRIC_REPRESENTATION_CONTEXT(2) 
PARAMETRIC_REPRESENTATION_CONTEXT() REPRESENTATION_CONTEXT('2D SPACE',''
  ) );
#680 = ORIENTED_EDGE('',*,*,#681,.T.);
#681 = EDGE_CURVE('',#650,#682,#684,.T.);
#682 = VERTEX_POINT('',#683);
#683 = CARTESIAN_POINT('',(-1.183893531561E-02,-1.183792389929E-02,
    2.500000176951E-03));
#684 = SURFACE_CURVE('',#685,(#689),.PCURVE_S1.);
#685 = LINE('',#686,#687);
#686 = CARTESIAN_POINT('',(-1.183847989887E-02,-1.183847989887E-02,
    2.500000176951E-03));
#687 = VECTOR('',#688,1.);
#688 = DIRECTION('',(-0.63366108565,0.773610773279,0.));
#689 = PCURVE('',#658,#690);
#690 = DEFINITIONAL_REPRESENTATION('',(#691),#695);
#691 = LINE('',#692,#693);
#692 = CARTESIAN_POINT('',(1.755745518069E-03,1.705496398487E-03));
#693 = VECTOR('',#694,1.);
#694 = DIRECTION('',(-0.63366108565,0.773610773279));
#695 = ( GEOMETRIC_REPRESENTATION_CONTEXT(2) 
PARAMETRIC_REPRESENTATION_CONTEXT() REPRESENTATION_CONTEXT('2D SPACE',''
  ) );
#696 = ORIENTED_EDGE('',*,*,#697,.T.);
#697 = EDGE_CURVE('',#682,#648,#698,.T.);
#698 = SURFACE_CURVE('',#699,(#703,#710),.PCURVE_S1.);
#699 = LINE('',#700,#701);
#700 = CARTESIAN_POINT('',(-1.183893531561E-02,-1.183792389929E-02,
    2.500000176951E-03));
#701 = VECTOR('',#702,1.);
#702 = DIRECTION('',(-0.717143826469,-0.696925198395,0.));
#703 = PCURVE('',#658,#704);
#704 = DEFINITIONAL_REPRESENTATION('',(#705),#709);
#705 = LINE('',#706,#707);
#706 = CARTESIAN_POINT('',(1.75529010133E-03,1.706052398064E-03));
#707 = VECTOR('',#708,1.);
#708 = DIRECTION('',(-0.717143826469,-0.696925198395));
#709 = ( GEOMETRIC_REPRESENTATION_CONTEXT(2) 
PARAMETRIC_REPRESENTATION_CONTEXT() REPRESENTATION_CONTEXT('2D SPACE',''
  ) );
#710 = PCURVE('',#711,#716);
#711 = PLANE('',#712);
#712 = AXIS2_PLACEMENT_3D('',#713,#714,#715);
#713 = CARTESIAN_POINT('',(-1.359351804974E-02,-1.335638482243E-02,
    2.500000176951E-03));
#714 = DIRECTION('',(0.,0.,1.));
#715 = DIRECTION('',(1.,0.,-0.));
#716 = DEFINITIONAL_REPRESENTATION('',(#717),#720);
#717 = B_SPLINE_CURVE_WITH_KNOTS('',1,(#718,#719),.UNSPECIFIED.,.F.,.F.,
  (2,2),(0.,4.895901613618E-03),.PIECEWISE_BEZIER_KNOTS.);
#718 = CARTESIAN_POINT('',(1.754582734127E-03,1.518460923142E-03));
#719 = CARTESIAN_POINT('',(-1.756482883077E-03,-1.893616280251E-03));
#720 = ( GEOMETRIC_REPRESENTATION_CONTEXT(2) 
PARAMETRIC_REPRESENTATION_CONTEXT() REPRESENTATION_CONTEXT('2D SPACE',''
  ) );
#721 = ADVANCED_FACE('',(#722),#670,.T.);
#722 = FACE_BOUND('',#723,.T.);
#723 = EDGE_LOOP('',(#724,#751,#776));
#724 = ORIENTED_EDGE('',*,*,#725,.T.);
#725 = EDGE_CURVE('',#648,#726,#728,.T.);
#726 = VERTEX_POINT('',#727);
#727 = CARTESIAN_POINT('',(-1.1444484815E-02,-1.216182205826E-02,
    2.500000176951E-03));
#728 = SURFACE_CURVE('',#729,(#733,#740),.PCURVE_S1.);
#729 = LINE('',#730,#731);
#730 = CARTESIAN_POINT('',(-1.535000093281E-02,-1.525000110269E-02,
    2.500000176951E-03));
#731 = VECTOR('',#732,1.);
#732 = DIRECTION('',(0.784406158699,0.620247513655,0.));
#733 = PCURVE('',#670,#734);
#734 = DEFINITIONAL_REPRESENTATION('',(#735),#739);
#735 = LINE('',#736,#737);
#736 = CARTESIAN_POINT('',(-1.946057883482E-03,-1.704032341156E-03));
#737 = VECTOR('',#738,1.);
#738 = DIRECTION('',(0.784406158699,0.620247513655));
#739 = ( GEOMETRIC_REPRESENTATION_CONTEXT(2) 
PARAMETRIC_REPRESENTATION_CONTEXT() REPRESENTATION_CONTEXT('2D SPACE',''
  ) );
#740 = PCURVE('',#741,#746);
#741 = PLANE('',#742);
#742 = AXIS2_PLACEMENT_3D('',#743,#744,#745);
#743 = CARTESIAN_POINT('',(-1.318406228016E-02,-1.369649742969E-02,
    2.500000176951E-03));
#744 = DIRECTION('',(-3.882702783687E-31,6.825177760114E-31,1.));
#745 = DIRECTION('',(0.,1.,-6.825177760114E-31));
#746 = DEFINITIONAL_REPRESENTATION('',(#747),#750);
#747 = B_SPLINE_CURVE_WITH_KNOTS('',1,(#748,#749),.UNSPECIFIED.,.F.,.F.,
  (2,2),(0.,4.978946269735E-03),.PIECEWISE_BEZIER_KNOTS.);
#748 = CARTESIAN_POINT('',(-1.553503672998E-03,2.165938652649E-03));
#749 = CARTESIAN_POINT('',(1.534675371428E-03,-1.739577465162E-03));
#750 = ( GEOMETRIC_REPRESENTATION_CONTEXT(2) 
PARAMETRIC_REPRESENTATION_CONTEXT() REPRESENTATION_CONTEXT('2D SPACE',''
  ) );
#751 = ORIENTED_EDGE('',*,*,#752,.T.);
#752 = EDGE_CURVE('',#726,#650,#753,.T.);
#753 = SURFACE_CURVE('',#754,(#758,#765),.PCURVE_S1.);
#754 = LINE('',#755,#756);
#755 = CARTESIAN_POINT('',(-1.1444484815E-02,-1.216182205826E-02,
    2.500000176951E-03));
#756 = VECTOR('',#757,1.);
#757 = DIRECTION('',(-0.773011655684,0.634391819128,0.));
#758 = PCURVE('',#670,#759);
#759 = DEFINITIONAL_REPRESENTATION('',(#760),#764);
#760 = LINE('',#761,#762);
#761 = CARTESIAN_POINT('',(1.959458234329E-03,1.384146703269E-03));
#762 = VECTOR('',#763,1.);
#763 = DIRECTION('',(-0.773011655684,0.634391819128));
#764 = ( GEOMETRIC_REPRESENTATION_CONTEXT(2) 
PARAMETRIC_REPRESENTATION_CONTEXT() REPRESENTATION_CONTEXT('2D SPACE',''
  ) );
#765 = PCURVE('',#766,#771);
#766 = PLANE('',#767);
#767 = AXIS2_PLACEMENT_3D('',#768,#769,#770);
#768 = CARTESIAN_POINT('',(-1.156142774956E-02,-1.206584984304E-02,
    1.946940321997E-03));
#769 = DIRECTION('',(0.634391819128,0.773011655684,-3.960743854821E-17)
  );
#770 = DIRECTION('',(0.773011655684,-0.634391819128,3.08148791102E-33));
#771 = DEFINITIONAL_REPRESENTATION('',(#772),#775);
#772 = B_SPLINE_CURVE_WITH_KNOTS('',1,(#773,#774),.UNSPECIFIED.,.F.,.F.,
  (2,2),(0.,5.096884128091E-04),.PIECEWISE_BEZIER_KNOTS.);
#773 = CARTESIAN_POINT('',(1.512822396686E-04,-5.530598549544E-04));
#774 = CARTESIAN_POINT('',(-3.584061731405E-04,-5.530598549544E-04));
#775 = ( GEOMETRIC_REPRESENTATION_CONTEXT(2) 
PARAMETRIC_REPRESENTATION_CONTEXT() REPRESENTATION_CONTEXT('2D SPACE',''
  ) );
#776 = ORIENTED_EDGE('',*,*,#647,.F.);
#777 = ADVANCED_FACE('',(#778),#741,.T.);
#778 = FACE_BOUND('',#779,.T.);
#779 = EDGE_LOOP('',(#780,#807,#832));
#780 = ORIENTED_EDGE('',*,*,#781,.T.);
#781 = EDGE_CURVE('',#648,#782,#784,.T.);
#782 = VERTEX_POINT('',#783);
#783 = CARTESIAN_POINT('',(-1.09949791804E-02,-1.240208838135E-02,
    2.500000176951E-03));
#784 = SURFACE_CURVE('',#785,(#789,#796),.PCURVE_S1.);
#785 = LINE('',#786,#787);
#786 = CARTESIAN_POINT('',(-1.535000093281E-02,-1.525000110269E-02,
    2.500000176951E-03));
#787 = VECTOR('',#788,1.);
#788 = DIRECTION('',(0.836934535216,0.547303009094,0.));
#789 = PCURVE('',#741,#790);
#790 = DEFINITIONAL_REPRESENTATION('',(#791),#795);
#791 = LINE('',#792,#793);
#792 = CARTESIAN_POINT('',(-1.553503672998E-03,2.165938652649E-03));
#793 = VECTOR('',#794,1.);
#794 = DIRECTION('',(0.547303009094,-0.836934535216));
#795 = ( GEOMETRIC_REPRESENTATION_CONTEXT(2) 
PARAMETRIC_REPRESENTATION_CONTEXT() REPRESENTATION_CONTEXT('2D SPACE',''
  ) );
#796 = PCURVE('',#797,#802);
#797 = PLANE('',#798);
#798 = AXIS2_PLACEMENT_3D('',#799,#800,#801);
#799 = CARTESIAN_POINT('',(-1.294275496608E-02,-1.380135978289E-02,
    2.500000176951E-03));
#800 = DIRECTION('',(9.038992544948E-30,-1.490535911195E-29,1.));
#801 = DIRECTION('',(0.,1.,1.490535911195E-29));
#802 = DEFINITIONAL_REPRESENTATION('',(#803),#806);
#803 = B_SPLINE_CURVE_WITH_KNOTS('',1,(#804,#805),.UNSPECIFIED.,.F.,.F.,
  (2,2),(0.,5.203539308237E-03),.PIECEWISE_BEZIER_KNOTS.);
#804 = CARTESIAN_POINT('',(-1.448641319794E-03,2.407245966737E-03));
#805 = CARTESIAN_POINT('',(1.399271401542E-03,-1.94777578568E-03));
#806 = ( GEOMETRIC_REPRESENTATION_CONTEXT(2) 
PARAMETRIC_REPRESENTATION_CONTEXT() REPRESENTATION_CONTEXT('2D SPACE',''
  ) );
#807 = ORIENTED_EDGE('',*,*,#808,.T.);
#808 = EDGE_CURVE('',#782,#726,#809,.T.);
#809 = SURFACE_CURVE('',#810,(#814,#821),.PCURVE_S1.);
#810 = LINE('',#811,#812);
#811 = CARTESIAN_POINT('',(-1.09949791804E-02,-1.240208838135E-02,
    2.500000176951E-03));
#812 = VECTOR('',#813,1.);
#813 = DIRECTION('',(-0.881920811068,0.471397584854,0.));
#814 = PCURVE('',#741,#815);
#815 = DEFINITIONAL_REPRESENTATION('',(#816),#820);
#816 = LINE('',#817,#818);
#817 = CARTESIAN_POINT('',(1.294409048338E-03,-2.189083099768E-03));
#818 = VECTOR('',#819,1.);
#819 = DIRECTION('',(0.471397584854,0.881920811068));
#820 = ( GEOMETRIC_REPRESENTATION_CONTEXT(2) 
PARAMETRIC_REPRESENTATION_CONTEXT() REPRESENTATION_CONTEXT('2D SPACE',''
  ) );
#821 = PCURVE('',#822,#827);
#822 = PLANE('',#823);
#823 = AXIS2_PLACEMENT_3D('',#824,#825,#826);
#824 = CARTESIAN_POINT('',(-1.112839841378E-02,-1.233077415041E-02,
    1.946940469651E-03));
#825 = DIRECTION('',(0.471397584854,0.881920811068,7.921486793214E-17));
#826 = DIRECTION('',(0.881920811068,-0.471397584854,0.));
#827 = DEFINITIONAL_REPRESENTATION('',(#828),#831);
#828 = B_SPLINE_CURVE_WITH_KNOTS('',1,(#829,#830),.UNSPECIFIED.,.F.,.F.,
  (2,2),(0.,5.096893382772E-04),.PIECEWISE_BEZIER_KNOTS.);
#829 = CARTESIAN_POINT('',(1.512825547486E-04,-5.530597073004E-04));
#830 = CARTESIAN_POINT('',(-3.584067835286E-04,-5.530597073004E-04));
#831 = ( GEOMETRIC_REPRESENTATION_CONTEXT(2) 
PARAMETRIC_REPRESENTATION_CONTEXT() REPRESENTATION_CONTEXT('2D SPACE',''
  ) );
#832 = ORIENTED_EDGE('',*,*,#725,.F.);
#833 = ADVANCED_FACE('',(#834),#797,.T.);
#834 = FACE_BOUND('',#835,.T.);
#835 = EDGE_LOOP('',(#836,#863,#888));
#836 = ORIENTED_EDGE('',*,*,#837,.T.);
#837 = EDGE_CURVE('',#648,#838,#840,.T.);
#838 = VERTEX_POINT('',#839);
#839 = CARTESIAN_POINT('',(-1.050723716617E-02,-1.255004294217E-02,
    2.500000176951E-03));
#840 = SURFACE_CURVE('',#841,(#845,#852),.PCURVE_S1.);
#841 = LINE('',#842,#843);
#842 = CARTESIAN_POINT('',(-1.535000093281E-02,-1.525000110269E-02,
    2.500000176951E-03));
#843 = VECTOR('',#844,1.);
#844 = DIRECTION('',(0.873426314001,0.486956336863,0.));
#845 = PCURVE('',#797,#846);
#846 = DEFINITIONAL_REPRESENTATION('',(#847),#851);
#847 = LINE('',#848,#849);
#848 = CARTESIAN_POINT('',(-1.448641319794E-03,2.407245966737E-03));
#849 = VECTOR('',#850,1.);
#850 = DIRECTION('',(0.486956336863,-0.873426314001));
#851 = ( GEOMETRIC_REPRESENTATION_CONTEXT(2) 
PARAMETRIC_REPRESENTATION_CONTEXT() REPRESENTATION_CONTEXT('2D SPACE',''
  ) );
#852 = PCURVE('',#853,#858);
#853 = PLANE('',#854);
#854 = AXIS2_PLACEMENT_3D('',#855,#856,#857);
#855 = CARTESIAN_POINT('',(-1.268930903367E-02,-1.385626145696E-02,
    2.500000176951E-03));
#856 = DIRECTION('',(0.,0.,1.));
#857 = DIRECTION('',(1.,0.,-0.));
#858 = DEFINITIONAL_REPRESENTATION('',(#859),#862);
#859 = B_SPLINE_CURVE_WITH_KNOTS('',1,(#860,#861),.UNSPECIFIED.,.F.,.F.,
  (2,2),(0.,5.544559041808E-03),.PIECEWISE_BEZIER_KNOTS.);
#860 = CARTESIAN_POINT('',(-2.660691899142E-03,-1.393739645727E-03));
#861 = CARTESIAN_POINT('',(2.182071867505E-03,1.306218514792E-03));
#862 = ( GEOMETRIC_REPRESENTATION_CONTEXT(2) 
PARAMETRIC_REPRESENTATION_CONTEXT() REPRESENTATION_CONTEXT('2D SPACE',''
  ) );
#863 = ORIENTED_EDGE('',*,*,#864,.T.);
#864 = EDGE_CURVE('',#838,#782,#865,.T.);
#865 = SURFACE_CURVE('',#866,(#870,#877),.PCURVE_S1.);
#866 = LINE('',#867,#868);
#867 = CARTESIAN_POINT('',(-1.050723716617E-02,-1.255004294217E-02,
    2.500000176951E-03));
#868 = VECTOR('',#869,1.);
#869 = DIRECTION('',(-0.956940532838,0.290284027483,0.));
#870 = PCURVE('',#797,#871);
#871 = DEFINITIONAL_REPRESENTATION('',(#872),#876);
#872 = LINE('',#873,#874);
#873 = CARTESIAN_POINT('',(1.251316840726E-03,-2.43551779991E-03));
#874 = VECTOR('',#875,1.);
#875 = DIRECTION('',(0.290284027483,0.956940532838));
#876 = ( GEOMETRIC_REPRESENTATION_CONTEXT(2) 
PARAMETRIC_REPRESENTATION_CONTEXT() REPRESENTATION_CONTEXT('2D SPACE',''
  ) );
#877 = PCURVE('',#878,#883);
#878 = PLANE('',#879);
#879 = AXIS2_PLACEMENT_3D('',#880,#881,#882);
#880 = CARTESIAN_POINT('',(-1.065200544782E-02,-1.250612807138E-02,
    1.946940407509E-03));
#881 = DIRECTION('',(0.290284027483,0.956940532838,-9.901858973629E-18)
  );
#882 = DIRECTION('',(0.956940532838,-0.290284027483,0.));
#883 = DEFINITIONAL_REPRESENTATION('',(#884),#887);
#884 = B_SPLINE_CURVE_WITH_KNOTS('',1,(#885,#886),.UNSPECIFIED.,.F.,.F.,
  (2,2),(0.,5.096889487823E-04),.PIECEWISE_BEZIER_KNOTS.);
#885 = CARTESIAN_POINT('',(1.512824221432E-04,-5.530597694424E-04));
#886 = CARTESIAN_POINT('',(-3.584065266391E-04,-5.530597694424E-04));
#887 = ( GEOMETRIC_REPRESENTATION_CONTEXT(2) 
PARAMETRIC_REPRESENTATION_CONTEXT() REPRESENTATION_CONTEXT('2D SPACE',''
  ) );
#888 = ORIENTED_EDGE('',*,*,#781,.F.);
#889 = ADVANCED_FACE('',(#890),#853,.T.);
#890 = FACE_BOUND('',#891,.T.);
#891 = EDGE_LOOP('',(#892,#919,#944));
#892 = ORIENTED_EDGE('',*,*,#893,.T.);
#893 = EDGE_CURVE('',#648,#894,#896,.T.);
#894 = VERTEX_POINT('',#895);
#895 = CARTESIAN_POINT('',(-1.000000163913E-02,-1.260000187904E-02,
    2.500000176951E-03));
#896 = SURFACE_CURVE('',#897,(#901,#908),.PCURVE_S1.);
#897 = LINE('',#898,#899);
#898 = CARTESIAN_POINT('',(-1.535000093281E-02,-1.525000110269E-02,
    2.500000176951E-03));
#899 = VECTOR('',#900,1.);
#900 = DIRECTION('',(0.896095891769,0.443860510469,0.));
#901 = PCURVE('',#853,#902);
#902 = DEFINITIONAL_REPRESENTATION('',(#903),#907);
#903 = LINE('',#904,#905);
#904 = CARTESIAN_POINT('',(-2.660691899142E-03,-1.393739645727E-03));
#905 = VECTOR('',#906,1.);
#906 = DIRECTION('',(0.896095891769,0.443860510469));
#907 = ( GEOMETRIC_REPRESENTATION_CONTEXT(2) 
PARAMETRIC_REPRESENTATION_CONTEXT() REPRESENTATION_CONTEXT('2D SPACE',''
  ) );
#908 = PCURVE('',#909,#914);
#909 = PLANE('',#910);
#910 = AXIS2_PLACEMENT_3D('',#911,#912,#913);
#911 = CARTESIAN_POINT('',(-1.24330443881E-02,-1.385932458384E-02,
    2.500000176951E-03));
#912 = DIRECTION('',(1.072197523928E-28,-2.255888259061E-28,1.));
#913 = DIRECTION('',(0.,1.,2.255888259061E-28));
#914 = DEFINITIONAL_REPRESENTATION('',(#915),#918);
#915 = B_SPLINE_CURVE_WITH_KNOTS('',1,(#916,#917),.UNSPECIFIED.,.F.,.F.,
  (2,2),(0.,5.970342396192E-03),.PIECEWISE_BEZIER_KNOTS.);
#916 = CARTESIAN_POINT('',(-1.390676518847E-03,2.916956544715E-03));
#917 = CARTESIAN_POINT('',(1.259322704803E-03,-2.43304274897E-03));
#918 = ( GEOMETRIC_REPRESENTATION_CONTEXT(2) 
PARAMETRIC_REPRESENTATION_CONTEXT() REPRESENTATION_CONTEXT('2D SPACE',''
  ) );
#919 = ORIENTED_EDGE('',*,*,#920,.T.);
#920 = EDGE_CURVE('',#894,#838,#921,.T.);
#921 = SURFACE_CURVE('',#922,(#926,#933),.PCURVE_S1.);
#922 = LINE('',#923,#924);
#923 = CARTESIAN_POINT('',(-1.000000163913E-02,-1.260000187904E-02,
    2.500000176951E-03));
#924 = VECTOR('',#925,1.);
#925 = DIRECTION('',(-0.995184612229,9.801830228008E-02,0.));
#926 = PCURVE('',#853,#927);
#927 = DEFINITIONAL_REPRESENTATION('',(#928),#932);
#928 = LINE('',#929,#930);
#929 = CARTESIAN_POINT('',(2.689307394543E-03,1.256259577922E-03));
#930 = VECTOR('',#931,1.);
#931 = DIRECTION('',(-0.995184612229,9.801830228008E-02));
#932 = ( GEOMETRIC_REPRESENTATION_CONTEXT(2) 
PARAMETRIC_REPRESENTATION_CONTEXT() REPRESENTATION_CONTEXT('2D SPACE',''
  ) );
#933 = PCURVE('',#934,#939);
#934 = PLANE('',#935);
#935 = AXIS2_PLACEMENT_3D('',#936,#937,#938);
#936 = CARTESIAN_POINT('',(-1.015055589375E-02,-1.258517340173E-02,
    1.946940556313E-03));
#937 = DIRECTION('',(9.801830228008E-02,0.995184612229,
    -4.950928909586E-18));
#938 = DIRECTION('',(0.995184612229,-9.801830228008E-02,0.));
#939 = DEFINITIONAL_REPRESENTATION('',(#940),#943);
#940 = B_SPLINE_CURVE_WITH_KNOTS('',1,(#941,#942),.UNSPECIFIED.,.F.,.F.,
  (2,2),(0.,5.096898814606E-04),.PIECEWISE_BEZIER_KNOTS.);
#941 = CARTESIAN_POINT('',(1.512827396781E-04,-5.530596206381E-04));
#942 = CARTESIAN_POINT('',(-3.584071417825E-04,-5.530596206381E-04));
#943 = ( GEOMETRIC_REPRESENTATION_CONTEXT(2) 
PARAMETRIC_REPRESENTATION_CONTEXT() REPRESENTATION_CONTEXT('2D SPACE',''
  ) );
#944 = ORIENTED_EDGE('',*,*,#837,.F.);
#945 = ADVANCED_FACE('',(#946),#909,.T.);
#946 = FACE_BOUND('',#947,.T.);
#947 = EDGE_LOOP('',(#948,#975,#1000));
#948 = ORIENTED_EDGE('',*,*,#949,.T.);
#949 = EDGE_CURVE('',#648,#950,#952,.T.);
#950 = VERTEX_POINT('',#951);
#951 = CARTESIAN_POINT('',(-9.492767043412E-03,-1.255004294217E-02,
    2.500000176951E-03));
#952 = SURFACE_CURVE('',#953,(#957,#964),.PCURVE_S1.);
#953 = LINE('',#954,#955);
#954 = CARTESIAN_POINT('',(-1.535000093281E-02,-1.525000110269E-02,
    2.500000176951E-03));
#955 = VECTOR('',#956,1.);
#956 = DIRECTION('',(0.908158715256,0.418626023922,0.));
#957 = PCURVE('',#909,#958);
#958 = DEFINITIONAL_REPRESENTATION('',(#959),#963);
#959 = LINE('',#960,#961);
#960 = CARTESIAN_POINT('',(-1.390676518847E-03,2.916956544715E-03));
#961 = VECTOR('',#962,1.);
#962 = DIRECTION('',(0.418626023922,-0.908158715256));
#963 = ( GEOMETRIC_REPRESENTATION_CONTEXT(2) 
PARAMETRIC_REPRESENTATION_CONTEXT() REPRESENTATION_CONTEXT('2D SPACE',''
  ) );
#964 = PCURVE('',#965,#970);
#965 = PLANE('',#966);
#966 = AXIS2_PLACEMENT_3D('',#967,#968,#969);
#967 = CARTESIAN_POINT('',(-1.115123350323E-04,-1.456698815182E-02,
    2.500000176951E-03));
#968 = DIRECTION('',(2.247978137092E-32,6.104476958409E-31,1.));
#969 = DIRECTION('',(0.,1.,-6.104476958409E-31));
#970 = DEFINITIONAL_REPRESENTATION('',(#971),#974);
#971 = B_SPLINE_CURVE_WITH_KNOTS('',1,(#972,#973),.UNSPECIFIED.,.F.,.F.,
  (2,2),(0.,6.449570753446E-03),.PIECEWISE_BEZIER_KNOTS.);
#972 = CARTESIAN_POINT('',(-6.830129508657E-04,1.523848859778E-02));
#973 = CARTESIAN_POINT('',(2.016945209654E-03,9.381254708379E-03));
#974 = ( GEOMETRIC_REPRESENTATION_CONTEXT(2) 
PARAMETRIC_REPRESENTATION_CONTEXT() REPRESENTATION_CONTEXT('2D SPACE',''
  ) );
#975 = ORIENTED_EDGE('',*,*,#976,.T.);
#976 = EDGE_CURVE('',#950,#894,#977,.T.);
#977 = SURFACE_CURVE('',#978,(#982,#989),.PCURVE_S1.);
#978 = LINE('',#979,#980);
#979 = CARTESIAN_POINT('',(-9.492767043412E-03,-1.255004294217E-02,
    2.500000176951E-03));
#980 = VECTOR('',#981,1.);
#981 = DIRECTION('',(-0.995184594674,-9.80184805203E-02,0.));
#982 = PCURVE('',#909,#983);
#983 = DEFINITIONAL_REPRESENTATION('',(#984),#988);
#984 = LINE('',#985,#986);
#985 = CARTESIAN_POINT('',(1.309281641673E-03,-2.940277344686E-03));
#986 = VECTOR('',#987,1.);
#987 = DIRECTION('',(-9.80184805203E-02,0.995184594674));
#988 = ( GEOMETRIC_REPRESENTATION_CONTEXT(2) 
PARAMETRIC_REPRESENTATION_CONTEXT() REPRESENTATION_CONTEXT('2D SPACE',''
  ) );
#989 = PCURVE('',#990,#995);
#990 = PLANE('',#991);
#991 = AXIS2_PLACEMENT_3D('',#992,#993,#994);
#992 = CARTESIAN_POINT('',(-9.643320981352E-03,-1.256487141551E-02,
    1.946940408441E-03));
#993 = DIRECTION('',(-9.80184805203E-02,0.995184594674,0.));
#994 = DIRECTION('',(0.995184594674,9.80184805203E-02,0.));
#995 = DEFINITIONAL_REPRESENTATION('',(#996),#999);
#996 = B_SPLINE_CURVE_WITH_KNOTS('',1,(#997,#998),.UNSPECIFIED.,.F.,.F.,
  (2,2),(0.,5.096889546227E-04),.PIECEWISE_BEZIER_KNOTS.);
#997 = CARTESIAN_POINT('',(1.512824241316E-04,-5.530597685106E-04));
#998 = CARTESIAN_POINT('',(-3.584065304911E-04,-5.530597685106E-04));
#999 = ( GEOMETRIC_REPRESENTATION_CONTEXT(2) 
PARAMETRIC_REPRESENTATION_CONTEXT() REPRESENTATION_CONTEXT('2D SPACE',''
  ) );
#1000 = ORIENTED_EDGE('',*,*,#893,.F.);
#1001 = ADVANCED_FACE('',(#1002),#965,.T.);
#1002 = FACE_BOUND('',#1003,.T.);
#1003 = EDGE_LOOP('',(#1004,#1005,#1032));
#1004 = ORIENTED_EDGE('',*,*,#949,.F.);
#1005 = ORIENTED_EDGE('',*,*,#1006,.F.);
#1006 = EDGE_CURVE('',#1007,#648,#1009,.T.);
#1007 = VERTEX_POINT('',#1008);
#1008 = CARTESIAN_POINT('',(1.535000093281E-02,-1.525000110269E-02,
    2.500000176951E-03));
#1009 = SURFACE_CURVE('',#1010,(#1014,#1020),.PCURVE_S1.);
#1010 = LINE('',#1011,#1012);
#1011 = CARTESIAN_POINT('',(1.535000093281E-02,-1.525000110269E-02,
    2.500000176951E-03));
#1012 = VECTOR('',#1013,1.);
#1013 = DIRECTION('',(-1.,0.,0.));
#1014 = PCURVE('',#965,#1015);
#1015 = DEFINITIONAL_REPRESENTATION('',(#1016),#1019);
#1016 = B_SPLINE_CURVE_WITH_KNOTS('',1,(#1017,#1018),.UNSPECIFIED.,.F.,
  .F.,(2,2),(0.,3.070000186563E-02),.PIECEWISE_BEZIER_KNOTS.);
#1017 = CARTESIAN_POINT('',(-6.830129508657E-04,-1.546151326785E-02));
#1018 = CARTESIAN_POINT('',(-6.830129508657E-04,1.523848859778E-02));
#1019 = ( GEOMETRIC_REPRESENTATION_CONTEXT(2) 
PARAMETRIC_REPRESENTATION_CONTEXT() REPRESENTATION_CONTEXT('2D SPACE',''
  ) );
#1020 = PCURVE('',#1021,#1026);
#1021 = PLANE('',#1022);
#1022 = AXIS2_PLACEMENT_3D('',#1023,#1024,#1025);
#1023 = CARTESIAN_POINT('',(1.148874759827E-03,-1.525000110269E-02,
    1.148874759827E-03));
#1024 = DIRECTION('',(-0.,-1.,-0.));
#1025 = DIRECTION('',(0.,0.,-1.));
#1026 = DEFINITIONAL_REPRESENTATION('',(#1027),#1031);
#1027 = LINE('',#1028,#1029);
#1028 = CARTESIAN_POINT('',(-1.351125417125E-03,1.420112617299E-02));
#1029 = VECTOR('',#1030,1.);
#1030 = DIRECTION('',(0.,-1.));
#1031 = ( GEOMETRIC_REPRESENTATION_CONTEXT(2) 
PARAMETRIC_REPRESENTATION_CONTEXT() REPRESENTATION_CONTEXT('2D SPACE',''
  ) );
#1032 = ORIENTED_EDGE('',*,*,#1033,.F.);
#1033 = EDGE_CURVE('',#950,#1007,#1034,.T.);
#1034 = SURFACE_CURVE('',#1035,(#1039,#1045),.PCURVE_S1.);
#1035 = LINE('',#1036,#1037);
#1036 = CARTESIAN_POINT('',(-9.492767043412E-03,-1.255004294217E-02,
    2.500000176951E-03));
#1037 = VECTOR('',#1038,1.);
#1038 = DIRECTION('',(0.994145936251,-0.108045626635,0.));
#1039 = PCURVE('',#965,#1040);
#1040 = DEFINITIONAL_REPRESENTATION('',(#1041),#1044);
#1041 = B_SPLINE_CURVE_WITH_KNOTS('',1,(#1042,#1043),.UNSPECIFIED.,.F.,
  .F.,(2,2),(0.,2.498905550014E-02),.PIECEWISE_BEZIER_KNOTS.);
#1042 = CARTESIAN_POINT('',(2.016945209654E-03,9.381254708379E-03));
#1043 = CARTESIAN_POINT('',(-6.830129508657E-04,-1.546151326785E-02));
#1044 = ( GEOMETRIC_REPRESENTATION_CONTEXT(2) 
PARAMETRIC_REPRESENTATION_CONTEXT() REPRESENTATION_CONTEXT('2D SPACE',''
  ) );
#1045 = PCURVE('',#1046,#1051);
#1046 = PLANE('',#1047);
#1047 = AXIS2_PLACEMENT_3D('',#1048,#1049,#1050);
#1048 = CARTESIAN_POINT('',(2.924082922179E-03,-1.38492466534E-02,
    2.500000176951E-03));
#1049 = DIRECTION('',(-2.00793394272E-29,-1.782873995295E-28,1.));
#1050 = DIRECTION('',(0.,1.,1.782873995295E-28));
#1051 = DEFINITIONAL_REPRESENTATION('',(#1052),#1056);
#1052 = LINE('',#1053,#1054);
#1053 = CARTESIAN_POINT('',(1.299203711238E-03,1.241684996559E-02));
#1054 = VECTOR('',#1055,1.);
#1055 = DIRECTION('',(-0.108045626635,-0.994145936251));
#1056 = ( GEOMETRIC_REPRESENTATION_CONTEXT(2) 
PARAMETRIC_REPRESENTATION_CONTEXT() REPRESENTATION_CONTEXT('2D SPACE',''
  ) );
#1057 = ADVANCED_FACE('',(#1058),#1072,.T.);
#1058 = FACE_BOUND('',#1059,.T.);
#1059 = EDGE_LOOP('',(#1060,#1094,#1119));
#1060 = ORIENTED_EDGE('',*,*,#1061,.T.);
#1061 = EDGE_CURVE('',#1062,#1064,#1066,.T.);
#1062 = VERTEX_POINT('',#1063);
#1063 = CARTESIAN_POINT('',(-1.535000093281E-02,1.525000110269E-02,
    2.500000176951E-03));
#1064 = VERTEX_POINT('',#1065);
#1065 = CARTESIAN_POINT('',(-1.535000093281E-02,-1.525000110269E-02,
    -2.500000176951E-03));
#1066 = SURFACE_CURVE('',#1067,(#1071,#1083),.PCURVE_S1.);
#1067 = LINE('',#1068,#1069);
#1068 = CARTESIAN_POINT('',(-1.535000093281E-02,1.525000110269E-02,
    2.500000176951E-03));
#1069 = VECTOR('',#1070,1.);
#1070 = DIRECTION('',(0.,-0.986827665145,-0.161775026826));
#1071 = PCURVE('',#1072,#1077);
#1072 = PLANE('',#1073);
#1073 = AXIS2_PLACEMENT_3D('',#1074,#1075,#1076);
#1074 = CARTESIAN_POINT('',(-1.535000093281E-02,-1.148220351162E-03,
    1.148220351162E-03));
#1075 = DIRECTION('',(-1.,-0.,-0.));
#1076 = DIRECTION('',(0.,0.,-1.));
#1077 = DEFINITIONAL_REPRESENTATION('',(#1078),#1082);
#1078 = LINE('',#1079,#1080);
#1079 = CARTESIAN_POINT('',(-1.351779825789E-03,-1.639822145385E-02));
#1080 = VECTOR('',#1081,1.);
#1081 = DIRECTION('',(0.161775026826,0.986827665145));
#1082 = ( GEOMETRIC_REPRESENTATION_CONTEXT(2) 
PARAMETRIC_REPRESENTATION_CONTEXT() REPRESENTATION_CONTEXT('2D SPACE',''
  ) );
#1083 = PCURVE('',#1084,#1089);
#1084 = PLANE('',#1085);
#1085 = AXIS2_PLACEMENT_3D('',#1086,#1087,#1088);
#1086 = CARTESIAN_POINT('',(-1.535000093281E-02,1.148220351162E-03,
    -1.148220351162E-03));
#1087 = DIRECTION('',(-1.,-0.,-0.));
#1088 = DIRECTION('',(0.,0.,-1.));
#1089 = DEFINITIONAL_REPRESENTATION('',(#1090),#1093);
#1090 = B_SPLINE_CURVE_WITH_KNOTS('',1,(#1091,#1092),.UNSPECIFIED.,.F.,
  .F.,(2,2),(0.,3.090712115463E-02),.PIECEWISE_BEZIER_KNOTS.);
#1091 = CARTESIAN_POINT('',(-3.648220528113E-03,-1.410178075152E-02));
#1092 = CARTESIAN_POINT('',(1.351779825789E-03,1.639822145385E-02));
#1093 = ( GEOMETRIC_REPRESENTATION_CONTEXT(2) 
PARAMETRIC_REPRESENTATION_CONTEXT() REPRESENTATION_CONTEXT('2D SPACE',''
  ) );
#1094 = ORIENTED_EDGE('',*,*,#1095,.T.);
#1095 = EDGE_CURVE('',#1064,#648,#1096,.T.);
#1096 = SURFACE_CURVE('',#1097,(#1101,#1108),.PCURVE_S1.);
#1097 = LINE('',#1098,#1099);
#1098 = CARTESIAN_POINT('',(-1.535000093281E-02,-1.525000110269E-02,
    -2.500000176951E-03));
#1099 = VECTOR('',#1100,1.);
#1100 = DIRECTION('',(0.,0.,1.));
#1101 = PCURVE('',#1072,#1102);
#1102 = DEFINITIONAL_REPRESENTATION('',(#1103),#1107);
#1103 = LINE('',#1104,#1105);
#1104 = CARTESIAN_POINT('',(3.648220528113E-03,1.410178075152E-02));
#1105 = VECTOR('',#1106,1.);
#1106 = DIRECTION('',(-1.,0.));
#1107 = ( GEOMETRIC_REPRESENTATION_CONTEXT(2) 
PARAMETRIC_REPRESENTATION_CONTEXT() REPRESENTATION_CONTEXT('2D SPACE',''
  ) );
#1108 = PCURVE('',#1109,#1114);
#1109 = PLANE('',#1110);
#1110 = AXIS2_PLACEMENT_3D('',#1111,#1112,#1113);
#1111 = CARTESIAN_POINT('',(-1.148874759827E-03,-1.525000110269E-02,
    -1.148874759827E-03));
#1112 = DIRECTION('',(-0.,-1.,-0.));
#1113 = DIRECTION('',(0.,0.,-1.));
#1114 = DEFINITIONAL_REPRESENTATION('',(#1115),#1118);
#1115 = B_SPLINE_CURVE_WITH_KNOTS('',1,(#1116,#1117),.UNSPECIFIED.,.F.,
  .F.,(2,2),(0.,5.000000353903E-03),.PIECEWISE_BEZIER_KNOTS.);
#1116 = CARTESIAN_POINT('',(1.351125417125E-03,-1.420112617299E-02));
#1117 = CARTESIAN_POINT('',(-3.648874936778E-03,-1.420112617299E-02));
#1118 = ( GEOMETRIC_REPRESENTATION_CONTEXT(2) 
PARAMETRIC_REPRESENTATION_CONTEXT() REPRESENTATION_CONTEXT('2D SPACE',''
  ) );
#1119 = ORIENTED_EDGE('',*,*,#1120,.T.);
#1120 = EDGE_CURVE('',#648,#1062,#1121,.T.);
#1121 = SURFACE_CURVE('',#1122,(#1126,#1133),.PCURVE_S1.);
#1122 = LINE('',#1123,#1124);
#1123 = CARTESIAN_POINT('',(-1.535000093281E-02,-1.525000110269E-02,
    2.500000176951E-03));
#1124 = VECTOR('',#1125,1.);
#1125 = DIRECTION('',(0.,1.,0.));
#1126 = PCURVE('',#1072,#1127);
#1127 = DEFINITIONAL_REPRESENTATION('',(#1128),#1132);
#1128 = LINE('',#1129,#1130);
#1129 = CARTESIAN_POINT('',(-1.351779825789E-03,1.410178075152E-02));
#1130 = VECTOR('',#1131,1.);
#1131 = DIRECTION('',(0.,-1.));
#1132 = ( GEOMETRIC_REPRESENTATION_CONTEXT(2) 
PARAMETRIC_REPRESENTATION_CONTEXT() REPRESENTATION_CONTEXT('2D SPACE',''
  ) );
#1133 = PCURVE('',#1134,#1139);
#1134 = PLANE('',#1135);
#1135 = AXIS2_PLACEMENT_3D('',#1136,#1137,#1138);
#1136 = CARTESIAN_POINT('',(-1.465331696336E-02,-1.318307976846E-04,
    2.500000176951E-03));
#1137 = DIRECTION('',(6.346200783077E-31,2.239522408943E-32,1.));
#1138 = DIRECTION('',(1.,0.,-6.346200783077E-31));
#1139 = DEFINITIONAL_REPRESENTATION('',(#1140),#1143);
#1140 = B_SPLINE_CURVE_WITH_KNOTS('',1,(#1141,#1142),.UNSPECIFIED.,.F.,
  .F.,(2,2),(0.,3.050000220537E-02),.PIECEWISE_BEZIER_KNOTS.);
#1141 = CARTESIAN_POINT('',(-6.966839694507E-04,-1.5118170305E-02));
#1142 = CARTESIAN_POINT('',(-6.966839694507E-04,1.538183190037E-02));
#1143 = ( GEOMETRIC_REPRESENTATION_CONTEXT(2) 
PARAMETRIC_REPRESENTATION_CONTEXT() REPRESENTATION_CONTEXT('2D SPACE',''
  ) );
#1144 = ADVANCED_FACE('',(#1145),#1084,.T.);
#1145 = FACE_BOUND('',#1146,.T.);
#1146 = EDGE_LOOP('',(#1147,#1174,#1175));
#1147 = ORIENTED_EDGE('',*,*,#1148,.T.);
#1148 = EDGE_CURVE('',#1149,#1064,#1151,.T.);
#1149 = VERTEX_POINT('',#1150);
#1150 = CARTESIAN_POINT('',(-1.535000093281E-02,1.525000110269E-02,
    -2.500000176951E-03));
#1151 = SURFACE_CURVE('',#1152,(#1156,#1163),.PCURVE_S1.);
#1152 = LINE('',#1153,#1154);
#1153 = CARTESIAN_POINT('',(-1.535000093281E-02,1.525000110269E-02,
    -2.500000176951E-03));
#1154 = VECTOR('',#1155,1.);
#1155 = DIRECTION('',(0.,-1.,0.));
#1156 = PCURVE('',#1084,#1157);
#1157 = DEFINITIONAL_REPRESENTATION('',(#1158),#1162);
#1158 = LINE('',#1159,#1160);
#1159 = CARTESIAN_POINT('',(1.351779825789E-03,-1.410178075152E-02));
#1160 = VECTOR('',#1161,1.);
#1161 = DIRECTION('',(0.,1.));
#1162 = ( GEOMETRIC_REPRESENTATION_CONTEXT(2) 
PARAMETRIC_REPRESENTATION_CONTEXT() REPRESENTATION_CONTEXT('2D SPACE',''
  ) );
#1163 = PCURVE('',#1164,#1169);
#1164 = PLANE('',#1165);
#1165 = AXIS2_PLACEMENT_3D('',#1166,#1167,#1168);
#1166 = CARTESIAN_POINT('',(-1.486059204185E-02,-1.845571034733E-04,
    -2.500000176951E-03));
#1167 = DIRECTION('',(6.078425226686E-31,1.619293434899E-32,-1.));
#1168 = DIRECTION('',(-1.,0.,-6.078425226686E-31));
#1169 = DEFINITIONAL_REPRESENTATION('',(#1170),#1173);
#1170 = B_SPLINE_CURVE_WITH_KNOTS('',1,(#1171,#1172),.UNSPECIFIED.,.F.,
  .F.,(2,2),(0.,3.050000220537E-02),.PIECEWISE_BEZIER_KNOTS.);
#1171 = CARTESIAN_POINT('',(4.894088909597E-04,1.543455820616E-02));
#1172 = CARTESIAN_POINT('',(4.894088909597E-04,-1.506544399921E-02));
#1173 = ( GEOMETRIC_REPRESENTATION_CONTEXT(2) 
PARAMETRIC_REPRESENTATION_CONTEXT() REPRESENTATION_CONTEXT('2D SPACE',''
  ) );
#1174 = ORIENTED_EDGE('',*,*,#1061,.F.);
#1175 = ORIENTED_EDGE('',*,*,#1176,.T.);
#1176 = EDGE_CURVE('',#1062,#1149,#1177,.T.);
#1177 = SURFACE_CURVE('',#1178,(#1182,#1189),.PCURVE_S1.);
#1178 = LINE('',#1179,#1180);
#1179 = CARTESIAN_POINT('',(-1.535000093281E-02,1.525000110269E-02,
    2.500000176951E-03));
#1180 = VECTOR('',#1181,1.);
#1181 = DIRECTION('',(0.,0.,-1.));
#1182 = PCURVE('',#1084,#1183);
#1183 = DEFINITIONAL_REPRESENTATION('',(#1184),#1188);
#1184 = LINE('',#1185,#1186);
#1185 = CARTESIAN_POINT('',(-3.648220528113E-03,-1.410178075152E-02));
#1186 = VECTOR('',#1187,1.);
#1187 = DIRECTION('',(1.,0.));
#1188 = ( GEOMETRIC_REPRESENTATION_CONTEXT(2) 
PARAMETRIC_REPRESENTATION_CONTEXT() REPRESENTATION_CONTEXT('2D SPACE',''
  ) );
#1189 = PCURVE('',#1190,#1195);
#1190 = PLANE('',#1191);
#1191 = AXIS2_PLACEMENT_3D('',#1192,#1193,#1194);
#1192 = CARTESIAN_POINT('',(-1.148874759827E-03,1.525000110269E-02,
    1.148874759827E-03));
#1193 = DIRECTION('',(0.,1.,0.));
#1194 = DIRECTION('',(0.,-0.,1.));
#1195 = DEFINITIONAL_REPRESENTATION('',(#1196),#1199);
#1196 = B_SPLINE_CURVE_WITH_KNOTS('',1,(#1197,#1198),.UNSPECIFIED.,.F.,
  .F.,(2,2),(0.,5.000000353903E-03),.PIECEWISE_BEZIER_KNOTS.);
#1197 = CARTESIAN_POINT('',(1.351125417125E-03,-1.420112617299E-02));
#1198 = CARTESIAN_POINT('',(-3.648874936778E-03,-1.420112617299E-02));
#1199 = ( GEOMETRIC_REPRESENTATION_CONTEXT(2) 
PARAMETRIC_REPRESENTATION_CONTEXT() REPRESENTATION_CONTEXT('2D SPACE',''
  ) );
#1200 = ADVANCED_FACE('',(#1201),#1190,.T.);
#1201 = FACE_BOUND('',#1202,.T.);
#1202 = EDGE_LOOP('',(#1203,#1230,#1231));
#1203 = ORIENTED_EDGE('',*,*,#1204,.T.);
#1204 = EDGE_CURVE('',#1205,#1149,#1207,.T.);
#1205 = VERTEX_POINT('',#1206);
#1206 = CARTESIAN_POINT('',(1.535000093281E-02,1.525000110269E-02,
    2.500000176951E-03));
#1207 = SURFACE_CURVE('',#1208,(#1212,#1219),.PCURVE_S1.);
#1208 = LINE('',#1209,#1210);
#1209 = CARTESIAN_POINT('',(1.535000093281E-02,1.525000110269E-02,
    2.500000176951E-03));
#1210 = VECTOR('',#1211,1.);
#1211 = DIRECTION('',(-0.986995409885,0.,-0.160748439701));
#1212 = PCURVE('',#1190,#1213);
#1213 = DEFINITIONAL_REPRESENTATION('',(#1214),#1218);
#1214 = LINE('',#1215,#1216);
#1215 = CARTESIAN_POINT('',(1.351125417125E-03,1.649887569264E-02));
#1216 = VECTOR('',#1217,1.);
#1217 = DIRECTION('',(-0.160748439701,-0.986995409885));
#1218 = ( GEOMETRIC_REPRESENTATION_CONTEXT(2) 
PARAMETRIC_REPRESENTATION_CONTEXT() REPRESENTATION_CONTEXT('2D SPACE',''
  ) );
#1219 = PCURVE('',#1220,#1225);
#1220 = PLANE('',#1221);
#1221 = AXIS2_PLACEMENT_3D('',#1222,#1223,#1224);
#1222 = CARTESIAN_POINT('',(1.148874759827E-03,1.525000110269E-02,
    -1.148874759827E-03));
#1223 = DIRECTION('',(0.,1.,0.));
#1224 = DIRECTION('',(0.,-0.,1.));
#1225 = DEFINITIONAL_REPRESENTATION('',(#1226),#1229);
#1226 = B_SPLINE_CURVE_WITH_KNOTS('',1,(#1227,#1228),.UNSPECIFIED.,.F.,
  .F.,(2,2),(0.,3.110450318022E-02),.PIECEWISE_BEZIER_KNOTS.);
#1227 = CARTESIAN_POINT('',(3.648874936778E-03,1.420112617299E-02));
#1228 = CARTESIAN_POINT('',(-1.351125417125E-03,-1.649887569264E-02));
#1229 = ( GEOMETRIC_REPRESENTATION_CONTEXT(2) 
PARAMETRIC_REPRESENTATION_CONTEXT() REPRESENTATION_CONTEXT('2D SPACE',''
  ) );
#1230 = ORIENTED_EDGE('',*,*,#1176,.F.);
#1231 = ORIENTED_EDGE('',*,*,#1232,.T.);
#1232 = EDGE_CURVE('',#1062,#1205,#1233,.T.);
#1233 = SURFACE_CURVE('',#1234,(#1238,#1245),.PCURVE_S1.);
#1234 = LINE('',#1235,#1236);
#1235 = CARTESIAN_POINT('',(-1.535000093281E-02,1.525000110269E-02,
    2.500000176951E-03));
#1236 = VECTOR('',#1237,1.);
#1237 = DIRECTION('',(1.,0.,0.));
#1238 = PCURVE('',#1190,#1239);
#1239 = DEFINITIONAL_REPRESENTATION('',(#1240),#1244);
#1240 = LINE('',#1241,#1242);
#1241 = CARTESIAN_POINT('',(1.351125417125E-03,-1.420112617299E-02));
#1242 = VECTOR('',#1243,1.);
#1243 = DIRECTION('',(0.,1.));
#1244 = ( GEOMETRIC_REPRESENTATION_CONTEXT(2) 
PARAMETRIC_REPRESENTATION_CONTEXT() REPRESENTATION_CONTEXT('2D SPACE',''
  ) );
#1245 = PCURVE('',#1246,#1251);
#1246 = PLANE('',#1247);
#1247 = AXIS2_PLACEMENT_3D('',#1248,#1249,#1250);
#1248 = CARTESIAN_POINT('',(4.48120877613E-03,4.48120877613E-03,
    2.500000176951E-03));
#1249 = DIRECTION('',(0.,0.,1.));
#1250 = DIRECTION('',(1.,0.,-0.));
#1251 = DEFINITIONAL_REPRESENTATION('',(#1252),#1255);
#1252 = B_SPLINE_CURVE_WITH_KNOTS('',1,(#1253,#1254),.UNSPECIFIED.,.F.,
  .F.,(2,2),(0.,3.070000186563E-02),.PIECEWISE_BEZIER_KNOTS.);
#1253 = CARTESIAN_POINT('',(-1.983120970894E-02,1.076879232656E-02));
#1254 = CARTESIAN_POINT('',(1.086879215668E-02,1.076879232656E-02));
#1255 = ( GEOMETRIC_REPRESENTATION_CONTEXT(2) 
PARAMETRIC_REPRESENTATION_CONTEXT() REPRESENTATION_CONTEXT('2D SPACE',''
  ) );
#1256 = ADVANCED_FACE('',(#1257),#1220,.T.);
#1257 = FACE_BOUND('',#1258,.T.);
#1258 = EDGE_LOOP('',(#1259,#1286,#1287));
#1259 = ORIENTED_EDGE('',*,*,#1260,.T.);
#1260 = EDGE_CURVE('',#1261,#1149,#1263,.T.);
#1261 = VERTEX_POINT('',#1262);
#1262 = CARTESIAN_POINT('',(1.535000093281E-02,1.525000110269E-02,
    -2.500000176951E-03));
#1263 = SURFACE_CURVE('',#1264,(#1268,#1275),.PCURVE_S1.);
#1264 = LINE('',#1265,#1266);
#1265 = CARTESIAN_POINT('',(1.535000093281E-02,1.525000110269E-02,
    -2.500000176951E-03));
#1266 = VECTOR('',#1267,1.);
#1267 = DIRECTION('',(-1.,0.,0.));
#1268 = PCURVE('',#1220,#1269);
#1269 = DEFINITIONAL_REPRESENTATION('',(#1270),#1274);
#1270 = LINE('',#1271,#1272);
#1271 = CARTESIAN_POINT('',(-1.351125417125E-03,1.420112617299E-02));
#1272 = VECTOR('',#1273,1.);
#1273 = DIRECTION('',(0.,-1.));
#1274 = ( GEOMETRIC_REPRESENTATION_CONTEXT(2) 
PARAMETRIC_REPRESENTATION_CONTEXT() REPRESENTATION_CONTEXT('2D SPACE',''
  ) );
#1275 = PCURVE('',#1276,#1281);
#1276 = PLANE('',#1277);
#1277 = AXIS2_PLACEMENT_3D('',#1278,#1279,#1280);
#1278 = CARTESIAN_POINT('',(1.817288293683E-04,1.476392859007E-02,
    -2.500000176951E-03));
#1279 = DIRECTION('',(-0.,-0.,-1.));
#1280 = DIRECTION('',(-1.,0.,0.));
#1281 = DEFINITIONAL_REPRESENTATION('',(#1282),#1285);
#1282 = B_SPLINE_CURVE_WITH_KNOTS('',1,(#1283,#1284),.UNSPECIFIED.,.F.,
  .F.,(2,2),(0.,3.070000186563E-02),.PIECEWISE_BEZIER_KNOTS.);
#1283 = CARTESIAN_POINT('',(-1.516827210344E-02,4.860725126187E-04));
#1284 = CARTESIAN_POINT('',(1.553172976218E-02,4.860725126187E-04));
#1285 = ( GEOMETRIC_REPRESENTATION_CONTEXT(2) 
PARAMETRIC_REPRESENTATION_CONTEXT() REPRESENTATION_CONTEXT('2D SPACE',''
  ) );
#1286 = ORIENTED_EDGE('',*,*,#1204,.F.);
#1287 = ORIENTED_EDGE('',*,*,#1288,.T.);
#1288 = EDGE_CURVE('',#1205,#1261,#1289,.T.);
#1289 = SURFACE_CURVE('',#1290,(#1294,#1301),.PCURVE_S1.);
#1290 = LINE('',#1291,#1292);
#1291 = CARTESIAN_POINT('',(1.535000093281E-02,1.525000110269E-02,
    2.500000176951E-03));
#1292 = VECTOR('',#1293,1.);
#1293 = DIRECTION('',(0.,0.,-1.));
#1294 = PCURVE('',#1220,#1295);
#1295 = DEFINITIONAL_REPRESENTATION('',(#1296),#1300);
#1296 = LINE('',#1297,#1298);
#1297 = CARTESIAN_POINT('',(3.648874936778E-03,1.420112617299E-02));
#1298 = VECTOR('',#1299,1.);
#1299 = DIRECTION('',(-1.,0.));
#1300 = ( GEOMETRIC_REPRESENTATION_CONTEXT(2) 
PARAMETRIC_REPRESENTATION_CONTEXT() REPRESENTATION_CONTEXT('2D SPACE',''
  ) );
#1301 = PCURVE('',#1302,#1307);
#1302 = PLANE('',#1303);
#1303 = AXIS2_PLACEMENT_3D('',#1304,#1305,#1306);
#1304 = CARTESIAN_POINT('',(1.535000093281E-02,1.148220351162E-03,
    1.148220351162E-03));
#1305 = DIRECTION('',(1.,0.,0.));
#1306 = DIRECTION('',(-0.,0.,1.));
#1307 = DEFINITIONAL_REPRESENTATION('',(#1308),#1311);
#1308 = B_SPLINE_CURVE_WITH_KNOTS('',1,(#1309,#1310),.UNSPECIFIED.,.F.,
  .F.,(2,2),(0.,5.000000353903E-03),.PIECEWISE_BEZIER_KNOTS.);
#1309 = CARTESIAN_POINT('',(1.351779825789E-03,-1.410178075152E-02));
#1310 = CARTESIAN_POINT('',(-3.648220528113E-03,-1.410178075152E-02));
#1311 = ( GEOMETRIC_REPRESENTATION_CONTEXT(2) 
PARAMETRIC_REPRESENTATION_CONTEXT() REPRESENTATION_CONTEXT('2D SPACE',''
  ) );
#1312 = ADVANCED_FACE('',(#1313),#1302,.T.);
#1313 = FACE_BOUND('',#1314,.T.);
#1314 = EDGE_LOOP('',(#1315,#1340,#1341));
#1315 = ORIENTED_EDGE('',*,*,#1316,.T.);
#1316 = EDGE_CURVE('',#1007,#1261,#1317,.T.);
#1317 = SURFACE_CURVE('',#1318,(#1322,#1329),.PCURVE_S1.);
#1318 = LINE('',#1319,#1320);
#1319 = CARTESIAN_POINT('',(1.535000093281E-02,-1.525000110269E-02,
    2.500000176951E-03));
#1320 = VECTOR('',#1321,1.);
#1321 = DIRECTION('',(0.,0.986827665145,-0.161775026826));
#1322 = PCURVE('',#1302,#1323);
#1323 = DEFINITIONAL_REPRESENTATION('',(#1324),#1328);
#1324 = LINE('',#1325,#1326);
#1325 = CARTESIAN_POINT('',(1.351779825789E-03,1.639822145385E-02));
#1326 = VECTOR('',#1327,1.);
#1327 = DIRECTION('',(-0.161775026826,-0.986827665145));
#1328 = ( GEOMETRIC_REPRESENTATION_CONTEXT(2) 
PARAMETRIC_REPRESENTATION_CONTEXT() REPRESENTATION_CONTEXT('2D SPACE',''
  ) );
#1329 = PCURVE('',#1330,#1335);
#1330 = PLANE('',#1331);
#1331 = AXIS2_PLACEMENT_3D('',#1332,#1333,#1334);
#1332 = CARTESIAN_POINT('',(1.535000093281E-02,-1.148220351162E-03,
    -1.148220351162E-03));
#1333 = DIRECTION('',(1.,0.,0.));
#1334 = DIRECTION('',(-0.,0.,1.));
#1335 = DEFINITIONAL_REPRESENTATION('',(#1336),#1339);
#1336 = B_SPLINE_CURVE_WITH_KNOTS('',1,(#1337,#1338),.UNSPECIFIED.,.F.,
  .F.,(2,2),(0.,3.090712115463E-02),.PIECEWISE_BEZIER_KNOTS.);
#1337 = CARTESIAN_POINT('',(3.648220528113E-03,1.410178075152E-02));
#1338 = CARTESIAN_POINT('',(-1.351779825789E-03,-1.639822145385E-02));
#1339 = ( GEOMETRIC_REPRESENTATION_CONTEXT(2) 
PARAMETRIC_REPRESENTATION_CONTEXT() REPRESENTATION_CONTEXT('2D SPACE',''
  ) );
#1340 = ORIENTED_EDGE('',*,*,#1288,.F.);
#1341 = ORIENTED_EDGE('',*,*,#1342,.T.);
#1342 = EDGE_CURVE('',#1205,#1007,#1343,.T.);
#1343 = SURFACE_CURVE('',#1344,(#1348,#1355),.PCURVE_S1.);
#1344 = LINE('',#1345,#1346);
#1345 = CARTESIAN_POINT('',(1.535000093281E-02,1.525000110269E-02,
    2.500000176951E-03));
#1346 = VECTOR('',#1347,1.);
#1347 = DIRECTION('',(0.,-1.,0.));
#1348 = PCURVE('',#1302,#1349);
#1349 = DEFINITIONAL_REPRESENTATION('',(#1350),#1354);
#1350 = LINE('',#1351,#1352);
#1351 = CARTESIAN_POINT('',(1.351779825789E-03,-1.410178075152E-02));
#1352 = VECTOR('',#1353,1.);
#1353 = DIRECTION('',(0.,1.));
#1354 = ( GEOMETRIC_REPRESENTATION_CONTEXT(2) 
PARAMETRIC_REPRESENTATION_CONTEXT() REPRESENTATION_CONTEXT('2D SPACE',''
  ) );
#1355 = PCURVE('',#1246,#1356);
#1356 = DEFINITIONAL_REPRESENTATION('',(#1357),#1360);
#1357 = B_SPLINE_CURVE_WITH_KNOTS('',1,(#1358,#1359),.UNSPECIFIED.,.F.,
  .F.,(2,2),(0.,3.050000220537E-02),.PIECEWISE_BEZIER_KNOTS.);
#1358 = CARTESIAN_POINT('',(1.086879215668E-02,1.076879232656E-02));
#1359 = CARTESIAN_POINT('',(1.086879215668E-02,-1.973120987882E-02));
#1360 = ( GEOMETRIC_REPRESENTATION_CONTEXT(2) 
PARAMETRIC_REPRESENTATION_CONTEXT() REPRESENTATION_CONTEXT('2D SPACE',''
  ) );
#1361 = ADVANCED_FACE('',(#1362),#1330,.T.);
#1362 = FACE_BOUND('',#1363,.T.);
#1363 = EDGE_LOOP('',(#1364,#1391,#1392));
#1364 = ORIENTED_EDGE('',*,*,#1365,.T.);
#1365 = EDGE_CURVE('',#1366,#1261,#1368,.T.);
#1366 = VERTEX_POINT('',#1367);
#1367 = CARTESIAN_POINT('',(1.535000093281E-02,-1.525000110269E-02,
    -2.500000176951E-03));
#1368 = SURFACE_CURVE('',#1369,(#1373,#1380),.PCURVE_S1.);
#1369 = LINE('',#1370,#1371);
#1370 = CARTESIAN_POINT('',(1.535000093281E-02,-1.525000110269E-02,
    -2.500000176951E-03));
#1371 = VECTOR('',#1372,1.);
#1372 = DIRECTION('',(0.,1.,0.));
#1373 = PCURVE('',#1330,#1374);
#1374 = DEFINITIONAL_REPRESENTATION('',(#1375),#1379);
#1375 = LINE('',#1376,#1377);
#1376 = CARTESIAN_POINT('',(-1.351779825789E-03,1.410178075152E-02));
#1377 = VECTOR('',#1378,1.);
#1378 = DIRECTION('',(0.,-1.));
#1379 = ( GEOMETRIC_REPRESENTATION_CONTEXT(2) 
PARAMETRIC_REPRESENTATION_CONTEXT() REPRESENTATION_CONTEXT('2D SPACE',''
  ) );
#1380 = PCURVE('',#1381,#1386);
#1381 = PLANE('',#1382);
#1382 = AXIS2_PLACEMENT_3D('',#1383,#1384,#1385);
#1383 = CARTESIAN_POINT('',(1.486059204185E-02,1.845571034733E-04,
    -2.500000176951E-03));
#1384 = DIRECTION('',(-6.078425226686E-31,-1.619293434899E-32,-1.));
#1385 = DIRECTION('',(-1.,0.,6.078425226686E-31));
#1386 = DEFINITIONAL_REPRESENTATION('',(#1387),#1390);
#1387 = B_SPLINE_CURVE_WITH_KNOTS('',1,(#1388,#1389),.UNSPECIFIED.,.F.,
  .F.,(2,2),(0.,3.050000220537E-02),.PIECEWISE_BEZIER_KNOTS.);
#1388 = CARTESIAN_POINT('',(-4.894088909597E-04,-1.543455820616E-02));
#1389 = CARTESIAN_POINT('',(-4.894088909597E-04,1.506544399921E-02));
#1390 = ( GEOMETRIC_REPRESENTATION_CONTEXT(2) 
PARAMETRIC_REPRESENTATION_CONTEXT() REPRESENTATION_CONTEXT('2D SPACE',''
  ) );
#1391 = ORIENTED_EDGE('',*,*,#1316,.F.);
#1392 = ORIENTED_EDGE('',*,*,#1393,.T.);
#1393 = EDGE_CURVE('',#1007,#1366,#1394,.T.);
#1394 = SURFACE_CURVE('',#1395,(#1399,#1406),.PCURVE_S1.);
#1395 = LINE('',#1396,#1397);
#1396 = CARTESIAN_POINT('',(1.535000093281E-02,-1.525000110269E-02,
    2.500000176951E-03));
#1397 = VECTOR('',#1398,1.);
#1398 = DIRECTION('',(0.,0.,-1.));
#1399 = PCURVE('',#1330,#1400);
#1400 = DEFINITIONAL_REPRESENTATION('',(#1401),#1405);
#1401 = LINE('',#1402,#1403);
#1402 = CARTESIAN_POINT('',(3.648220528113E-03,1.410178075152E-02));
#1403 = VECTOR('',#1404,1.);
#1404 = DIRECTION('',(-1.,0.));
#1405 = ( GEOMETRIC_REPRESENTATION_CONTEXT(2) 
PARAMETRIC_REPRESENTATION_CONTEXT() REPRESENTATION_CONTEXT('2D SPACE',''
  ) );
#1406 = PCURVE('',#1021,#1407);
#1407 = DEFINITIONAL_REPRESENTATION('',(#1408),#1411);
#1408 = B_SPLINE_CURVE_WITH_KNOTS('',1,(#1409,#1410),.UNSPECIFIED.,.F.,
  .F.,(2,2),(0.,5.000000353903E-03),.PIECEWISE_BEZIER_KNOTS.);
#1409 = CARTESIAN_POINT('',(-1.351125417125E-03,1.420112617299E-02));
#1410 = CARTESIAN_POINT('',(3.648874936778E-03,1.420112617299E-02));
#1411 = ( GEOMETRIC_REPRESENTATION_CONTEXT(2) 
PARAMETRIC_REPRESENTATION_CONTEXT() REPRESENTATION_CONTEXT('2D SPACE',''
  ) );
#1412 = ADVANCED_FACE('',(#1413),#1021,.T.);
#1413 = FACE_BOUND('',#1414,.T.);
#1414 = EDGE_LOOP('',(#1415,#1435,#1436));
#1415 = ORIENTED_EDGE('',*,*,#1416,.T.);
#1416 = EDGE_CURVE('',#648,#1366,#1417,.T.);
#1417 = SURFACE_CURVE('',#1418,(#1422,#1429),.PCURVE_S1.);
#1418 = LINE('',#1419,#1420);
#1419 = CARTESIAN_POINT('',(-1.535000093281E-02,-1.525000110269E-02,
    2.500000176951E-03));
#1420 = VECTOR('',#1421,1.);
#1421 = DIRECTION('',(0.986995409885,0.,-0.160748439701));
#1422 = PCURVE('',#1021,#1423);
#1423 = DEFINITIONAL_REPRESENTATION('',(#1424),#1428);
#1424 = LINE('',#1425,#1426);
#1425 = CARTESIAN_POINT('',(-1.351125417125E-03,-1.649887569264E-02));
#1426 = VECTOR('',#1427,1.);
#1427 = DIRECTION('',(0.160748439701,0.986995409885));
#1428 = ( GEOMETRIC_REPRESENTATION_CONTEXT(2) 
PARAMETRIC_REPRESENTATION_CONTEXT() REPRESENTATION_CONTEXT('2D SPACE',''
  ) );
#1429 = PCURVE('',#1109,#1430);
#1430 = DEFINITIONAL_REPRESENTATION('',(#1431),#1434);
#1431 = B_SPLINE_CURVE_WITH_KNOTS('',1,(#1432,#1433),.UNSPECIFIED.,.F.,
  .F.,(2,2),(0.,3.110450318022E-02),.PIECEWISE_BEZIER_KNOTS.);
#1432 = CARTESIAN_POINT('',(-3.648874936778E-03,-1.420112617299E-02));
#1433 = CARTESIAN_POINT('',(1.351125417125E-03,1.649887569264E-02));
#1434 = ( GEOMETRIC_REPRESENTATION_CONTEXT(2) 
PARAMETRIC_REPRESENTATION_CONTEXT() REPRESENTATION_CONTEXT('2D SPACE',''
  ) );
#1435 = ORIENTED_EDGE('',*,*,#1393,.F.);
#1436 = ORIENTED_EDGE('',*,*,#1006,.T.);
#1437 = ADVANCED_FACE('',(#1438),#1109,.T.);
#1438 = FACE_BOUND('',#1439,.T.);
#1439 = EDGE_LOOP('',(#1440,#1465,#1466));
#1440 = ORIENTED_EDGE('',*,*,#1441,.T.);
#1441 = EDGE_CURVE('',#1064,#1366,#1442,.T.);
#1442 = SURFACE_CURVE('',#1443,(#1447,#1454),.PCURVE_S1.);
#1443 = LINE('',#1444,#1445);
#1444 = CARTESIAN_POINT('',(-1.535000093281E-02,-1.525000110269E-02,
    -2.500000176951E-03));
#1445 = VECTOR('',#1446,1.);
#1446 = DIRECTION('',(1.,0.,0.));
#1447 = PCURVE('',#1109,#1448);
#1448 = DEFINITIONAL_REPRESENTATION('',(#1449),#1453);
#1449 = LINE('',#1450,#1451);
#1450 = CARTESIAN_POINT('',(1.351125417125E-03,-1.420112617299E-02));
#1451 = VECTOR('',#1452,1.);
#1452 = DIRECTION('',(0.,1.));
#1453 = ( GEOMETRIC_REPRESENTATION_CONTEXT(2) 
PARAMETRIC_REPRESENTATION_CONTEXT() REPRESENTATION_CONTEXT('2D SPACE',''
  ) );
#1454 = PCURVE('',#1455,#1460);
#1455 = PLANE('',#1456);
#1456 = AXIS2_PLACEMENT_3D('',#1457,#1458,#1459);
#1457 = CARTESIAN_POINT('',(-1.817288293683E-04,-1.476392859007E-02,
    -2.500000176951E-03));
#1458 = DIRECTION('',(-0.,-0.,-1.));
#1459 = DIRECTION('',(-1.,0.,0.));
#1460 = DEFINITIONAL_REPRESENTATION('',(#1461),#1464);
#1461 = B_SPLINE_CURVE_WITH_KNOTS('',1,(#1462,#1463),.UNSPECIFIED.,.F.,
  .F.,(2,2),(0.,3.070000186563E-02),.PIECEWISE_BEZIER_KNOTS.);
#1462 = CARTESIAN_POINT('',(1.516827210344E-02,-4.860725126187E-04));
#1463 = CARTESIAN_POINT('',(-1.553172976218E-02,-4.860725126187E-04));
#1464 = ( GEOMETRIC_REPRESENTATION_CONTEXT(2) 
PARAMETRIC_REPRESENTATION_CONTEXT() REPRESENTATION_CONTEXT('2D SPACE',''
  ) );
#1465 = ORIENTED_EDGE('',*,*,#1416,.F.);
#1466 = ORIENTED_EDGE('',*,*,#1095,.F.);
#1467 = ADVANCED_FACE('',(#1468),#1164,.T.);
#1468 = FACE_BOUND('',#1469,.T.);
#1469 = EDGE_LOOP('',(#1470,#1497,#1517));
#1470 = ORIENTED_EDGE('',*,*,#1471,.T.);
#1471 = EDGE_CURVE('',#1149,#1472,#1474,.T.);
#1472 = VERTEX_POINT('',#1473);
#1473 = CARTESIAN_POINT('',(-1.341946516186E-02,-1.333204098046E-02,
    -2.500000176951E-03));
#1474 = SURFACE_CURVE('',#1475,(#1479,#1486),.PCURVE_S1.);
#1475 = LINE('',#1476,#1477);
#1476 = CARTESIAN_POINT('',(-1.535000093281E-02,1.525000110269E-02,
    -2.500000176951E-03));
#1477 = VECTOR('',#1478,1.);
#1478 = DIRECTION('',(6.739011449246E-02,-0.997726702293,0.));
#1479 = PCURVE('',#1164,#1480);
#1480 = DEFINITIONAL_REPRESENTATION('',(#1481),#1485);
#1481 = LINE('',#1482,#1483);
#1482 = CARTESIAN_POINT('',(4.894088909597E-04,1.543455820616E-02));
#1483 = VECTOR('',#1484,1.);
#1484 = DIRECTION('',(-6.739011449246E-02,-0.997726702293));
#1485 = ( GEOMETRIC_REPRESENTATION_CONTEXT(2) 
PARAMETRIC_REPRESENTATION_CONTEXT() REPRESENTATION_CONTEXT('2D SPACE',''
  ) );
#1486 = PCURVE('',#1487,#1492);
#1487 = PLANE('',#1488);
#1488 = AXIS2_PLACEMENT_3D('',#1489,#1490,#1491);
#1489 = CARTESIAN_POINT('',(-1.394122371108E-02,1.143537164587E-03,
    -2.500000176951E-03));
#1490 = DIRECTION('',(1.054858806799E-31,6.001351133247E-33,-1.));
#1491 = DIRECTION('',(-1.,0.,-1.054858806799E-31));
#1492 = DEFINITIONAL_REPRESENTATION('',(#1493),#1496);
#1493 = B_SPLINE_CURVE_WITH_KNOTS('',1,(#1494,#1495),.UNSPECIFIED.,.F.,
  .F.,(2,2),(0.,2.864716561905E-02),.PIECEWISE_BEZIER_KNOTS.);
#1494 = CARTESIAN_POINT('',(1.408777221734E-03,1.41064639381E-02));
#1495 = CARTESIAN_POINT('',(-5.217585492189E-04,-1.447557814505E-02));
#1496 = ( GEOMETRIC_REPRESENTATION_CONTEXT(2) 
PARAMETRIC_REPRESENTATION_CONTEXT() REPRESENTATION_CONTEXT('2D SPACE',''
  ) );
#1497 = ORIENTED_EDGE('',*,*,#1498,.T.);
#1498 = EDGE_CURVE('',#1472,#1064,#1499,.T.);
#1499 = SURFACE_CURVE('',#1500,(#1504,#1511),.PCURVE_S1.);
#1500 = LINE('',#1501,#1502);
#1501 = CARTESIAN_POINT('',(-1.341946516186E-02,-1.333204098046E-02,
    -2.500000176951E-03));
#1502 = VECTOR('',#1503,1.);
#1503 = DIRECTION('',(-0.709413591625,-0.704792420516,0.));
#1504 = PCURVE('',#1164,#1505);
#1505 = DEFINITIONAL_REPRESENTATION('',(#1506),#1510);
#1506 = LINE('',#1507,#1508);
#1507 = CARTESIAN_POINT('',(-1.441126879993E-03,-1.314748387698E-02));
#1508 = VECTOR('',#1509,1.);
#1509 = DIRECTION('',(0.709413591625,-0.704792420516));
#1510 = ( GEOMETRIC_REPRESENTATION_CONTEXT(2) 
PARAMETRIC_REPRESENTATION_CONTEXT() REPRESENTATION_CONTEXT('2D SPACE',''
  ) );
#1511 = PCURVE('',#1455,#1512);
#1512 = DEFINITIONAL_REPRESENTATION('',(#1513),#1516);
#1513 = B_SPLINE_CURVE_WITH_KNOTS('',1,(#1514,#1515),.UNSPECIFIED.,.F.,
  .F.,(2,2),(0.,2.721312072031E-03),.PIECEWISE_BEZIER_KNOTS.);
#1514 = CARTESIAN_POINT('',(1.323773633249E-02,1.431887609609E-03));
#1515 = CARTESIAN_POINT('',(1.516827210344E-02,-4.860725126187E-04));
#1516 = ( GEOMETRIC_REPRESENTATION_CONTEXT(2) 
PARAMETRIC_REPRESENTATION_CONTEXT() REPRESENTATION_CONTEXT('2D SPACE',''
  ) );
#1517 = ORIENTED_EDGE('',*,*,#1148,.F.);
#1518 = ADVANCED_FACE('',(#1519),#1487,.T.);
#1519 = FACE_BOUND('',#1520,.T.);
#1520 = EDGE_LOOP('',(#1521,#1548,#1549));
#1521 = ORIENTED_EDGE('',*,*,#1522,.T.);
#1522 = EDGE_CURVE('',#1523,#1472,#1525,.T.);
#1523 = VERTEX_POINT('',#1524);
#1524 = CARTESIAN_POINT('',(-1.341946516186E-02,1.333204098046E-02,
    -2.500000176951E-03));
#1525 = SURFACE_CURVE('',#1526,(#1530,#1537),.PCURVE_S1.);
#1526 = LINE('',#1527,#1528);
#1527 = CARTESIAN_POINT('',(-1.341946516186E-02,1.333204098046E-02,
    -2.500000176951E-03));
#1528 = VECTOR('',#1529,1.);
#1529 = DIRECTION('',(0.,-1.,0.));
#1530 = PCURVE('',#1487,#1531);
#1531 = DEFINITIONAL_REPRESENTATION('',(#1532),#1536);
#1532 = LINE('',#1533,#1534);
#1533 = CARTESIAN_POINT('',(-5.217585492189E-04,1.218850381587E-02));
#1534 = VECTOR('',#1535,1.);
#1535 = DIRECTION('',(0.,-1.));
#1536 = ( GEOMETRIC_REPRESENTATION_CONTEXT(2) 
PARAMETRIC_REPRESENTATION_CONTEXT() REPRESENTATION_CONTEXT('2D SPACE',''
  ) );
#1537 = PCURVE('',#1538,#1543);
#1538 = PLANE('',#1539);
#1539 = AXIS2_PLACEMENT_3D('',#1540,#1541,#1542);
#1540 = CARTESIAN_POINT('',(-1.341946516186E-02,-8.582713468468E-04,
    -1.514893168537E-03));
#1541 = DIRECTION('',(1.,-1.128977233238E-31,-1.68382753416E-30));
#1542 = DIRECTION('',(1.68382753416E-30,0.,1.));
#1543 = DEFINITIONAL_REPRESENTATION('',(#1544),#1547);
#1544 = B_SPLINE_CURVE_WITH_KNOTS('',1,(#1545,#1546),.UNSPECIFIED.,.F.,
  .F.,(2,2),(0.,2.666408196092E-02),.PIECEWISE_BEZIER_KNOTS.);
#1545 = CARTESIAN_POINT('',(-9.851070084142E-04,-1.419031232731E-02));
#1546 = CARTESIAN_POINT('',(-9.851070084142E-04,1.247376963361E-02));
#1547 = ( GEOMETRIC_REPRESENTATION_CONTEXT(2) 
PARAMETRIC_REPRESENTATION_CONTEXT() REPRESENTATION_CONTEXT('2D SPACE',''
  ) );
#1548 = ORIENTED_EDGE('',*,*,#1471,.F.);
#1549 = ORIENTED_EDGE('',*,*,#1550,.T.);
#1550 = EDGE_CURVE('',#1149,#1523,#1551,.T.);
#1551 = SURFACE_CURVE('',#1552,(#1556,#1563),.PCURVE_S1.);
#1552 = LINE('',#1553,#1554);
#1553 = CARTESIAN_POINT('',(-1.535000093281E-02,1.525000110269E-02,
    -2.500000176951E-03));
#1554 = VECTOR('',#1555,1.);
#1555 = DIRECTION('',(0.709413591625,-0.704792420516,0.));
#1556 = PCURVE('',#1487,#1557);
#1557 = DEFINITIONAL_REPRESENTATION('',(#1558),#1562);
#1558 = LINE('',#1559,#1560);
#1559 = CARTESIAN_POINT('',(1.408777221734E-03,1.41064639381E-02));
#1560 = VECTOR('',#1561,1.);
#1561 = DIRECTION('',(-0.709413591625,-0.704792420516));
#1562 = ( GEOMETRIC_REPRESENTATION_CONTEXT(2) 
PARAMETRIC_REPRESENTATION_CONTEXT() REPRESENTATION_CONTEXT('2D SPACE',''
  ) );
#1563 = PCURVE('',#1564,#1569);
#1564 = PLANE('',#1565);
#1565 = AXIS2_PLACEMENT_3D('',#1566,#1567,#1568);
#1566 = CARTESIAN_POINT('',(-1.146996714845E-03,1.385025334619E-02,
    -2.500000176951E-03));
#1567 = DIRECTION('',(-0.,-0.,-1.));
#1568 = DIRECTION('',(-1.,0.,0.));
#1569 = DEFINITIONAL_REPRESENTATION('',(#1570),#1573);
#1570 = B_SPLINE_CURVE_WITH_KNOTS('',1,(#1571,#1572),.UNSPECIFIED.,.F.,
  .F.,(2,2),(0.,2.721312072031E-03),.PIECEWISE_BEZIER_KNOTS.);
#1571 = CARTESIAN_POINT('',(1.420300421797E-02,1.399747756494E-03));
#1572 = CARTESIAN_POINT('',(1.227246844702E-02,-5.18212365734E-04));
#1573 = ( GEOMETRIC_REPRESENTATION_CONTEXT(2) 
PARAMETRIC_REPRESENTATION_CONTEXT() REPRESENTATION_CONTEXT('2D SPACE',''
  ) );
#1574 = ADVANCED_FACE('',(#1575),#1564,.T.);
#1575 = FACE_BOUND('',#1576,.T.);
#1576 = EDGE_LOOP('',(#1577,#1599,#1624));
#1577 = ORIENTED_EDGE('',*,*,#1578,.T.);
#1578 = EDGE_CURVE('',#1149,#1579,#1581,.T.);
#1579 = VERTEX_POINT('',#1580);
#1580 = CARTESIAN_POINT('',(1.341946516186E-02,1.333204098046E-02,
    -2.500000176951E-03));
#1581 = SURFACE_CURVE('',#1582,(#1586,#1593),.PCURVE_S1.);
#1582 = LINE('',#1583,#1584);
#1583 = CARTESIAN_POINT('',(-1.535000093281E-02,1.525000110269E-02,
    -2.500000176951E-03));
#1584 = VECTOR('',#1585,1.);
#1585 = DIRECTION('',(0.997785167718,-6.651886260024E-02,0.));
#1586 = PCURVE('',#1564,#1587);
#1587 = DEFINITIONAL_REPRESENTATION('',(#1588),#1592);
#1588 = LINE('',#1589,#1590);
#1589 = CARTESIAN_POINT('',(1.420300421797E-02,1.399747756494E-03));
#1590 = VECTOR('',#1591,1.);
#1591 = DIRECTION('',(-0.997785167718,-6.651886260024E-02));
#1592 = ( GEOMETRIC_REPRESENTATION_CONTEXT(2) 
PARAMETRIC_REPRESENTATION_CONTEXT() REPRESENTATION_CONTEXT('2D SPACE',''
  ) );
#1593 = PCURVE('',#1276,#1594);
#1594 = DEFINITIONAL_REPRESENTATION('',(#1595),#1598);
#1595 = B_SPLINE_CURVE_WITH_KNOTS('',1,(#1596,#1597),.UNSPECIFIED.,.F.,
  .F.,(2,2),(0.,2.883332707828E-02),.PIECEWISE_BEZIER_KNOTS.);
#1596 = CARTESIAN_POINT('',(1.553172976218E-02,4.860725126187E-04));
#1597 = CARTESIAN_POINT('',(-1.323773633249E-02,-1.431887609609E-03));
#1598 = ( GEOMETRIC_REPRESENTATION_CONTEXT(2) 
PARAMETRIC_REPRESENTATION_CONTEXT() REPRESENTATION_CONTEXT('2D SPACE',''
  ) );
#1599 = ORIENTED_EDGE('',*,*,#1600,.T.);
#1600 = EDGE_CURVE('',#1579,#1523,#1601,.T.);
#1601 = SURFACE_CURVE('',#1602,(#1606,#1613),.PCURVE_S1.);
#1602 = LINE('',#1603,#1604);
#1603 = CARTESIAN_POINT('',(1.341946516186E-02,1.333204098046E-02,
    -2.500000176951E-03));
#1604 = VECTOR('',#1605,1.);
#1605 = DIRECTION('',(-1.,0.,0.));
#1606 = PCURVE('',#1564,#1607);
#1607 = DEFINITIONAL_REPRESENTATION('',(#1608),#1612);
#1608 = LINE('',#1609,#1610);
#1609 = CARTESIAN_POINT('',(-1.45664618767E-02,-5.18212365734E-04));
#1610 = VECTOR('',#1611,1.);
#1611 = DIRECTION('',(1.,0.));
#1612 = ( GEOMETRIC_REPRESENTATION_CONTEXT(2) 
PARAMETRIC_REPRESENTATION_CONTEXT() REPRESENTATION_CONTEXT('2D SPACE',''
  ) );
#1613 = PCURVE('',#1614,#1619);
#1614 = PLANE('',#1615);
#1615 = AXIS2_PLACEMENT_3D('',#1616,#1617,#1618);
#1616 = CARTESIAN_POINT('',(-8.586806408331E-04,1.333204098046E-02,
    -1.515302462523E-03));
#1617 = DIRECTION('',(1.540782049539E-32,-1.,1.090161565804E-31));
#1618 = DIRECTION('',(0.,-1.090161565804E-31,-1.));
#1619 = DEFINITIONAL_REPRESENTATION('',(#1620),#1623);
#1620 = B_SPLINE_CURVE_WITH_KNOTS('',1,(#1621,#1622),.UNSPECIFIED.,.F.,
  .F.,(2,2),(0.,2.683893032372E-02),.PIECEWISE_BEZIER_KNOTS.);
#1621 = CARTESIAN_POINT('',(9.846977144278E-04,1.427814580269E-02));
#1622 = CARTESIAN_POINT('',(9.846977144278E-04,-1.256078452103E-02));
#1623 = ( GEOMETRIC_REPRESENTATION_CONTEXT(2) 
PARAMETRIC_REPRESENTATION_CONTEXT() REPRESENTATION_CONTEXT('2D SPACE',''
  ) );
#1624 = ORIENTED_EDGE('',*,*,#1550,.F.);
#1625 = ADVANCED_FACE('',(#1626),#1455,.T.);
#1626 = FACE_BOUND('',#1627,.T.);
#1627 = EDGE_LOOP('',(#1628,#1653,#1654));
#1628 = ORIENTED_EDGE('',*,*,#1629,.T.);
#1629 = EDGE_CURVE('',#1472,#1366,#1630,.T.);
#1630 = SURFACE_CURVE('',#1631,(#1635,#1642),.PCURVE_S1.);
#1631 = LINE('',#1632,#1633);
#1632 = CARTESIAN_POINT('',(-1.341946516186E-02,-1.333204098046E-02,
    -2.500000176951E-03));
#1633 = VECTOR('',#1634,1.);
#1634 = DIRECTION('',(0.997785167718,-6.651886260024E-02,0.));
#1635 = PCURVE('',#1455,#1636);
#1636 = DEFINITIONAL_REPRESENTATION('',(#1637),#1641);
#1637 = LINE('',#1638,#1639);
#1638 = CARTESIAN_POINT('',(1.323773633249E-02,1.431887609609E-03));
#1639 = VECTOR('',#1640,1.);
#1640 = DIRECTION('',(-0.997785167718,-6.651886260024E-02));
#1641 = ( GEOMETRIC_REPRESENTATION_CONTEXT(2) 
PARAMETRIC_REPRESENTATION_CONTEXT() REPRESENTATION_CONTEXT('2D SPACE',''
  ) );
#1642 = PCURVE('',#1643,#1648);
#1643 = PLANE('',#1644);
#1644 = AXIS2_PLACEMENT_3D('',#1645,#1646,#1647);
#1645 = CARTESIAN_POINT('',(1.146996714845E-03,-1.385025334619E-02,
    -2.500000176951E-03));
#1646 = DIRECTION('',(-0.,-0.,-1.));
#1647 = DIRECTION('',(-1.,0.,0.));
#1648 = DEFINITIONAL_REPRESENTATION('',(#1649),#1652);
#1649 = B_SPLINE_CURVE_WITH_KNOTS('',1,(#1650,#1651),.UNSPECIFIED.,.F.,
  .F.,(2,2),(0.,2.883332707828E-02),.PIECEWISE_BEZIER_KNOTS.);
#1650 = CARTESIAN_POINT('',(1.45664618767E-02,5.18212365734E-04));
#1651 = CARTESIAN_POINT('',(-1.420300421797E-02,-1.399747756494E-03));
#1652 = ( GEOMETRIC_REPRESENTATION_CONTEXT(2) 
PARAMETRIC_REPRESENTATION_CONTEXT() REPRESENTATION_CONTEXT('2D SPACE',''
  ) );
#1653 = ORIENTED_EDGE('',*,*,#1441,.F.);
#1654 = ORIENTED_EDGE('',*,*,#1498,.F.);
#1655 = ADVANCED_FACE('',(#1656),#1643,.T.);
#1656 = FACE_BOUND('',#1657,.T.);
#1657 = EDGE_LOOP('',(#1658,#1685,#1686));
#1658 = ORIENTED_EDGE('',*,*,#1659,.T.);
#1659 = EDGE_CURVE('',#1660,#1366,#1662,.T.);
#1660 = VERTEX_POINT('',#1661);
#1661 = CARTESIAN_POINT('',(1.341946516186E-02,-1.333204098046E-02,
    -2.500000176951E-03));
#1662 = SURFACE_CURVE('',#1663,(#1667,#1674),.PCURVE_S1.);
#1663 = LINE('',#1664,#1665);
#1664 = CARTESIAN_POINT('',(1.341946516186E-02,-1.333204098046E-02,
    -2.500000176951E-03));
#1665 = VECTOR('',#1666,1.);
#1666 = DIRECTION('',(0.709413591625,-0.704792420516,0.));
#1667 = PCURVE('',#1643,#1668);
#1668 = DEFINITIONAL_REPRESENTATION('',(#1669),#1673);
#1669 = LINE('',#1670,#1671);
#1670 = CARTESIAN_POINT('',(-1.227246844702E-02,5.18212365734E-04));
#1671 = VECTOR('',#1672,1.);
#1672 = DIRECTION('',(-0.709413591625,-0.704792420516));
#1673 = ( GEOMETRIC_REPRESENTATION_CONTEXT(2) 
PARAMETRIC_REPRESENTATION_CONTEXT() REPRESENTATION_CONTEXT('2D SPACE',''
  ) );
#1674 = PCURVE('',#1675,#1680);
#1675 = PLANE('',#1676);
#1676 = AXIS2_PLACEMENT_3D('',#1677,#1678,#1679);
#1677 = CARTESIAN_POINT('',(1.394122371108E-02,-1.143537164587E-03,
    -2.500000176951E-03));
#1678 = DIRECTION('',(7.111612002478E-32,7.950450432645E-34,-1.));
#1679 = DIRECTION('',(-1.,0.,-7.111612002478E-32));
#1680 = DEFINITIONAL_REPRESENTATION('',(#1681),#1684);
#1681 = B_SPLINE_CURVE_WITH_KNOTS('',1,(#1682,#1683),.UNSPECIFIED.,.F.,
  .F.,(2,2),(0.,2.721312072031E-03),.PIECEWISE_BEZIER_KNOTS.);
#1682 = CARTESIAN_POINT('',(5.217585492189E-04,-1.218850381587E-02));
#1683 = CARTESIAN_POINT('',(-1.408777221734E-03,-1.41064639381E-02));
#1684 = ( GEOMETRIC_REPRESENTATION_CONTEXT(2) 
PARAMETRIC_REPRESENTATION_CONTEXT() REPRESENTATION_CONTEXT('2D SPACE',''
  ) );
#1685 = ORIENTED_EDGE('',*,*,#1629,.F.);
#1686 = ORIENTED_EDGE('',*,*,#1687,.T.);
#1687 = EDGE_CURVE('',#1472,#1660,#1688,.T.);
#1688 = SURFACE_CURVE('',#1689,(#1693,#1700),.PCURVE_S1.);
#1689 = LINE('',#1690,#1691);
#1690 = CARTESIAN_POINT('',(-1.341946516186E-02,-1.333204098046E-02,
    -2.500000176951E-03));
#1691 = VECTOR('',#1692,1.);
#1692 = DIRECTION('',(1.,0.,0.));
#1693 = PCURVE('',#1643,#1694);
#1694 = DEFINITIONAL_REPRESENTATION('',(#1695),#1699);
#1695 = LINE('',#1696,#1697);
#1696 = CARTESIAN_POINT('',(1.45664618767E-02,5.18212365734E-04));
#1697 = VECTOR('',#1698,1.);
#1698 = DIRECTION('',(-1.,0.));
#1699 = ( GEOMETRIC_REPRESENTATION_CONTEXT(2) 
PARAMETRIC_REPRESENTATION_CONTEXT() REPRESENTATION_CONTEXT('2D SPACE',''
  ) );
#1700 = PCURVE('',#1701,#1706);
#1701 = PLANE('',#1702);
#1702 = AXIS2_PLACEMENT_3D('',#1703,#1704,#1705);
#1703 = CARTESIAN_POINT('',(8.586806408331E-04,-1.333204098046E-02,
    -1.515302462523E-03));
#1704 = DIRECTION('',(-1.540782049539E-32,1.,1.090161565804E-31));
#1705 = DIRECTION('',(0.,-1.090161565804E-31,1.));
#1706 = DEFINITIONAL_REPRESENTATION('',(#1707),#1710);
#1707 = B_SPLINE_CURVE_WITH_KNOTS('',1,(#1708,#1709),.UNSPECIFIED.,.F.,
  .F.,(2,2),(0.,2.683893032372E-02),.PIECEWISE_BEZIER_KNOTS.);
#1708 = CARTESIAN_POINT('',(-9.846977144278E-04,-1.427814580269E-02));
#1709 = CARTESIAN_POINT('',(-9.846977144278E-04,1.256078452103E-02));
#1710 = ( GEOMETRIC_REPRESENTATION_CONTEXT(2) 
PARAMETRIC_REPRESENTATION_CONTEXT() REPRESENTATION_CONTEXT('2D SPACE',''
  ) );
#1711 = ADVANCED_FACE('',(#1712),#1276,.T.);
#1712 = FACE_BOUND('',#1713,.T.);
#1713 = EDGE_LOOP('',(#1714,#1734,#1735));
#1714 = ORIENTED_EDGE('',*,*,#1715,.T.);
#1715 = EDGE_CURVE('',#1261,#1579,#1716,.T.);
#1716 = SURFACE_CURVE('',#1717,(#1721,#1728),.PCURVE_S1.);
#1717 = LINE('',#1718,#1719);
#1718 = CARTESIAN_POINT('',(1.535000093281E-02,1.525000110269E-02,
    -2.500000176951E-03));
#1719 = VECTOR('',#1720,1.);
#1720 = DIRECTION('',(-0.709413591625,-0.704792420516,0.));
#1721 = PCURVE('',#1276,#1722);
#1722 = DEFINITIONAL_REPRESENTATION('',(#1723),#1727);
#1723 = LINE('',#1724,#1725);
#1724 = CARTESIAN_POINT('',(-1.516827210344E-02,4.860725126187E-04));
#1725 = VECTOR('',#1726,1.);
#1726 = DIRECTION('',(0.709413591625,-0.704792420516));
#1727 = ( GEOMETRIC_REPRESENTATION_CONTEXT(2) 
PARAMETRIC_REPRESENTATION_CONTEXT() REPRESENTATION_CONTEXT('2D SPACE',''
  ) );
#1728 = PCURVE('',#1381,#1729);
#1729 = DEFINITIONAL_REPRESENTATION('',(#1730),#1733);
#1730 = B_SPLINE_CURVE_WITH_KNOTS('',1,(#1731,#1732),.UNSPECIFIED.,.F.,
  .F.,(2,2),(0.,2.721312072031E-03),.PIECEWISE_BEZIER_KNOTS.);
#1731 = CARTESIAN_POINT('',(-4.894088909597E-04,1.506544399921E-02));
#1732 = CARTESIAN_POINT('',(1.441126879993E-03,1.314748387698E-02));
#1733 = ( GEOMETRIC_REPRESENTATION_CONTEXT(2) 
PARAMETRIC_REPRESENTATION_CONTEXT() REPRESENTATION_CONTEXT('2D SPACE',''
  ) );
#1734 = ORIENTED_EDGE('',*,*,#1578,.F.);
#1735 = ORIENTED_EDGE('',*,*,#1260,.F.);
#1736 = ADVANCED_FACE('',(#1737),#1675,.T.);
#1737 = FACE_BOUND('',#1738,.T.);
#1738 = EDGE_LOOP('',(#1739,#1759,#1760));
#1739 = ORIENTED_EDGE('',*,*,#1740,.T.);
#1740 = EDGE_CURVE('',#1579,#1366,#1741,.T.);
#1741 = SURFACE_CURVE('',#1742,(#1746,#1753),.PCURVE_S1.);
#1742 = LINE('',#1743,#1744);
#1743 = CARTESIAN_POINT('',(1.341946516186E-02,1.333204098046E-02,
    -2.500000176951E-03));
#1744 = VECTOR('',#1745,1.);
#1745 = DIRECTION('',(6.739011449246E-02,-0.997726702293,0.));
#1746 = PCURVE('',#1675,#1747);
#1747 = DEFINITIONAL_REPRESENTATION('',(#1748),#1752);
#1748 = LINE('',#1749,#1750);
#1749 = CARTESIAN_POINT('',(5.217585492189E-04,1.447557814505E-02));
#1750 = VECTOR('',#1751,1.);
#1751 = DIRECTION('',(-6.739011449246E-02,-0.997726702293));
#1752 = ( GEOMETRIC_REPRESENTATION_CONTEXT(2) 
PARAMETRIC_REPRESENTATION_CONTEXT() REPRESENTATION_CONTEXT('2D SPACE',''
  ) );
#1753 = PCURVE('',#1381,#1754);
#1754 = DEFINITIONAL_REPRESENTATION('',(#1755),#1758);
#1755 = B_SPLINE_CURVE_WITH_KNOTS('',1,(#1756,#1757),.UNSPECIFIED.,.F.,
  .F.,(2,2),(0.,2.864716561905E-02),.PIECEWISE_BEZIER_KNOTS.);
#1756 = CARTESIAN_POINT('',(1.441126879993E-03,1.314748387698E-02));
#1757 = CARTESIAN_POINT('',(-4.894088909597E-04,-1.543455820616E-02));
#1758 = ( GEOMETRIC_REPRESENTATION_CONTEXT(2) 
PARAMETRIC_REPRESENTATION_CONTEXT() REPRESENTATION_CONTEXT('2D SPACE',''
  ) );
#1759 = ORIENTED_EDGE('',*,*,#1659,.F.);
#1760 = ORIENTED_EDGE('',*,*,#1761,.T.);
#1761 = EDGE_CURVE('',#1660,#1579,#1762,.T.);
#1762 = SURFACE_CURVE('',#1763,(#1767,#1774),.PCURVE_S1.);
#1763 = LINE('',#1764,#1765);
#1764 = CARTESIAN_POINT('',(1.341946516186E-02,-1.333204098046E-02,
    -2.500000176951E-03));
#1765 = VECTOR('',#1766,1.);
#1766 = DIRECTION('',(0.,1.,0.));
#1767 = PCURVE('',#1675,#1768);
#1768 = DEFINITIONAL_REPRESENTATION('',(#1769),#1773);
#1769 = LINE('',#1770,#1771);
#1770 = CARTESIAN_POINT('',(5.217585492189E-04,-1.218850381587E-02));
#1771 = VECTOR('',#1772,1.);
#1772 = DIRECTION('',(0.,1.));
#1773 = ( GEOMETRIC_REPRESENTATION_CONTEXT(2) 
PARAMETRIC_REPRESENTATION_CONTEXT() REPRESENTATION_CONTEXT('2D SPACE',''
  ) );
#1774 = PCURVE('',#1775,#1780);
#1775 = PLANE('',#1776);
#1776 = AXIS2_PLACEMENT_3D('',#1777,#1778,#1779);
#1777 = CARTESIAN_POINT('',(1.341946516186E-02,8.582713468468E-04,
    -1.514893168537E-03));
#1778 = DIRECTION('',(-1.,1.128977233238E-31,-1.68382753416E-30));
#1779 = DIRECTION('',(1.68382753416E-30,0.,-1.));
#1780 = DEFINITIONAL_REPRESENTATION('',(#1781),#1784);
#1781 = B_SPLINE_CURVE_WITH_KNOTS('',1,(#1782,#1783),.UNSPECIFIED.,.F.,
  .F.,(2,2),(0.,2.666408196092E-02),.PIECEWISE_BEZIER_KNOTS.);
#1782 = CARTESIAN_POINT('',(9.851070084142E-04,1.419031232731E-02));
#1783 = CARTESIAN_POINT('',(9.851070084142E-04,-1.247376963361E-02));
#1784 = ( GEOMETRIC_REPRESENTATION_CONTEXT(2) 
PARAMETRIC_REPRESENTATION_CONTEXT() REPRESENTATION_CONTEXT('2D SPACE',''
  ) );
#1785 = ADVANCED_FACE('',(#1786),#1381,.T.);
#1786 = FACE_BOUND('',#1787,.T.);
#1787 = EDGE_LOOP('',(#1788,#1789,#1790));
#1788 = ORIENTED_EDGE('',*,*,#1740,.F.);
#1789 = ORIENTED_EDGE('',*,*,#1715,.F.);
#1790 = ORIENTED_EDGE('',*,*,#1365,.F.);
#1791 = ADVANCED_FACE('',(#1792),#1804,.T.);
#1792 = FACE_BOUND('',#1793,.T.);
#1793 = EDGE_LOOP('',(#1794,#1826,#1853));
#1794 = ORIENTED_EDGE('',*,*,#1795,.T.);
#1795 = EDGE_CURVE('',#1796,#1007,#1798,.T.);
#1796 = VERTEX_POINT('',#1797);
#1797 = CARTESIAN_POINT('',(-7.597914896905E-03,-1.099497824907E-02,
    2.500000176951E-03));
#1798 = SURFACE_CURVE('',#1799,(#1803,#1815),.PCURVE_S1.);
#1799 = LINE('',#1800,#1801);
#1800 = CARTESIAN_POINT('',(-7.597914896905E-03,-1.099497824907E-02,
    2.500000176951E-03));
#1801 = VECTOR('',#1802,1.);
#1802 = DIRECTION('',(0.983240485891,-0.1823133207,0.));
#1803 = PCURVE('',#1804,#1809);
#1804 = PLANE('',#1805);
#1805 = AXIS2_PLACEMENT_3D('',#1806,#1807,#1808);
#1806 = CARTESIAN_POINT('',(3.789397067053E-03,-1.297648938087E-02,
    2.500000176951E-03));
#1807 = DIRECTION('',(0.,0.,1.));
#1808 = DIRECTION('',(1.,0.,-0.));
#1809 = DEFINITIONAL_REPRESENTATION('',(#1810),#1814);
#1810 = LINE('',#1811,#1812);
#1811 = CARTESIAN_POINT('',(-1.138731196396E-02,1.981511131801E-03));
#1812 = VECTOR('',#1813,1.);
#1813 = DIRECTION('',(0.983240485891,-0.1823133207));
#1814 = ( GEOMETRIC_REPRESENTATION_CONTEXT(2) 
PARAMETRIC_REPRESENTATION_CONTEXT() REPRESENTATION_CONTEXT('2D SPACE',''
  ) );
#1815 = PCURVE('',#1816,#1821);
#1816 = PLANE('',#1817);
#1817 = AXIS2_PLACEMENT_3D('',#1818,#1819,#1820);
#1818 = CARTESIAN_POINT('',(3.691611322209E-03,-1.321355159858E-02,
    2.500000176951E-03));
#1819 = DIRECTION('',(0.,0.,1.));
#1820 = DIRECTION('',(1.,0.,-0.));
#1821 = DEFINITIONAL_REPRESENTATION('',(#1822),#1825);
#1822 = B_SPLINE_CURVE_WITH_KNOTS('',1,(#1823,#1824),.UNSPECIFIED.,.F.,
  .F.,(2,2),(0.,2.33390672567E-02),.PIECEWISE_BEZIER_KNOTS.);
#1823 = CARTESIAN_POINT('',(-1.128952621911E-02,2.218573349503E-03));
#1824 = CARTESIAN_POINT('',(1.16583896106E-02,-2.03644950411E-03));
#1825 = ( GEOMETRIC_REPRESENTATION_CONTEXT(2) 
PARAMETRIC_REPRESENTATION_CONTEXT() REPRESENTATION_CONTEXT('2D SPACE',''
  ) );
#1826 = ORIENTED_EDGE('',*,*,#1827,.T.);
#1827 = EDGE_CURVE('',#1007,#1828,#1830,.T.);
#1828 = VERTEX_POINT('',#1829);
#1829 = CARTESIAN_POINT('',(-7.450023898855E-03,-1.050744578242E-02,
    2.500000176951E-03));
#1830 = SURFACE_CURVE('',#1831,(#1835,#1842),.PCURVE_S1.);
#1831 = LINE('',#1832,#1833);
#1832 = CARTESIAN_POINT('',(1.535000093281E-02,-1.525000110269E-02,
    2.500000176951E-03));
#1833 = VECTOR('',#1834,1.);
#1834 = DIRECTION('',(-0.979046152529,0.203638481675,0.));
#1835 = PCURVE('',#1804,#1836);
#1836 = DEFINITIONAL_REPRESENTATION('',(#1837),#1841);
#1837 = LINE('',#1838,#1839);
#1838 = CARTESIAN_POINT('',(1.156060386576E-02,-2.273511721811E-03));
#1839 = VECTOR('',#1840,1.);
#1840 = DIRECTION('',(-0.979046152529,0.203638481675));
#1841 = ( GEOMETRIC_REPRESENTATION_CONTEXT(2) 
PARAMETRIC_REPRESENTATION_CONTEXT() REPRESENTATION_CONTEXT('2D SPACE',''
  ) );
#1842 = PCURVE('',#1843,#1848);
#1843 = PLANE('',#1844);
#1844 = AXIS2_PLACEMENT_3D('',#1845,#1846,#1847);
#1845 = CARTESIAN_POINT('',(3.949881324448E-03,-1.28787011459E-02,
    2.500000176951E-03));
#1846 = DIRECTION('',(8.472846978585E-24,4.073355151821E-23,1.));
#1847 = DIRECTION('',(0.,1.,-4.073355151821E-23));
#1848 = DEFINITIONAL_REPRESENTATION('',(#1849),#1852);
#1849 = B_SPLINE_CURVE_WITH_KNOTS('',1,(#1850,#1851),.UNSPECIFIED.,.F.,
  .F.,(2,2),(0.,2.328806291261E-02),.PIECEWISE_BEZIER_KNOTS.);
#1850 = CARTESIAN_POINT('',(-2.37129995679E-03,-1.140011960836E-02));
#1851 = CARTESIAN_POINT('',(2.371045815893E-03,1.139996878607E-02));
#1852 = ( GEOMETRIC_REPRESENTATION_CONTEXT(2) 
PARAMETRIC_REPRESENTATION_CONTEXT() REPRESENTATION_CONTEXT('2D SPACE',''
  ) );
#1853 = ORIENTED_EDGE('',*,*,#1854,.T.);
#1854 = EDGE_CURVE('',#1828,#1796,#1855,.T.);
#1855 = SURFACE_CURVE('',#1856,(#1860,#1867),.PCURVE_S1.);
#1856 = LINE('',#1857,#1858);
#1857 = CARTESIAN_POINT('',(-7.450087461621E-03,-1.050765533E-02,
    2.500000176951E-03));
#1858 = VECTOR('',#1859,1.);
#1859 = DIRECTION('',(-0.290284036986,-0.956940529955,0.));
#1860 = PCURVE('',#1804,#1861);
#1861 = DEFINITIONAL_REPRESENTATION('',(#1862),#1866);
#1862 = LINE('',#1863,#1864);
#1863 = CARTESIAN_POINT('',(-1.123948452867E-02,2.468834050872E-03));
#1864 = VECTOR('',#1865,1.);
#1865 = DIRECTION('',(-0.290284036986,-0.956940529955));
#1866 = ( GEOMETRIC_REPRESENTATION_CONTEXT(2) 
PARAMETRIC_REPRESENTATION_CONTEXT() REPRESENTATION_CONTEXT('2D SPACE',''
  ) );
#1867 = PCURVE('',#1868,#1873);
#1868 = PLANE('',#1869);
#1869 = AXIS2_PLACEMENT_3D('',#1870,#1871,#1872);
#1870 = CARTESIAN_POINT('',(-7.493906982805E-03,-1.065210927286E-02,
    1.946865443851E-03));
#1871 = DIRECTION('',(-0.956940529955,0.290284036986,3.853885448451E-09)
  );
#1872 = DIRECTION('',(-0.290284036986,-0.956940529955,2.067951531383E-25
    ));
#1873 = DEFINITIONAL_REPRESENTATION('',(#1874),#1877);
#1874 = B_SPLINE_CURVE_WITH_KNOTS('',1,(#1875,#1876),.UNSPECIFIED.,.F.,
  .F.,(2,2),(0.,5.092509971267E-04),.PIECEWISE_BEZIER_KNOTS.);
#1875 = CARTESIAN_POINT('',(-1.50953940145E-04,5.531347331003E-04));
#1876 = CARTESIAN_POINT('',(3.582970569816E-04,5.531347331003E-04));
#1877 = ( GEOMETRIC_REPRESENTATION_CONTEXT(2) 
PARAMETRIC_REPRESENTATION_CONTEXT() REPRESENTATION_CONTEXT('2D SPACE',''
  ) );
#1878 = ADVANCED_FACE('',(#1879),#1816,.T.);
#1879 = FACE_BOUND('',#1880,.T.);
#1880 = EDGE_LOOP('',(#1881,#1908,#1909));
#1881 = ORIENTED_EDGE('',*,*,#1882,.T.);
#1882 = EDGE_CURVE('',#1883,#1007,#1885,.T.);
#1883 = VERTEX_POINT('',#1884);
#1884 = CARTESIAN_POINT('',(-7.838180288672E-03,-1.1444484815E-02,
    2.500000176951E-03));
#1885 = SURFACE_CURVE('',#1886,(#1890,#1897),.PCURVE_S1.);
#1886 = LINE('',#1887,#1888);
#1887 = CARTESIAN_POINT('',(-7.838180288672E-03,-1.1444484815E-02,
    2.500000176951E-03));
#1888 = VECTOR('',#1889,1.);
#1889 = DIRECTION('',(0.986799284974,-0.161948050853,0.));
#1890 = PCURVE('',#1816,#1891);
#1891 = DEFINITIONAL_REPRESENTATION('',(#1892),#1896);
#1892 = LINE('',#1893,#1894);
#1893 = CARTESIAN_POINT('',(-1.152979161088E-02,1.769066783575E-03));
#1894 = VECTOR('',#1895,1.);
#1895 = DIRECTION('',(0.986799284974,-0.161948050853));
#1896 = ( GEOMETRIC_REPRESENTATION_CONTEXT(2) 
PARAMETRIC_REPRESENTATION_CONTEXT() REPRESENTATION_CONTEXT('2D SPACE',''
  ) );
#1897 = PCURVE('',#1898,#1903);
#1898 = PLANE('',#1899);
#1899 = AXIS2_PLACEMENT_3D('',#1900,#1901,#1902);
#1900 = CARTESIAN_POINT('',(3.550056968164E-03,-1.342702405058E-02,
    2.500000176951E-03));
#1901 = DIRECTION('',(0.,0.,1.));
#1902 = DIRECTION('',(1.,0.,-0.));
#1903 = DEFINITIONAL_REPRESENTATION('',(#1904),#1907);
#1904 = B_SPLINE_CURVE_WITH_KNOTS('',1,(#1905,#1906),.UNSPECIFIED.,.F.,
  .F.,(2,2),(0.,2.349837659449E-02),.PIECEWISE_BEZIER_KNOTS.);
#1905 = CARTESIAN_POINT('',(-1.138823725684E-02,1.982539235577E-03));
#1906 = CARTESIAN_POINT('',(1.179994396465E-02,-1.822977052107E-03));
#1907 = ( GEOMETRIC_REPRESENTATION_CONTEXT(2) 
PARAMETRIC_REPRESENTATION_CONTEXT() REPRESENTATION_CONTEXT('2D SPACE',''
  ) );
#1908 = ORIENTED_EDGE('',*,*,#1795,.F.);
#1909 = ORIENTED_EDGE('',*,*,#1910,.T.);
#1910 = EDGE_CURVE('',#1796,#1883,#1911,.T.);
#1911 = SURFACE_CURVE('',#1912,(#1916,#1923),.PCURVE_S1.);
#1912 = LINE('',#1913,#1914);
#1913 = CARTESIAN_POINT('',(-7.597914896905E-03,-1.099497824907E-02,
    2.500000176951E-03));
#1914 = VECTOR('',#1915,1.);
#1915 = DIRECTION('',(-0.471395404012,-0.881921976751,0.));
#1916 = PCURVE('',#1816,#1917);
#1917 = DEFINITIONAL_REPRESENTATION('',(#1918),#1922);
#1918 = LINE('',#1919,#1920);
#1919 = CARTESIAN_POINT('',(-1.128952621911E-02,2.218573349503E-03));
#1920 = VECTOR('',#1921,1.);
#1921 = DIRECTION('',(-0.471395404012,-0.881921976751));
#1922 = ( GEOMETRIC_REPRESENTATION_CONTEXT(2) 
PARAMETRIC_REPRESENTATION_CONTEXT() REPRESENTATION_CONTEXT('2D SPACE',''
  ) );
#1923 = PCURVE('',#1924,#1929);
#1924 = PLANE('',#1925);
#1925 = AXIS2_PLACEMENT_3D('',#1926,#1927,#1928);
#1926 = CARTESIAN_POINT('',(-7.669228859281E-03,-1.11283977736E-02,
    1.94694053065E-03));
#1927 = DIRECTION('',(-0.881921976751,0.471395404012,3.960743207309E-17)
  );
#1928 = DIRECTION('',(-0.471395404012,-0.881921976751,0.));
#1929 = DEFINITIONAL_REPRESENTATION('',(#1930),#1933);
#1930 = B_SPLINE_CURVE_WITH_KNOTS('',1,(#1931,#1932),.UNSPECIFIED.,.F.,
  .F.,(2,2),(0.,5.096897206083E-04),.PIECEWISE_BEZIER_KNOTS.);
#1931 = CARTESIAN_POINT('',(-1.512826849151E-04,5.530596463013E-04));
#1932 = CARTESIAN_POINT('',(3.584070356932E-04,5.530596463013E-04));
#1933 = ( GEOMETRIC_REPRESENTATION_CONTEXT(2) 
PARAMETRIC_REPRESENTATION_CONTEXT() REPRESENTATION_CONTEXT('2D SPACE',''
  ) );
#1934 = ADVANCED_FACE('',(#1935),#1898,.T.);
#1935 = FACE_BOUND('',#1936,.T.);
#1936 = EDGE_LOOP('',(#1937,#1964,#1965));
#1937 = ORIENTED_EDGE('',*,*,#1938,.T.);
#1938 = EDGE_CURVE('',#1939,#1007,#1941,.T.);
#1939 = VERTEX_POINT('',#1940);
#1940 = CARTESIAN_POINT('',(-8.161524310708E-03,-1.183847989887E-02,
    2.500000176951E-03));
#1941 = SURFACE_CURVE('',#1942,(#1946,#1953),.PCURVE_S1.);
#1942 = LINE('',#1943,#1944);
#1943 = CARTESIAN_POINT('',(-8.161524310708E-03,-1.183847989887E-02,
    2.500000176951E-03));
#1944 = VECTOR('',#1945,1.);
#1945 = DIRECTION('',(0.989636364664,-0.143596189832,0.));
#1946 = PCURVE('',#1898,#1947);
#1947 = DEFINITIONAL_REPRESENTATION('',(#1948),#1952);
#1948 = LINE('',#1949,#1950);
#1949 = CARTESIAN_POINT('',(-1.171158127887E-02,1.588544151709E-03));
#1950 = VECTOR('',#1951,1.);
#1951 = DIRECTION('',(0.989636364664,-0.143596189832));
#1952 = ( GEOMETRIC_REPRESENTATION_CONTEXT(2) 
PARAMETRIC_REPRESENTATION_CONTEXT() REPRESENTATION_CONTEXT('2D SPACE',''
  ) );
#1953 = PCURVE('',#1954,#1959);
#1954 = PLANE('',#1955);
#1955 = AXIS2_PLACEMENT_3D('',#1956,#1957,#1958);
#1956 = CARTESIAN_POINT('',(3.37012652456E-03,-1.360853322859E-02,
    2.500000176951E-03));
#1957 = DIRECTION('',(0.,0.,1.));
#1958 = DIRECTION('',(1.,0.,-0.));
#1959 = DEFINITIONAL_REPRESENTATION('',(#1960),#1963);
#1960 = B_SPLINE_CURVE_WITH_KNOTS('',1,(#1961,#1962),.UNSPECIFIED.,.F.,
  .F.,(2,2),(0.,2.375774181611E-02),.PIECEWISE_BEZIER_KNOTS.);
#1961 = CARTESIAN_POINT('',(-1.153165083527E-02,1.770053329716E-03));
#1962 = CARTESIAN_POINT('',(1.197987440825E-02,-1.6414678741E-03));
#1963 = ( GEOMETRIC_REPRESENTATION_CONTEXT(2) 
PARAMETRIC_REPRESENTATION_CONTEXT() REPRESENTATION_CONTEXT('2D SPACE',''
  ) );
#1964 = ORIENTED_EDGE('',*,*,#1882,.F.);
#1965 = ORIENTED_EDGE('',*,*,#1966,.T.);
#1966 = EDGE_CURVE('',#1883,#1939,#1967,.T.);
#1967 = SURFACE_CURVE('',#1968,(#1972,#1979),.PCURVE_S1.);
#1968 = LINE('',#1969,#1970);
#1969 = CARTESIAN_POINT('',(-7.838180288672E-03,-1.1444484815E-02,
    2.500000176951E-03));
#1970 = VECTOR('',#1971,1.);
#1971 = DIRECTION('',(-0.634394002843,-0.773009863557,0.));
#1972 = PCURVE('',#1898,#1973);
#1973 = DEFINITIONAL_REPRESENTATION('',(#1974),#1978);
#1974 = LINE('',#1975,#1976);
#1975 = CARTESIAN_POINT('',(-1.138823725684E-02,1.982539235577E-03));
#1976 = VECTOR('',#1977,1.);
#1977 = DIRECTION('',(-0.634394002843,-0.773009863557));
#1978 = ( GEOMETRIC_REPRESENTATION_CONTEXT(2) 
PARAMETRIC_REPRESENTATION_CONTEXT() REPRESENTATION_CONTEXT('2D SPACE',''
  ) );
#1979 = PCURVE('',#1980,#1985);
#1980 = PLANE('',#1981);
#1981 = AXIS2_PLACEMENT_3D('',#1982,#1983,#1984);
#1982 = CARTESIAN_POINT('',(-7.93415308947E-03,-1.156142778943E-02,
    1.946940510523E-03));
#1983 = DIRECTION('',(-0.773009863557,0.634394002843,-3.960743269768E-17
    ));
#1984 = DIRECTION('',(-0.634394002843,-0.773009863557,0.));
#1985 = DEFINITIONAL_REPRESENTATION('',(#1986),#1989);
#1986 = B_SPLINE_CURVE_WITH_KNOTS('',1,(#1987,#1988),.UNSPECIFIED.,.F.,
  .F.,(2,2),(0.,5.096895944579E-04),.PIECEWISE_BEZIER_KNOTS.);
#1987 = CARTESIAN_POINT('',(-1.512826419666E-04,5.53059666428E-04));
#1988 = CARTESIAN_POINT('',(3.584069524913E-04,5.53059666428E-04));
#1989 = ( GEOMETRIC_REPRESENTATION_CONTEXT(2) 
PARAMETRIC_REPRESENTATION_CONTEXT() REPRESENTATION_CONTEXT('2D SPACE',''
  ) );
#1990 = ADVANCED_FACE('',(#1991),#1954,.T.);
#1991 = FACE_BOUND('',#1992,.T.);
#1992 = EDGE_LOOP('',(#1993,#2020,#2021));
#1993 = ORIENTED_EDGE('',*,*,#1994,.T.);
#1994 = EDGE_CURVE('',#1995,#1007,#1997,.T.);
#1995 = VERTEX_POINT('',#1996);
#1996 = CARTESIAN_POINT('',(-8.555519394577E-03,-1.216182205826E-02,
    2.500000176951E-03));
#1997 = SURFACE_CURVE('',#1998,(#2002,#2009),.PCURVE_S1.);
#1998 = LINE('',#1999,#2000);
#1999 = CARTESIAN_POINT('',(-8.555519394577E-03,-1.216182205826E-02,
    2.500000176951E-03));
#2000 = VECTOR('',#2001,1.);
#2001 = DIRECTION('',(0.991758922419,-0.128118069776,0.));
#2002 = PCURVE('',#1954,#2003);
#2003 = DEFINITIONAL_REPRESENTATION('',(#2004),#2008);
#2004 = LINE('',#2005,#2006);
#2005 = CARTESIAN_POINT('',(-1.192564591914E-02,1.446711170326E-03));
#2006 = VECTOR('',#2007,1.);
#2007 = DIRECTION('',(0.991758922419,-0.128118069776));
#2008 = ( GEOMETRIC_REPRESENTATION_CONTEXT(2) 
PARAMETRIC_REPRESENTATION_CONTEXT() REPRESENTATION_CONTEXT('2D SPACE',''
  ) );
#2009 = PCURVE('',#2010,#2015);
#2010 = PLANE('',#2011);
#2011 = AXIS2_PLACEMENT_3D('',#2012,#2013,#2014);
#2012 = CARTESIAN_POINT('',(3.158756030584E-03,-1.37510935102E-02,
    2.500000176951E-03));
#2013 = DIRECTION('',(-1.385113751114E-29,-1.127319618018E-28,1.));
#2014 = DIRECTION('',(0.,1.,1.127319618018E-28));
#2015 = DEFINITIONAL_REPRESENTATION('',(#2016),#2019);
#2016 = B_SPLINE_CURVE_WITH_KNOTS('',1,(#2017,#2018),.UNSPECIFIED.,.F.,
  .F.,(2,2),(0.,2.410416461804E-02),.PIECEWISE_BEZIER_KNOTS.);
#2017 = CARTESIAN_POINT('',(1.589271451938E-03,1.171427542516E-02));
#2018 = CARTESIAN_POINT('',(-1.498907592487E-03,-1.219124490223E-02));
#2019 = ( GEOMETRIC_REPRESENTATION_CONTEXT(2) 
PARAMETRIC_REPRESENTATION_CONTEXT() REPRESENTATION_CONTEXT('2D SPACE',''
  ) );
#2020 = ORIENTED_EDGE('',*,*,#1938,.F.);
#2021 = ORIENTED_EDGE('',*,*,#2022,.T.);
#2022 = EDGE_CURVE('',#1939,#1995,#2023,.T.);
#2023 = SURFACE_CURVE('',#2024,(#2028,#2035),.PCURVE_S1.);
#2024 = LINE('',#2025,#2026);
#2025 = CARTESIAN_POINT('',(-8.161524310708E-03,-1.183847989887E-02,
    2.500000176951E-03));
#2026 = VECTOR('',#2027,1.);
#2027 = DIRECTION('',(-0.773011655684,-0.634391819128,0.));
#2028 = PCURVE('',#1954,#2029);
#2029 = DEFINITIONAL_REPRESENTATION('',(#2030),#2034);
#2030 = LINE('',#2031,#2032);
#2031 = CARTESIAN_POINT('',(-1.153165083527E-02,1.770053329716E-03));
#2032 = VECTOR('',#2033,1.);
#2033 = DIRECTION('',(-0.773011655684,-0.634391819128));
#2034 = ( GEOMETRIC_REPRESENTATION_CONTEXT(2) 
PARAMETRIC_REPRESENTATION_CONTEXT() REPRESENTATION_CONTEXT('2D SPACE',''
  ) );
#2035 = PCURVE('',#2036,#2041);
#2036 = PLANE('',#2037);
#2037 = AXIS2_PLACEMENT_3D('',#2038,#2039,#2040);
#2038 = CARTESIAN_POINT('',(-8.438576460015E-03,-1.206584984304E-02,
    1.946940321997E-03));
#2039 = DIRECTION('',(-0.634391819128,0.773011655684,0.));
#2040 = DIRECTION('',(0.773011655684,0.634391819128,0.));
#2041 = DEFINITIONAL_REPRESENTATION('',(#2042),#2045);
#2042 = B_SPLINE_CURVE_WITH_KNOTS('',1,(#2043,#2044),.UNSPECIFIED.,.F.,
  .F.,(2,2),(0.,5.096884128091E-04),.PIECEWISE_BEZIER_KNOTS.);
#2043 = CARTESIAN_POINT('',(3.584061731405E-04,-5.530598549544E-04));
#2044 = CARTESIAN_POINT('',(-1.512822396686E-04,-5.530598549544E-04));
#2045 = ( GEOMETRIC_REPRESENTATION_CONTEXT(2) 
PARAMETRIC_REPRESENTATION_CONTEXT() REPRESENTATION_CONTEXT('2D SPACE',''
  ) );
#2046 = ADVANCED_FACE('',(#2047),#2010,.T.);
#2047 = FACE_BOUND('',#2048,.T.);
#2048 = EDGE_LOOP('',(#2049,#2071,#2072));
#2049 = ORIENTED_EDGE('',*,*,#2050,.T.);
#2050 = EDGE_CURVE('',#2051,#1007,#2053,.T.);
#2051 = VERTEX_POINT('',#2052);
#2052 = CARTESIAN_POINT('',(-9.005025029182E-03,-1.240208838135E-02,
    2.500000176951E-03));
#2053 = SURFACE_CURVE('',#2054,(#2058,#2065),.PCURVE_S1.);
#2054 = LINE('',#2055,#2056);
#2055 = CARTESIAN_POINT('',(-9.005025029182E-03,-1.240208838135E-02,
    2.500000176951E-03));
#2056 = VECTOR('',#2057,1.);
#2057 = DIRECTION('',(0.99323262684,-0.116141934631,0.));
#2058 = PCURVE('',#2010,#2059);
#2059 = DEFINITIONAL_REPRESENTATION('',(#2060),#2064);
#2060 = LINE('',#2061,#2062);
#2061 = CARTESIAN_POINT('',(1.349005128849E-03,1.216378105977E-02));
#2062 = VECTOR('',#2063,1.);
#2063 = DIRECTION('',(-0.116141934631,-0.99323262684));
#2064 = ( GEOMETRIC_REPRESENTATION_CONTEXT(2) 
PARAMETRIC_REPRESENTATION_CONTEXT() REPRESENTATION_CONTEXT('2D SPACE',''
  ) );
#2065 = PCURVE('',#1046,#2066);
#2066 = DEFINITIONAL_REPRESENTATION('',(#2067),#2070);
#2067 = B_SPLINE_CURVE_WITH_KNOTS('',1,(#2068,#2069),.UNSPECIFIED.,.F.,
  .F.,(2,2),(0.,2.452096850611E-02),.PIECEWISE_BEZIER_KNOTS.);
#2068 = CARTESIAN_POINT('',(1.447158272055E-03,1.192910795136E-02));
#2069 = CARTESIAN_POINT('',(-1.400754449281E-03,-1.242591801063E-02));
#2070 = ( GEOMETRIC_REPRESENTATION_CONTEXT(2) 
PARAMETRIC_REPRESENTATION_CONTEXT() REPRESENTATION_CONTEXT('2D SPACE',''
  ) );
#2071 = ORIENTED_EDGE('',*,*,#1994,.F.);
#2072 = ORIENTED_EDGE('',*,*,#2073,.T.);
#2073 = EDGE_CURVE('',#1995,#2051,#2074,.T.);
#2074 = SURFACE_CURVE('',#2075,(#2079,#2086),.PCURVE_S1.);
#2075 = LINE('',#2076,#2077);
#2076 = CARTESIAN_POINT('',(-8.555519394577E-03,-1.216182205826E-02,
    2.500000176951E-03));
#2077 = VECTOR('',#2078,1.);
#2078 = DIRECTION('',(-0.881920811068,-0.471397584854,0.));
#2079 = PCURVE('',#2010,#2080);
#2080 = DEFINITIONAL_REPRESENTATION('',(#2081),#2085);
#2081 = LINE('',#2082,#2083);
#2082 = CARTESIAN_POINT('',(1.589271451938E-03,1.171427542516E-02));
#2083 = VECTOR('',#2084,1.);
#2084 = DIRECTION('',(-0.471397584854,0.881920811068));
#2085 = ( GEOMETRIC_REPRESENTATION_CONTEXT(2) 
PARAMETRIC_REPRESENTATION_CONTEXT() REPRESENTATION_CONTEXT('2D SPACE',''
  ) );
#2086 = PCURVE('',#2087,#2092);
#2087 = PLANE('',#2088);
#2088 = AXIS2_PLACEMENT_3D('',#2089,#2090,#2091);
#2089 = CARTESIAN_POINT('',(-8.688938627961E-03,-1.22331362892E-02,
    1.946940469651E-03));
#2090 = DIRECTION('',(-0.471397584854,0.881920811068,-7.921486793214E-17
    ));
#2091 = DIRECTION('',(0.881920811068,0.471397584854,0.));
#2092 = DEFINITIONAL_REPRESENTATION('',(#2093),#2096);
#2093 = B_SPLINE_CURVE_WITH_KNOTS('',1,(#2094,#2095),.UNSPECIFIED.,.F.,
  .F.,(2,2),(0.,5.096893382772E-04),.PIECEWISE_BEZIER_KNOTS.);
#2094 = CARTESIAN_POINT('',(1.512825547486E-04,-5.530597073004E-04));
#2095 = CARTESIAN_POINT('',(-3.584067835286E-04,-5.530597073004E-04));
#2096 = ( GEOMETRIC_REPRESENTATION_CONTEXT(2) 
PARAMETRIC_REPRESENTATION_CONTEXT() REPRESENTATION_CONTEXT('2D SPACE',''
  ) );
#2097 = ADVANCED_FACE('',(#2098),#1046,.T.);
#2098 = FACE_BOUND('',#2099,.T.);
#2099 = EDGE_LOOP('',(#2100,#2101,#2102));
#2100 = ORIENTED_EDGE('',*,*,#1033,.T.);
#2101 = ORIENTED_EDGE('',*,*,#2050,.F.);
#2102 = ORIENTED_EDGE('',*,*,#2103,.T.);
#2103 = EDGE_CURVE('',#2051,#950,#2104,.T.);
#2104 = SURFACE_CURVE('',#2105,(#2109,#2116),.PCURVE_S1.);
#2105 = LINE('',#2106,#2107);
#2106 = CARTESIAN_POINT('',(-9.005025029182E-03,-1.240208838135E-02,
    2.500000176951E-03));
#2107 = VECTOR('',#2108,1.);
#2108 = DIRECTION('',(-0.956940532838,-0.290284027483,0.));
#2109 = PCURVE('',#1046,#2110);
#2110 = DEFINITIONAL_REPRESENTATION('',(#2111),#2115);
#2111 = LINE('',#2112,#2113);
#2112 = CARTESIAN_POINT('',(1.447158272055E-03,1.192910795136E-02));
#2113 = VECTOR('',#2114,1.);
#2114 = DIRECTION('',(-0.290284027483,0.956940532838));
#2115 = ( GEOMETRIC_REPRESENTATION_CONTEXT(2) 
PARAMETRIC_REPRESENTATION_CONTEXT() REPRESENTATION_CONTEXT('2D SPACE',''
  ) );
#2116 = PCURVE('',#2117,#2122);
#2117 = PLANE('',#2118);
#2118 = AXIS2_PLACEMENT_3D('',#2119,#2120,#2121);
#2119 = CARTESIAN_POINT('',(-9.149793310837E-03,-1.244600325214E-02,
    1.946940407509E-03));
#2120 = DIRECTION('',(-0.290284027483,0.956940532838,9.901858973629E-18)
  );
#2121 = DIRECTION('',(0.956940532838,0.290284027483,-3.851859888774E-34)
  );
#2122 = DEFINITIONAL_REPRESENTATION('',(#2123),#2126);
#2123 = B_SPLINE_CURVE_WITH_KNOTS('',1,(#2124,#2125),.UNSPECIFIED.,.F.,
  .F.,(2,2),(0.,5.096889487823E-04),.PIECEWISE_BEZIER_KNOTS.);
#2124 = CARTESIAN_POINT('',(1.512824221432E-04,-5.530597694424E-04));
#2125 = CARTESIAN_POINT('',(-3.584065266391E-04,-5.530597694424E-04));
#2126 = ( GEOMETRIC_REPRESENTATION_CONTEXT(2) 
PARAMETRIC_REPRESENTATION_CONTEXT() REPRESENTATION_CONTEXT('2D SPACE',''
  ) );
#2127 = ADVANCED_FACE('',(#2128),#1843,.T.);
#2128 = FACE_BOUND('',#2129,.T.);
#2129 = EDGE_LOOP('',(#2130,#2155));
#2130 = ORIENTED_EDGE('',*,*,#2131,.T.);
#2131 = EDGE_CURVE('',#1007,#1828,#2132,.T.);
#2132 = SURFACE_CURVE('',#2133,(#2137,#2144),.PCURVE_S1.);
#2133 = LINE('',#2134,#2135);
#2134 = CARTESIAN_POINT('',(1.535000093281E-02,-1.525000110269E-02,
    2.500000176951E-03));
#2135 = VECTOR('',#2136,1.);
#2136 = DIRECTION('',(-0.979042338064,0.203656819866,0.));
#2137 = PCURVE('',#1843,#2138);
#2138 = DEFINITIONAL_REPRESENTATION('',(#2139),#2143);
#2139 = LINE('',#2140,#2141);
#2140 = CARTESIAN_POINT('',(-2.37129995679E-03,-1.140011960836E-02));
#2141 = VECTOR('',#2142,1.);
#2142 = DIRECTION('',(0.203656819866,0.979042338064));
#2143 = ( GEOMETRIC_REPRESENTATION_CONTEXT(2) 
PARAMETRIC_REPRESENTATION_CONTEXT() REPRESENTATION_CONTEXT('2D SPACE',''
  ) );
#2144 = PCURVE('',#2145,#2150);
#2145 = PLANE('',#2146);
#2146 = AXIS2_PLACEMENT_3D('',#2147,#2148,#2149);
#2147 = CARTESIAN_POINT('',(3.839416318828E-03,-1.27246411155E-02,
    2.500000176951E-03));
#2148 = DIRECTION('',(7.970736076571E-30,3.636097079922E-29,1.));
#2149 = DIRECTION('',(0.,1.,-3.636097079922E-29));
#2150 = DEFINITIONAL_REPRESENTATION('',(#2151),#2154);
#2151 = B_SPLINE_CURVE_WITH_KNOTS('',1,(#2152,#2153),.UNSPECIFIED.,.F.,
  .F.,(2,2),(0.,2.328802379883E-02),.PIECEWISE_BEZIER_KNOTS.);
#2152 = CARTESIAN_POINT('',(-2.525359987189E-03,-1.151058461399E-02));
#2153 = CARTESIAN_POINT('',(2.217404880653E-03,1.128937665492E-02));
#2154 = ( GEOMETRIC_REPRESENTATION_CONTEXT(2) 
PARAMETRIC_REPRESENTATION_CONTEXT() REPRESENTATION_CONTEXT('2D SPACE',''
  ) );
#2155 = ORIENTED_EDGE('',*,*,#1827,.F.);
#2156 = ADVANCED_FACE('',(#2157),#1246,.T.);
#2157 = FACE_BOUND('',#2158,.T.);
#2158 = EDGE_LOOP('',(#2159,#2184,#2185));
#2159 = ORIENTED_EDGE('',*,*,#2160,.T.);
#2160 = EDGE_CURVE('',#1062,#1007,#2161,.T.);
#2161 = SURFACE_CURVE('',#2162,(#2166,#2173),.PCURVE_S1.);
#2162 = LINE('',#2163,#2164);
#2163 = CARTESIAN_POINT('',(-1.535000093281E-02,1.525000110269E-02,
    2.500000176951E-03));
#2164 = VECTOR('',#2165,1.);
#2165 = DIRECTION('',(0.709413795459,-0.704792215346,0.));
#2166 = PCURVE('',#1246,#2167);
#2167 = DEFINITIONAL_REPRESENTATION('',(#2168),#2172);
#2168 = LINE('',#2169,#2170);
#2169 = CARTESIAN_POINT('',(-1.983120970894E-02,1.076879232656E-02));
#2170 = VECTOR('',#2171,1.);
#2171 = DIRECTION('',(0.709413795459,-0.704792215346));
#2172 = ( GEOMETRIC_REPRESENTATION_CONTEXT(2) 
PARAMETRIC_REPRESENTATION_CONTEXT() REPRESENTATION_CONTEXT('2D SPACE',''
  ) );
#2173 = PCURVE('',#2174,#2179);
#2174 = PLANE('',#2175);
#2175 = AXIS2_PLACEMENT_3D('',#2176,#2177,#2178);
#2176 = CARTESIAN_POINT('',(-2.151806758173E-03,-2.20540456264E-03,
    2.500000176951E-03));
#2177 = DIRECTION('',(0.,0.,1.));
#2178 = DIRECTION('',(1.,0.,-0.));
#2179 = DEFINITIONAL_REPRESENTATION('',(#2180),#2183);
#2180 = B_SPLINE_CURVE_WITH_KNOTS('',1,(#2181,#2182),.UNSPECIFIED.,.F.,
  .F.,(2,2),(0.,4.327516896648E-02),.PIECEWISE_BEZIER_KNOTS.);
#2181 = CARTESIAN_POINT('',(-1.319819417464E-02,1.745540566533E-02));
#2182 = CARTESIAN_POINT('',(1.750180769099E-02,-1.304459654005E-02));
#2183 = ( GEOMETRIC_REPRESENTATION_CONTEXT(2) 
PARAMETRIC_REPRESENTATION_CONTEXT() REPRESENTATION_CONTEXT('2D SPACE',''
  ) );
#2184 = ORIENTED_EDGE('',*,*,#1342,.F.);
#2185 = ORIENTED_EDGE('',*,*,#1232,.F.);
#2186 = ADVANCED_FACE('',(#2187),#711,.T.);
#2187 = FACE_BOUND('',#2188,.T.);
#2188 = EDGE_LOOP('',(#2189,#2216,#2217));
#2189 = ORIENTED_EDGE('',*,*,#2190,.T.);
#2190 = EDGE_CURVE('',#2191,#648,#2193,.T.);
#2191 = VERTEX_POINT('',#2192);
#2192 = CARTESIAN_POINT('',(-1.216182392091E-02,-1.1444484815E-02,
    2.500000176951E-03));
#2193 = SURFACE_CURVE('',#2194,(#2198,#2205),.PCURVE_S1.);
#2194 = LINE('',#2195,#2196);
#2195 = CARTESIAN_POINT('',(-1.216182392091E-02,-1.1444484815E-02,
    2.500000176951E-03));
#2196 = VECTOR('',#2197,1.);
#2197 = DIRECTION('',(-0.642192815966,-0.76654314107,0.));
#2198 = PCURVE('',#711,#2199);
#2199 = DEFINITIONAL_REPRESENTATION('',(#2200),#2204);
#2200 = LINE('',#2201,#2202);
#2201 = CARTESIAN_POINT('',(1.43169412883E-03,1.911900007433E-03));
#2202 = VECTOR('',#2203,1.);
#2203 = DIRECTION('',(-0.642192815966,-0.76654314107));
#2204 = ( GEOMETRIC_REPRESENTATION_CONTEXT(2) 
PARAMETRIC_REPRESENTATION_CONTEXT() REPRESENTATION_CONTEXT('2D SPACE',''
  ) );
#2205 = PCURVE('',#2206,#2211);
#2206 = PLANE('',#2207);
#2207 = AXIS2_PLACEMENT_3D('',#2208,#2209,#2210);
#2208 = CARTESIAN_POINT('',(-1.374376273465E-02,-1.313619544938E-02,
    2.500000176951E-03));
#2209 = DIRECTION('',(0.,0.,1.));
#2210 = DIRECTION('',(1.,0.,-0.));
#2211 = DEFINITIONAL_REPRESENTATION('',(#2212),#2215);
#2212 = B_SPLINE_CURVE_WITH_KNOTS('',1,(#2213,#2214),.UNSPECIFIED.,.F.,
  .F.,(2,2),(0.,4.96451678163E-03),.PIECEWISE_BEZIER_KNOTS.);
#2213 = CARTESIAN_POINT('',(1.581938813748E-03,1.691710634381E-03));
#2214 = CARTESIAN_POINT('',(-1.606238198159E-03,-2.113805653303E-03));
#2215 = ( GEOMETRIC_REPRESENTATION_CONTEXT(2) 
PARAMETRIC_REPRESENTATION_CONTEXT() REPRESENTATION_CONTEXT('2D SPACE',''
  ) );
#2216 = ORIENTED_EDGE('',*,*,#697,.F.);
#2217 = ORIENTED_EDGE('',*,*,#2218,.T.);
#2218 = EDGE_CURVE('',#682,#2191,#2219,.T.);
#2219 = SURFACE_CURVE('',#2220,(#2224,#2231),.PCURVE_S1.);
#2220 = LINE('',#2221,#2222);
#2221 = CARTESIAN_POINT('',(-1.183893531561E-02,-1.183792389929E-02,
    2.500000176951E-03));
#2222 = VECTOR('',#2223,1.);
#2223 = DIRECTION('',(-0.634395037377,0.773009014534,0.));
#2224 = PCURVE('',#711,#2225);
#2225 = DEFINITIONAL_REPRESENTATION('',(#2226),#2230);
#2226 = LINE('',#2227,#2228);
#2227 = CARTESIAN_POINT('',(1.754582734127E-03,1.518460923142E-03));
#2228 = VECTOR('',#2229,1.);
#2229 = DIRECTION('',(-0.634395037377,0.773009014534));
#2230 = ( GEOMETRIC_REPRESENTATION_CONTEXT(2) 
PARAMETRIC_REPRESENTATION_CONTEXT() REPRESENTATION_CONTEXT('2D SPACE',''
  ) );
#2231 = PCURVE('',#2232,#2237);
#2232 = PLANE('',#2233);
#2233 = AXIS2_PLACEMENT_3D('',#2234,#2235,#2236);
#2234 = CARTESIAN_POINT('',(-1.193492856737E-02,-1.172095652425E-02,
    1.946833605086E-03));
#2235 = DIRECTION('',(0.773009014534,0.634395037377,-2.290116131135E-07)
  );
#2236 = DIRECTION('',(-0.634395037377,0.773009014534,-1.323488980085E-23
    ));
#2237 = DEFINITIONAL_REPRESENTATION('',(#2238),#2241);
#2238 = B_SPLINE_CURVE_WITH_KNOTS('',1,(#2239,#2240),.UNSPECIFIED.,.F.,
  .F.,(2,2),(0.,5.089708876532E-04),.PIECEWISE_BEZIER_KNOTS.);
#2239 = CARTESIAN_POINT('',(-1.513144778546E-04,5.531665718651E-04));
#2240 = CARTESIAN_POINT('',(3.576564097986E-04,5.531665718651E-04));
#2241 = ( GEOMETRIC_REPRESENTATION_CONTEXT(2) 
PARAMETRIC_REPRESENTATION_CONTEXT() REPRESENTATION_CONTEXT('2D SPACE',''
  ) );
#2242 = ADVANCED_FACE('',(#2243),#2206,.T.);
#2243 = FACE_BOUND('',#2244,.T.);
#2244 = EDGE_LOOP('',(#2245,#2272,#2273));
#2245 = ORIENTED_EDGE('',*,*,#2246,.T.);
#2246 = EDGE_CURVE('',#2247,#648,#2249,.T.);
#2247 = VERTEX_POINT('',#2248);
#2248 = CARTESIAN_POINT('',(-1.240208931267E-02,-1.099497824907E-02,
    2.500000176951E-03));
#2249 = SURFACE_CURVE('',#2250,(#2254,#2261),.PCURVE_S1.);
#2250 = LINE('',#2251,#2252);
#2251 = CARTESIAN_POINT('',(-1.240208931267E-02,-1.099497824907E-02,
    2.500000176951E-03));
#2252 = VECTOR('',#2253,1.);
#2253 = DIRECTION('',(-0.569487659069,-0.821999882097,0.));
#2254 = PCURVE('',#2206,#2255);
#2255 = DEFINITIONAL_REPRESENTATION('',(#2256),#2260);
#2256 = LINE('',#2257,#2258);
#2257 = CARTESIAN_POINT('',(1.341673421981E-03,2.14121720031E-03));
#2258 = VECTOR('',#2259,1.);
#2259 = DIRECTION('',(-0.569487659069,-0.821999882097));
#2260 = ( GEOMETRIC_REPRESENTATION_CONTEXT(2) 
PARAMETRIC_REPRESENTATION_CONTEXT() REPRESENTATION_CONTEXT('2D SPACE',''
  ) );
#2261 = PCURVE('',#2262,#2267);
#2262 = PLANE('',#2263);
#2263 = AXIS2_PLACEMENT_3D('',#2264,#2265,#2266);
#2264 = CARTESIAN_POINT('',(-1.384869790098E-02,-1.289452148863E-02,
    2.500000176951E-03));
#2265 = DIRECTION('',(0.,0.,1.));
#2266 = DIRECTION('',(1.,0.,-0.));
#2267 = DEFINITIONAL_REPRESENTATION('',(#2268),#2271);
#2268 = B_SPLINE_CURVE_WITH_KNOTS('',1,(#2269,#2270),.UNSPECIFIED.,.F.,
  .F.,(2,2),(0.,5.176427571687E-03),.PIECEWISE_BEZIER_KNOTS.);
#2269 = CARTESIAN_POINT('',(1.446608588306E-03,1.89954323956E-03));
#2270 = CARTESIAN_POINT('',(-1.501303031834E-03,-2.355479614053E-03));
#2271 = ( GEOMETRIC_REPRESENTATION_CONTEXT(2) 
PARAMETRIC_REPRESENTATION_CONTEXT() REPRESENTATION_CONTEXT('2D SPACE',''
  ) );
#2272 = ORIENTED_EDGE('',*,*,#2190,.F.);
#2273 = ORIENTED_EDGE('',*,*,#2274,.T.);
#2274 = EDGE_CURVE('',#2191,#2247,#2275,.T.);
#2275 = SURFACE_CURVE('',#2276,(#2280,#2287),.PCURVE_S1.);
#2276 = LINE('',#2277,#2278);
#2277 = CARTESIAN_POINT('',(-1.216182392091E-02,-1.1444484815E-02,
    2.500000176951E-03));
#2278 = VECTOR('',#2279,1.);
#2279 = DIRECTION('',(-0.471395404012,0.881921976751,0.));
#2280 = PCURVE('',#2206,#2281);
#2281 = DEFINITIONAL_REPRESENTATION('',(#2282),#2286);
#2282 = LINE('',#2283,#2284);
#2283 = CARTESIAN_POINT('',(1.581938813748E-03,1.691710634381E-03));
#2284 = VECTOR('',#2285,1.);
#2285 = DIRECTION('',(-0.471395404012,0.881921976751));
#2286 = ( GEOMETRIC_REPRESENTATION_CONTEXT(2) 
PARAMETRIC_REPRESENTATION_CONTEXT() REPRESENTATION_CONTEXT('2D SPACE',''
  ) );
#2287 = PCURVE('',#2288,#2293);
#2288 = PLANE('',#2289);
#2289 = AXIS2_PLACEMENT_3D('',#2290,#2291,#2292);
#2290 = CARTESIAN_POINT('',(-1.23307753503E-02,-1.11283977736E-02,
    1.94694053065E-03));
#2291 = DIRECTION('',(0.881921976751,0.471395404012,-1.980371603654E-17)
  );
#2292 = DIRECTION('',(-0.471395404012,0.881921976751,0.));
#2293 = DEFINITIONAL_REPRESENTATION('',(#2294),#2297);
#2294 = B_SPLINE_CURVE_WITH_KNOTS('',1,(#2295,#2296),.UNSPECIFIED.,.F.,
  .F.,(2,2),(0.,5.096897206083E-04),.PIECEWISE_BEZIER_KNOTS.);
#2295 = CARTESIAN_POINT('',(-3.584070356932E-04,5.530596463013E-04));
#2296 = CARTESIAN_POINT('',(1.512826849151E-04,5.530596463013E-04));
#2297 = ( GEOMETRIC_REPRESENTATION_CONTEXT(2) 
PARAMETRIC_REPRESENTATION_CONTEXT() REPRESENTATION_CONTEXT('2D SPACE',''
  ) );
#2298 = ADVANCED_FACE('',(#2299),#2145,.T.);
#2299 = FACE_BOUND('',#2300,.T.);
#2300 = EDGE_LOOP('',(#2301,#2328,#2353));
#2301 = ORIENTED_EDGE('',*,*,#2302,.T.);
#2302 = EDGE_CURVE('',#1007,#2303,#2305,.T.);
#2303 = VERTEX_POINT('',#2304);
#2304 = CARTESIAN_POINT('',(-7.400001399219E-03,-1.000000163913E-02,
    2.500000176951E-03));
#2305 = SURFACE_CURVE('',#2306,(#2310,#2317),.PCURVE_S1.);
#2306 = LINE('',#2307,#2308);
#2307 = CARTESIAN_POINT('',(1.535000093281E-02,-1.525000110269E-02,
    2.500000176951E-03));
#2308 = VECTOR('',#2309,1.);
#2309 = DIRECTION('',(-0.974391205779,0.224859463,0.));
#2310 = PCURVE('',#2145,#2311);
#2311 = DEFINITIONAL_REPRESENTATION('',(#2312),#2316);
#2312 = LINE('',#2313,#2314);
#2313 = CARTESIAN_POINT('',(-2.525359987189E-03,-1.151058461399E-02));
#2314 = VECTOR('',#2315,1.);
#2315 = DIRECTION('',(0.224859463,0.974391205779));
#2316 = ( GEOMETRIC_REPRESENTATION_CONTEXT(2) 
PARAMETRIC_REPRESENTATION_CONTEXT() REPRESENTATION_CONTEXT('2D SPACE',''
  ) );
#2317 = PCURVE('',#2318,#2323);
#2318 = PLANE('',#2319);
#2319 = AXIS2_PLACEMENT_3D('',#2320,#2321,#2322);
#2320 = CARTESIAN_POINT('',(3.839947675856E-03,-1.246813709261E-02,
    2.500000176951E-03));
#2321 = DIRECTION('',(0.,0.,1.));
#2322 = DIRECTION('',(1.,0.,-0.));
#2323 = DEFINITIONAL_REPRESENTATION('',(#2324),#2327);
#2324 = B_SPLINE_CURVE_WITH_KNOTS('',1,(#2325,#2326),.UNSPECIFIED.,.F.,
  .F.,(2,2),(0.,2.334791426391E-02),.PIECEWISE_BEZIER_KNOTS.);
#2325 = CARTESIAN_POINT('',(1.151005325696E-02,-2.781864010081E-03));
#2326 = CARTESIAN_POINT('',(-1.123994907507E-02,2.468135453477E-03));
#2327 = ( GEOMETRIC_REPRESENTATION_CONTEXT(2) 
PARAMETRIC_REPRESENTATION_CONTEXT() REPRESENTATION_CONTEXT('2D SPACE',''
  ) );
#2328 = ORIENTED_EDGE('',*,*,#2329,.T.);
#2329 = EDGE_CURVE('',#2303,#1828,#2330,.T.);
#2330 = SURFACE_CURVE('',#2331,(#2335,#2342),.PCURVE_S1.);
#2331 = LINE('',#2332,#2333);
#2332 = CARTESIAN_POINT('',(-7.400001399219E-03,-1.000000163913E-02,
    2.500000176951E-03));
#2333 = VECTOR('',#2334,1.);
#2334 = DIRECTION('',(-9.80184805203E-02,-0.995184594674,0.));
#2335 = PCURVE('',#2145,#2336);
#2336 = DEFINITIONAL_REPRESENTATION('',(#2337),#2341);
#2337 = LINE('',#2338,#2339);
#2338 = CARTESIAN_POINT('',(2.724639476369E-03,1.123941771805E-02));
#2339 = VECTOR('',#2340,1.);
#2340 = DIRECTION('',(-0.995184594674,9.80184805203E-02));
#2341 = ( GEOMETRIC_REPRESENTATION_CONTEXT(2) 
PARAMETRIC_REPRESENTATION_CONTEXT() REPRESENTATION_CONTEXT('2D SPACE',''
  ) );
#2342 = PCURVE('',#2343,#2348);
#2343 = PLANE('',#2344);
#2344 = AXIS2_PLACEMENT_3D('',#2345,#2346,#2347);
#2345 = CARTESIAN_POINT('',(-7.435131862746E-03,-1.03566822969E-02,
    1.946940408441E-03));
#2346 = DIRECTION('',(-0.995184594674,9.80184805203E-02,-0.));
#2347 = DIRECTION('',(-9.80184805203E-02,-0.995184594674,0.));
#2348 = DEFINITIONAL_REPRESENTATION('',(#2349),#2352);
#2349 = B_SPLINE_CURVE_WITH_KNOTS('',1,(#2350,#2351),.UNSPECIFIED.,.F.,
  .F.,(2,2),(0.,5.096889546227E-04),.PIECEWISE_BEZIER_KNOTS.);
#2350 = CARTESIAN_POINT('',(-3.584065304911E-04,5.530597685106E-04));
#2351 = CARTESIAN_POINT('',(1.512824241316E-04,5.530597685106E-04));
#2352 = ( GEOMETRIC_REPRESENTATION_CONTEXT(2) 
PARAMETRIC_REPRESENTATION_CONTEXT() REPRESENTATION_CONTEXT('2D SPACE',''
  ) );
#2353 = ORIENTED_EDGE('',*,*,#2131,.F.);
#2354 = ADVANCED_FACE('',(#2355),#2318,.T.);
#2355 = FACE_BOUND('',#2356,.T.);
#2356 = EDGE_LOOP('',(#2357,#2384,#2409));
#2357 = ORIENTED_EDGE('',*,*,#2358,.T.);
#2358 = EDGE_CURVE('',#1007,#2359,#2361,.T.);
#2359 = VERTEX_POINT('',#2360);
#2360 = CARTESIAN_POINT('',(-7.449960336089E-03,-9.492767043412E-03,
    2.500000176951E-03));
#2361 = SURFACE_CURVE('',#2362,(#2366,#2373),.PCURVE_S1.);
#2362 = LINE('',#2363,#2364);
#2363 = CARTESIAN_POINT('',(1.535000093281E-02,-1.525000110269E-02,
    2.500000176951E-03));
#2364 = VECTOR('',#2365,1.);
#2365 = DIRECTION('',(-0.969567021451,0.24482604215,0.));
#2366 = PCURVE('',#2318,#2367);
#2367 = DEFINITIONAL_REPRESENTATION('',(#2368),#2372);
#2368 = LINE('',#2369,#2370);
#2369 = CARTESIAN_POINT('',(1.151005325696E-02,-2.781864010081E-03));
#2370 = VECTOR('',#2371,1.);
#2371 = DIRECTION('',(-0.969567021451,0.24482604215));
#2372 = ( GEOMETRIC_REPRESENTATION_CONTEXT(2) 
PARAMETRIC_REPRESENTATION_CONTEXT() REPRESENTATION_CONTEXT('2D SPACE',''
  ) );
#2373 = PCURVE('',#2374,#2379);
#2374 = PLANE('',#2375);
#2375 = AXIS2_PLACEMENT_3D('',#2376,#2377,#2378);
#2376 = CARTESIAN_POINT('',(3.790893220927E-03,-1.221677837197E-02,
    2.500000176951E-03));
#2377 = DIRECTION('',(0.,0.,1.));
#2378 = DIRECTION('',(1.,0.,-0.));
#2379 = DEFINITIONAL_REPRESENTATION('',(#2380),#2383);
#2380 = B_SPLINE_CURVE_WITH_KNOTS('',1,(#2381,#2382),.UNSPECIFIED.,.F.,
  .F.,(2,2),(0.,2.351561136515E-02),.PIECEWISE_BEZIER_KNOTS.);
#2381 = CARTESIAN_POINT('',(1.155910771189E-02,-3.033222730716E-03));
#2382 = CARTESIAN_POINT('',(-1.124085355702E-02,2.724011328559E-03));
#2383 = ( GEOMETRIC_REPRESENTATION_CONTEXT(2) 
PARAMETRIC_REPRESENTATION_CONTEXT() REPRESENTATION_CONTEXT('2D SPACE',''
  ) );
#2384 = ORIENTED_EDGE('',*,*,#2385,.T.);
#2385 = EDGE_CURVE('',#2359,#2303,#2386,.T.);
#2386 = SURFACE_CURVE('',#2387,(#2391,#2398),.PCURVE_S1.);
#2387 = LINE('',#2388,#2389);
#2388 = CARTESIAN_POINT('',(-7.449960336089E-03,-9.492767043412E-03,
    2.500000176951E-03));
#2389 = VECTOR('',#2390,1.);
#2390 = DIRECTION('',(9.80184805203E-02,-0.995184594674,0.));
#2391 = PCURVE('',#2318,#2392);
#2392 = DEFINITIONAL_REPRESENTATION('',(#2393),#2397);
#2393 = LINE('',#2394,#2395);
#2394 = CARTESIAN_POINT('',(-1.128990801195E-02,2.975370049193E-03));
#2395 = VECTOR('',#2396,1.);
#2396 = DIRECTION('',(9.80184805203E-02,-0.995184594674));
#2397 = ( GEOMETRIC_REPRESENTATION_CONTEXT(2) 
PARAMETRIC_REPRESENTATION_CONTEXT() REPRESENTATION_CONTEXT('2D SPACE',''
  ) );
#2398 = PCURVE('',#2399,#2404);
#2399 = PLANE('',#2400);
#2400 = AXIS2_PLACEMENT_3D('',#2401,#2402,#2403);
#2401 = CARTESIAN_POINT('',(-7.414829872562E-03,-9.849447701187E-03,
    1.946940408441E-03));
#2402 = DIRECTION('',(-0.995184594674,-9.801848052031E-02,
    1.48527884496E-17));
#2403 = DIRECTION('',(9.801848052031E-02,-0.995184594674,0.));
#2404 = DEFINITIONAL_REPRESENTATION('',(#2405),#2408);
#2405 = B_SPLINE_CURVE_WITH_KNOTS('',1,(#2406,#2407),.UNSPECIFIED.,.F.,
  .F.,(2,2),(0.,5.096889546227E-04),.PIECEWISE_BEZIER_KNOTS.);
#2406 = CARTESIAN_POINT('',(-3.584065304911E-04,5.530597685106E-04));
#2407 = CARTESIAN_POINT('',(1.512824241316E-04,5.530597685106E-04));
#2408 = ( GEOMETRIC_REPRESENTATION_CONTEXT(2) 
PARAMETRIC_REPRESENTATION_CONTEXT() REPRESENTATION_CONTEXT('2D SPACE',''
  ) );
#2409 = ORIENTED_EDGE('',*,*,#2302,.F.);
#2410 = ADVANCED_FACE('',(#2411),#2262,.T.);
#2411 = FACE_BOUND('',#2412,.T.);
#2412 = EDGE_LOOP('',(#2413,#2440,#2441));
#2413 = ORIENTED_EDGE('',*,*,#2414,.T.);
#2414 = EDGE_CURVE('',#2415,#648,#2417,.T.);
#2415 = VERTEX_POINT('',#2416);
#2416 = CARTESIAN_POINT('',(-1.255004387349E-02,-1.050723623484E-02,
    2.500000176951E-03));
#2417 = SURFACE_CURVE('',#2418,(#2422,#2429),.PCURVE_S1.);
#2418 = LINE('',#2419,#2420);
#2419 = CARTESIAN_POINT('',(-1.255004387349E-02,-1.050723623484E-02,
    2.500000176951E-03));
#2420 = VECTOR('',#2421,1.);
#2421 = DIRECTION('',(-0.508381279444,-0.861132089003,0.));
#2422 = PCURVE('',#2262,#2423);
#2423 = DEFINITIONAL_REPRESENTATION('',(#2424),#2428);
#2424 = LINE('',#2425,#2426);
#2425 = CARTESIAN_POINT('',(1.29865402749E-03,2.387285253789E-03));
#2426 = VECTOR('',#2427,1.);
#2427 = DIRECTION('',(-0.508381279444,-0.861132089003));
#2428 = ( GEOMETRIC_REPRESENTATION_CONTEXT(2) 
PARAMETRIC_REPRESENTATION_CONTEXT() REPRESENTATION_CONTEXT('2D SPACE',''
  ) );
#2429 = PCURVE('',#2430,#2435);
#2430 = PLANE('',#2431);
#2431 = AXIS2_PLACEMENT_3D('',#2432,#2433,#2434);
#2432 = CARTESIAN_POINT('',(-1.390374129073E-02,-1.264075444347E-02,
    2.500000176951E-03));
#2433 = DIRECTION('',(0.,0.,1.));
#2434 = DIRECTION('',(1.,0.,-0.));
#2435 = DEFINITIONAL_REPRESENTATION('',(#2436),#2439);
#2436 = B_SPLINE_CURVE_WITH_KNOTS('',1,(#2437,#2438),.UNSPECIFIED.,.F.,
  .F.,(2,2),(0.,5.507592770503E-03),.PIECEWISE_BEZIER_KNOTS.);
#2437 = CARTESIAN_POINT('',(1.353697417239E-03,2.133518208624E-03));
#2438 = CARTESIAN_POINT('',(-1.446259642085E-03,-2.609246659218E-03));
#2439 = ( GEOMETRIC_REPRESENTATION_CONTEXT(2) 
PARAMETRIC_REPRESENTATION_CONTEXT() REPRESENTATION_CONTEXT('2D SPACE',''
  ) );
#2440 = ORIENTED_EDGE('',*,*,#2246,.F.);
#2441 = ORIENTED_EDGE('',*,*,#2442,.T.);
#2442 = EDGE_CURVE('',#2247,#2415,#2443,.T.);
#2443 = SURFACE_CURVE('',#2444,(#2448,#2455),.PCURVE_S1.);
#2444 = LINE('',#2445,#2446);
#2445 = CARTESIAN_POINT('',(-1.240208931267E-02,-1.099497824907E-02,
    2.500000176951E-03));
#2446 = VECTOR('',#2447,1.);
#2447 = DIRECTION('',(-0.290284027483,0.956940532838,0.));
#2448 = PCURVE('',#2262,#2449);
#2449 = DEFINITIONAL_REPRESENTATION('',(#2450),#2454);
#2450 = LINE('',#2451,#2452);
#2451 = CARTESIAN_POINT('',(1.446608588306E-03,1.89954323956E-03));
#2452 = VECTOR('',#2453,1.);
#2453 = DIRECTION('',(-0.290284027483,0.956940532838));
#2454 = ( GEOMETRIC_REPRESENTATION_CONTEXT(2) 
PARAMETRIC_REPRESENTATION_CONTEXT() REPRESENTATION_CONTEXT('2D SPACE',''
  ) );
#2455 = PCURVE('',#2456,#2461);
#2456 = PLANE('',#2457);
#2457 = AXIS2_PLACEMENT_3D('',#2458,#2459,#2460);
#2458 = CARTESIAN_POINT('',(-1.25061290027E-02,-1.06520045165E-02,
    1.946940407509E-03));
#2459 = DIRECTION('',(0.956940532838,0.290284027483,-1.980371794726E-17)
  );
#2460 = DIRECTION('',(-0.290284027483,0.956940532838,0.));
#2461 = DEFINITIONAL_REPRESENTATION('',(#2462),#2465);
#2462 = B_SPLINE_CURVE_WITH_KNOTS('',1,(#2463,#2464),.UNSPECIFIED.,.F.,
  .F.,(2,2),(0.,5.096889487823E-04),.PIECEWISE_BEZIER_KNOTS.);
#2463 = CARTESIAN_POINT('',(-3.584065266391E-04,5.530597694424E-04));
#2464 = CARTESIAN_POINT('',(1.512824221432E-04,5.530597694424E-04));
#2465 = ( GEOMETRIC_REPRESENTATION_CONTEXT(2) 
PARAMETRIC_REPRESENTATION_CONTEXT() REPRESENTATION_CONTEXT('2D SPACE',''
  ) );
#2466 = ADVANCED_FACE('',(#2467),#2430,.T.);
#2467 = FACE_BOUND('',#2468,.T.);
#2468 = EDGE_LOOP('',(#2469,#2491,#2492));
#2469 = ORIENTED_EDGE('',*,*,#2470,.T.);
#2470 = EDGE_CURVE('',#2471,#648,#2473,.T.);
#2471 = VERTEX_POINT('',#2472);
#2472 = CARTESIAN_POINT('',(-1.260000281036E-02,-1.000000163913E-02,
    2.500000176951E-03));
#2473 = SURFACE_CURVE('',#2474,(#2478,#2485),.PCURVE_S1.);
#2474 = LINE('',#2475,#2476);
#2475 = CARTESIAN_POINT('',(-1.260000281036E-02,-1.000000163913E-02,
    2.500000176951E-03));
#2476 = VECTOR('',#2477,1.);
#2477 = DIRECTION('',(-0.464006783284,-0.885831646006,0.));
#2478 = PCURVE('',#2430,#2479);
#2479 = DEFINITIONAL_REPRESENTATION('',(#2480),#2484);
#2480 = LINE('',#2481,#2482);
#2481 = CARTESIAN_POINT('',(1.303738480369E-03,2.64075280434E-03));
#2482 = VECTOR('',#2483,1.);
#2483 = DIRECTION('',(-0.464006783284,-0.885831646006));
#2484 = ( GEOMETRIC_REPRESENTATION_CONTEXT(2) 
PARAMETRIC_REPRESENTATION_CONTEXT() REPRESENTATION_CONTEXT('2D SPACE',''
  ) );
#2485 = PCURVE('',#1134,#2486);
#2486 = DEFINITIONAL_REPRESENTATION('',(#2487),#2490);
#2487 = B_SPLINE_CURVE_WITH_KNOTS('',1,(#2488,#2489),.UNSPECIFIED.,.F.,
  .F.,(2,2),(0.,5.926633449173E-03),.PIECEWISE_BEZIER_KNOTS.);
#2488 = CARTESIAN_POINT('',(2.053314153003E-03,-9.868170841443E-03));
#2489 = CARTESIAN_POINT('',(-6.966839694507E-04,-1.5118170305E-02));
#2490 = ( GEOMETRIC_REPRESENTATION_CONTEXT(2) 
PARAMETRIC_REPRESENTATION_CONTEXT() REPRESENTATION_CONTEXT('2D SPACE',''
  ) );
#2491 = ORIENTED_EDGE('',*,*,#2414,.F.);
#2492 = ORIENTED_EDGE('',*,*,#2493,.T.);
#2493 = EDGE_CURVE('',#2415,#2471,#2494,.T.);
#2494 = SURFACE_CURVE('',#2495,(#2499,#2506),.PCURVE_S1.);
#2495 = LINE('',#2496,#2497);
#2496 = CARTESIAN_POINT('',(-1.255004387349E-02,-1.050723623484E-02,
    2.500000176951E-03));
#2497 = VECTOR('',#2498,1.);
#2498 = DIRECTION('',(-9.80184805203E-02,0.995184594674,0.));
#2499 = PCURVE('',#2430,#2500);
#2500 = DEFINITIONAL_REPRESENTATION('',(#2501),#2505);
#2501 = LINE('',#2502,#2503);
#2502 = CARTESIAN_POINT('',(1.353697417239E-03,2.133518208624E-03));
#2503 = VECTOR('',#2504,1.);
#2504 = DIRECTION('',(-9.80184805203E-02,0.995184594674));
#2505 = ( GEOMETRIC_REPRESENTATION_CONTEXT(2) 
PARAMETRIC_REPRESENTATION_CONTEXT() REPRESENTATION_CONTEXT('2D SPACE',''
  ) );
#2506 = PCURVE('',#2507,#2512);
#2507 = PLANE('',#2508);
#2508 = AXIS2_PLACEMENT_3D('',#2509,#2510,#2511);
#2509 = CARTESIAN_POINT('',(-1.258517433702E-02,-1.015055557707E-02,
    1.946940408441E-03));
#2510 = DIRECTION('',(0.995184594674,9.80184805203E-02,0.));
#2511 = DIRECTION('',(-9.80184805203E-02,0.995184594674,0.));
#2512 = DEFINITIONAL_REPRESENTATION('',(#2513),#2516);
#2513 = B_SPLINE_CURVE_WITH_KNOTS('',1,(#2514,#2515),.UNSPECIFIED.,.F.,
  .F.,(2,2),(0.,5.096889546227E-04),.PIECEWISE_BEZIER_KNOTS.);
#2514 = CARTESIAN_POINT('',(-3.584065304911E-04,5.530597685106E-04));
#2515 = CARTESIAN_POINT('',(1.512824241316E-04,5.530597685106E-04));
#2516 = ( GEOMETRIC_REPRESENTATION_CONTEXT(2) 
PARAMETRIC_REPRESENTATION_CONTEXT() REPRESENTATION_CONTEXT('2D SPACE',''
  ) );
#2517 = ADVANCED_FACE('',(#2518),#2374,.T.);
#2518 = FACE_BOUND('',#2519,.T.);
#2519 = EDGE_LOOP('',(#2520,#2547,#2572));
#2520 = ORIENTED_EDGE('',*,*,#2521,.T.);
#2521 = EDGE_CURVE('',#1007,#2522,#2524,.T.);
#2522 = VERTEX_POINT('',#2523);
#2523 = CARTESIAN_POINT('',(-7.597914896905E-03,-9.005025029182E-03,
    2.500000176951E-03));
#2524 = SURFACE_CURVE('',#2525,(#2529,#2536),.PCURVE_S1.);
#2525 = LINE('',#2526,#2527);
#2526 = CARTESIAN_POINT('',(1.535000093281E-02,-1.525000110269E-02,
    2.500000176951E-03));
#2527 = VECTOR('',#2528,1.);
#2528 = DIRECTION('',(-0.964908265509,0.262587202949,0.));
#2529 = PCURVE('',#2374,#2530);
#2530 = DEFINITIONAL_REPRESENTATION('',(#2531),#2535);
#2531 = LINE('',#2532,#2533);
#2532 = CARTESIAN_POINT('',(1.155910771189E-02,-3.033222730716E-03));
#2533 = VECTOR('',#2534,1.);
#2534 = DIRECTION('',(-0.964908265509,0.262587202949));
#2535 = ( GEOMETRIC_REPRESENTATION_CONTEXT(2) 
PARAMETRIC_REPRESENTATION_CONTEXT() REPRESENTATION_CONTEXT('2D SPACE',''
  ) );
#2536 = PCURVE('',#2537,#2542);
#2537 = PLANE('',#2538);
#2538 = AXIS2_PLACEMENT_3D('',#2539,#2540,#2541);
#2539 = CARTESIAN_POINT('',(3.69414557592E-03,-1.198027155231E-02,
    2.500000176951E-03));
#2540 = DIRECTION('',(7.131701002663E-30,2.541502376285E-29,1.));
#2541 = DIRECTION('',(0.,1.,-2.541502376285E-29));
#2542 = DEFINITIONAL_REPRESENTATION('',(#2543),#2546);
#2543 = B_SPLINE_CURVE_WITH_KNOTS('',1,(#2544,#2545),.UNSPECIFIED.,.F.,
  .F.,(2,2),(0.,2.378248445992E-02),.PIECEWISE_BEZIER_KNOTS.);
#2544 = CARTESIAN_POINT('',(-3.269729550378E-03,-1.165585535689E-02));
#2545 = CARTESIAN_POINT('',(2.975246523126E-03,1.129206047283E-02));
#2546 = ( GEOMETRIC_REPRESENTATION_CONTEXT(2) 
PARAMETRIC_REPRESENTATION_CONTEXT() REPRESENTATION_CONTEXT('2D SPACE',''
  ) );
#2547 = ORIENTED_EDGE('',*,*,#2548,.T.);
#2548 = EDGE_CURVE('',#2522,#2359,#2549,.T.);
#2549 = SURFACE_CURVE('',#2550,(#2554,#2561),.PCURVE_S1.);
#2550 = LINE('',#2551,#2552);
#2551 = CARTESIAN_POINT('',(-7.597914896905E-03,-9.005025029182E-03,
    2.500000176951E-03));
#2552 = VECTOR('',#2553,1.);
#2553 = DIRECTION('',(0.290284027483,-0.956940532838,0.));
#2554 = PCURVE('',#2374,#2555);
#2555 = DEFINITIONAL_REPRESENTATION('',(#2556),#2560);
#2556 = LINE('',#2557,#2558);
#2557 = CARTESIAN_POINT('',(-1.138880811783E-02,3.211753342788E-03));
#2558 = VECTOR('',#2559,1.);
#2559 = DIRECTION('',(0.290284027483,-0.956940532838));
#2560 = ( GEOMETRIC_REPRESENTATION_CONTEXT(2) 
PARAMETRIC_REPRESENTATION_CONTEXT() REPRESENTATION_CONTEXT('2D SPACE',''
  ) );
#2561 = PCURVE('',#2562,#2567);
#2562 = PLANE('',#2563);
#2563 = AXIS2_PLACEMENT_3D('',#2564,#2565,#2566);
#2564 = CARTESIAN_POINT('',(-7.493875206876E-03,-9.347998761757E-03,
    1.946940407509E-03));
#2565 = DIRECTION('',(-0.956940532838,-0.290284027483,-0.));
#2566 = DIRECTION('',(0.290284027483,-0.956940532838,0.));
#2567 = DEFINITIONAL_REPRESENTATION('',(#2568),#2571);
#2568 = B_SPLINE_CURVE_WITH_KNOTS('',1,(#2569,#2570),.UNSPECIFIED.,.F.,
  .F.,(2,2),(0.,5.096889487823E-04),.PIECEWISE_BEZIER_KNOTS.);
#2569 = CARTESIAN_POINT('',(-3.584065266391E-04,5.530597694424E-04));
#2570 = CARTESIAN_POINT('',(1.512824221432E-04,5.530597694424E-04));
#2571 = ( GEOMETRIC_REPRESENTATION_CONTEXT(2) 
PARAMETRIC_REPRESENTATION_CONTEXT() REPRESENTATION_CONTEXT('2D SPACE',''
  ) );
#2572 = ORIENTED_EDGE('',*,*,#2358,.F.);
#2573 = ADVANCED_FACE('',(#2574),#2537,.T.);
#2574 = FACE_BOUND('',#2575,.T.);
#2575 = EDGE_LOOP('',(#2576,#2598,#2623));
#2576 = ORIENTED_EDGE('',*,*,#2577,.T.);
#2577 = EDGE_CURVE('',#1007,#2578,#2580,.T.);
#2578 = VERTEX_POINT('',#2579);
#2579 = CARTESIAN_POINT('',(-7.838180288672E-03,-8.555518463254E-03,
    2.500000176951E-03));
#2580 = SURFACE_CURVE('',#2581,(#2585,#2592),.PCURVE_S1.);
#2581 = LINE('',#2582,#2583);
#2582 = CARTESIAN_POINT('',(1.535000093281E-02,-1.525000110269E-02,
    2.500000176951E-03));
#2583 = VECTOR('',#2584,1.);
#2584 = DIRECTION('',(-0.960761952489,0.277374242944,0.));
#2585 = PCURVE('',#2537,#2586);
#2586 = DEFINITIONAL_REPRESENTATION('',(#2587),#2591);
#2587 = LINE('',#2588,#2589);
#2588 = CARTESIAN_POINT('',(-3.269729550378E-03,-1.165585535689E-02));
#2589 = VECTOR('',#2590,1.);
#2590 = DIRECTION('',(0.277374242944,0.960761952489));
#2591 = ( GEOMETRIC_REPRESENTATION_CONTEXT(2) 
PARAMETRIC_REPRESENTATION_CONTEXT() REPRESENTATION_CONTEXT('2D SPACE',''
  ) );
#2592 = PCURVE('',#2174,#2593);
#2593 = DEFINITIONAL_REPRESENTATION('',(#2594),#2597);
#2594 = B_SPLINE_CURVE_WITH_KNOTS('',1,(#2595,#2596),.UNSPECIFIED.,.F.,
  .F.,(2,2),(0.,2.413519931905E-02),.PIECEWISE_BEZIER_KNOTS.);
#2595 = CARTESIAN_POINT('',(1.750180769099E-02,-1.304459654005E-02));
#2596 = CARTESIAN_POINT('',(-5.686373530499E-03,-6.350113900614E-03));
#2597 = ( GEOMETRIC_REPRESENTATION_CONTEXT(2) 
PARAMETRIC_REPRESENTATION_CONTEXT() REPRESENTATION_CONTEXT('2D SPACE',''
  ) );
#2598 = ORIENTED_EDGE('',*,*,#2599,.T.);
#2599 = EDGE_CURVE('',#2578,#2522,#2600,.T.);
#2600 = SURFACE_CURVE('',#2601,(#2605,#2612),.PCURVE_S1.);
#2601 = LINE('',#2602,#2603);
#2602 = CARTESIAN_POINT('',(-7.838180288672E-03,-8.555518463254E-03,
    2.500000176951E-03));
#2603 = VECTOR('',#2604,1.);
#2604 = DIRECTION('',(0.471395404012,-0.881921976751,0.));
#2605 = PCURVE('',#2537,#2606);
#2606 = DEFINITIONAL_REPRESENTATION('',(#2607),#2611);
#2607 = LINE('',#2608,#2609);
#2608 = CARTESIAN_POINT('',(3.424753089054E-03,1.153232586459E-02));
#2609 = VECTOR('',#2610,1.);
#2610 = DIRECTION('',(-0.881921976751,-0.471395404012));
#2611 = ( GEOMETRIC_REPRESENTATION_CONTEXT(2) 
PARAMETRIC_REPRESENTATION_CONTEXT() REPRESENTATION_CONTEXT('2D SPACE',''
  ) );
#2612 = PCURVE('',#2613,#2618);
#2613 = PLANE('',#2614);
#2614 = AXIS2_PLACEMENT_3D('',#2615,#2616,#2617);
#2615 = CARTESIAN_POINT('',(-7.669228859281E-03,-8.871605504654E-03,
    1.94694053065E-03));
#2616 = DIRECTION('',(-0.881921976751,-0.471395404012,3.960743207309E-17
    ));
#2617 = DIRECTION('',(0.471395404012,-0.881921976751,0.));
#2618 = DEFINITIONAL_REPRESENTATION('',(#2619),#2622);
#2619 = B_SPLINE_CURVE_WITH_KNOTS('',1,(#2620,#2621),.UNSPECIFIED.,.F.,
  .F.,(2,2),(0.,5.096897206083E-04),.PIECEWISE_BEZIER_KNOTS.);
#2620 = CARTESIAN_POINT('',(-3.584070356932E-04,5.530596463013E-04));
#2621 = CARTESIAN_POINT('',(1.512826849151E-04,5.530596463013E-04));
#2622 = ( GEOMETRIC_REPRESENTATION_CONTEXT(2) 
PARAMETRIC_REPRESENTATION_CONTEXT() REPRESENTATION_CONTEXT('2D SPACE',''
  ) );
#2623 = ORIENTED_EDGE('',*,*,#2521,.F.);
#2624 = ADVANCED_FACE('',(#2625),#1134,.T.);
#2625 = FACE_BOUND('',#2626,.T.);
#2626 = EDGE_LOOP('',(#2627,#2652,#2653));
#2627 = ORIENTED_EDGE('',*,*,#2628,.T.);
#2628 = EDGE_CURVE('',#2471,#1062,#2629,.T.);
#2629 = SURFACE_CURVE('',#2630,(#2634,#2641),.PCURVE_S1.);
#2630 = LINE('',#2631,#2632);
#2631 = CARTESIAN_POINT('',(-1.260000281036E-02,-1.000000163913E-02,
    2.500000176951E-03));
#2632 = VECTOR('',#2633,1.);
#2633 = DIRECTION('',(-0.108270568749,0.994121463375,0.));
#2634 = PCURVE('',#1134,#2635);
#2635 = DEFINITIONAL_REPRESENTATION('',(#2636),#2640);
#2636 = LINE('',#2637,#2638);
#2637 = CARTESIAN_POINT('',(2.053314153003E-03,-9.868170841443E-03));
#2638 = VECTOR('',#2639,1.);
#2639 = DIRECTION('',(-0.108270568749,0.994121463375));
#2640 = ( GEOMETRIC_REPRESENTATION_CONTEXT(2) 
PARAMETRIC_REPRESENTATION_CONTEXT() REPRESENTATION_CONTEXT('2D SPACE',''
  ) );
#2641 = PCURVE('',#2642,#2647);
#2642 = PLANE('',#2643);
#2643 = AXIS2_PLACEMENT_3D('',#2644,#2645,#2646);
#2644 = CARTESIAN_POINT('',(-1.39487163436E-02,2.625190399292E-03,
    2.500000176951E-03));
#2645 = DIRECTION('',(-4.582858697605E-28,-5.085088470185E-29,1.));
#2646 = DIRECTION('',(1.,0.,4.582858697605E-28));
#2647 = DEFINITIONAL_REPRESENTATION('',(#2648),#2651);
#2648 = B_SPLINE_CURVE_WITH_KNOTS('',1,(#2649,#2650),.UNSPECIFIED.,.F.,
  .F.,(2,2),(0.,2.539931353669E-02),.PIECEWISE_BEZIER_KNOTS.);
#2649 = CARTESIAN_POINT('',(1.348713533242E-03,-1.262519203842E-02));
#2650 = CARTESIAN_POINT('',(-1.401284589211E-03,1.262481070339E-02));
#2651 = ( GEOMETRIC_REPRESENTATION_CONTEXT(2) 
PARAMETRIC_REPRESENTATION_CONTEXT() REPRESENTATION_CONTEXT('2D SPACE',''
  ) );
#2652 = ORIENTED_EDGE('',*,*,#1120,.F.);
#2653 = ORIENTED_EDGE('',*,*,#2470,.F.);
#2654 = ADVANCED_FACE('',(#2655),#2642,.T.);
#2655 = FACE_BOUND('',#2656,.T.);
#2656 = EDGE_LOOP('',(#2657,#2684,#2685));
#2657 = ORIENTED_EDGE('',*,*,#2658,.T.);
#2658 = EDGE_CURVE('',#2659,#1062,#2661,.T.);
#2659 = VERTEX_POINT('',#2660);
#2660 = CARTESIAN_POINT('',(-1.255004387349E-02,-9.492767043412E-03,
    2.500000176951E-03));
#2661 = SURFACE_CURVE('',#2662,(#2666,#2673),.PCURVE_S1.);
#2662 = LINE('',#2663,#2664);
#2663 = CARTESIAN_POINT('',(-1.255004387349E-02,-9.492767043412E-03,
    2.500000176951E-03));
#2664 = VECTOR('',#2665,1.);
#2665 = DIRECTION('',(-0.112444961212,0.993657954579,0.));
#2666 = PCURVE('',#2642,#2667);
#2667 = DEFINITIONAL_REPRESENTATION('',(#2668),#2672);
#2668 = LINE('',#2669,#2670);
#2669 = CARTESIAN_POINT('',(1.398672470112E-03,-1.21179574427E-02));
#2670 = VECTOR('',#2671,1.);
#2671 = DIRECTION('',(-0.112444961212,0.993657954579));
#2672 = ( GEOMETRIC_REPRESENTATION_CONTEXT(2) 
PARAMETRIC_REPRESENTATION_CONTEXT() REPRESENTATION_CONTEXT('2D SPACE',''
  ) );
#2673 = PCURVE('',#2674,#2679);
#2674 = PLANE('',#2675);
#2675 = AXIS2_PLACEMENT_3D('',#2676,#2677,#2678);
#2676 = CARTESIAN_POINT('',(-1.389868644763E-02,2.874150396446E-03,
    2.500000176951E-03));
#2677 = DIRECTION('',(2.398803008079E-28,2.810879935938E-29,1.));
#2678 = DIRECTION('',(1.,0.,-2.398803008079E-28));
#2679 = DEFINITIONAL_REPRESENTATION('',(#2680),#2683);
#2680 = B_SPLINE_CURVE_WITH_KNOTS('',1,(#2681,#2682),.UNSPECIFIED.,.F.,
  .F.,(2,2),(0.,2.49006894496E-02),.PIECEWISE_BEZIER_KNOTS.);
#2681 = CARTESIAN_POINT('',(1.348642574138E-03,-1.236691743986E-02));
#2682 = CARTESIAN_POINT('',(-1.451314485186E-03,1.237585070624E-02));
#2683 = ( GEOMETRIC_REPRESENTATION_CONTEXT(2) 
PARAMETRIC_REPRESENTATION_CONTEXT() REPRESENTATION_CONTEXT('2D SPACE',''
  ) );
#2684 = ORIENTED_EDGE('',*,*,#2628,.F.);
#2685 = ORIENTED_EDGE('',*,*,#2686,.T.);
#2686 = EDGE_CURVE('',#2471,#2659,#2687,.T.);
#2687 = SURFACE_CURVE('',#2688,(#2692,#2699),.PCURVE_S1.);
#2688 = LINE('',#2689,#2690);
#2689 = CARTESIAN_POINT('',(-1.260000281036E-02,-1.000000163913E-02,
    2.500000176951E-03));
#2690 = VECTOR('',#2691,1.);
#2691 = DIRECTION('',(9.80184805203E-02,0.995184594674,0.));
#2692 = PCURVE('',#2642,#2693);
#2693 = DEFINITIONAL_REPRESENTATION('',(#2694),#2698);
#2694 = LINE('',#2695,#2696);
#2695 = CARTESIAN_POINT('',(1.348713533242E-03,-1.262519203842E-02));
#2696 = VECTOR('',#2697,1.);
#2697 = DIRECTION('',(9.80184805203E-02,0.995184594674));
#2698 = ( GEOMETRIC_REPRESENTATION_CONTEXT(2) 
PARAMETRIC_REPRESENTATION_CONTEXT() REPRESENTATION_CONTEXT('2D SPACE',''
  ) );
#2699 = PCURVE('',#2700,#2705);
#2700 = PLANE('',#2701);
#2701 = AXIS2_PLACEMENT_3D('',#2702,#2703,#2704);
#2702 = CARTESIAN_POINT('',(-1.256487234683E-02,-9.643320981352E-03,
    1.946940408441E-03));
#2703 = DIRECTION('',(0.995184594674,-9.80184805203E-02,0.));
#2704 = DIRECTION('',(9.80184805203E-02,0.995184594674,0.));
#2705 = DEFINITIONAL_REPRESENTATION('',(#2706),#2709);
#2706 = B_SPLINE_CURVE_WITH_KNOTS('',1,(#2707,#2708),.UNSPECIFIED.,.F.,
  .F.,(2,2),(0.,5.096889546227E-04),.PIECEWISE_BEZIER_KNOTS.);
#2707 = CARTESIAN_POINT('',(-3.584065304911E-04,5.530597685106E-04));
#2708 = CARTESIAN_POINT('',(1.512824241316E-04,5.530597685106E-04));
#2709 = ( GEOMETRIC_REPRESENTATION_CONTEXT(2) 
PARAMETRIC_REPRESENTATION_CONTEXT() REPRESENTATION_CONTEXT('2D SPACE',''
  ) );
#2710 = ADVANCED_FACE('',(#2711),#2174,.T.);
#2711 = FACE_BOUND('',#2712,.T.);
#2712 = EDGE_LOOP('',(#2713,#2738,#2739));
#2713 = ORIENTED_EDGE('',*,*,#2714,.T.);
#2714 = EDGE_CURVE('',#1062,#2578,#2715,.T.);
#2715 = SURFACE_CURVE('',#2716,(#2720,#2727),.PCURVE_S1.);
#2716 = LINE('',#2717,#2718);
#2717 = CARTESIAN_POINT('',(-1.535000093281E-02,1.525000110269E-02,
    2.500000176951E-03));
#2718 = VECTOR('',#2719,1.);
#2719 = DIRECTION('',(0.300923293334,-0.95364834794,0.));
#2720 = PCURVE('',#2174,#2721);
#2721 = DEFINITIONAL_REPRESENTATION('',(#2722),#2726);
#2722 = LINE('',#2723,#2724);
#2723 = CARTESIAN_POINT('',(-1.319819417464E-02,1.745540566533E-02));
#2724 = VECTOR('',#2725,1.);
#2725 = DIRECTION('',(0.300923293334,-0.95364834794));
#2726 = ( GEOMETRIC_REPRESENTATION_CONTEXT(2) 
PARAMETRIC_REPRESENTATION_CONTEXT() REPRESENTATION_CONTEXT('2D SPACE',''
  ) );
#2727 = PCURVE('',#2728,#2733);
#2728 = PLANE('',#2729);
#2729 = AXIS2_PLACEMENT_3D('',#2730,#2731,#2732);
#2730 = CARTESIAN_POINT('',(-1.163667143957E-02,3.324388583591E-03,
    2.500000176951E-03));
#2731 = DIRECTION('',(0.,0.,1.));
#2732 = DIRECTION('',(1.,0.,-0.));
#2733 = DEFINITIONAL_REPRESENTATION('',(#2734),#2737);
#2734 = B_SPLINE_CURVE_WITH_KNOTS('',1,(#2735,#2736),.UNSPECIFIED.,.F.,
  .F.,(2,2),(0.,2.496257621309E-02),.PIECEWISE_BEZIER_KNOTS.);
#2735 = CARTESIAN_POINT('',(-3.713329493238E-03,1.19256125191E-02));
#2736 = CARTESIAN_POINT('',(3.798491150902E-03,-1.187990704684E-02));
#2737 = ( GEOMETRIC_REPRESENTATION_CONTEXT(2) 
PARAMETRIC_REPRESENTATION_CONTEXT() REPRESENTATION_CONTEXT('2D SPACE',''
  ) );
#2738 = ORIENTED_EDGE('',*,*,#2577,.F.);
#2739 = ORIENTED_EDGE('',*,*,#2160,.F.);
#2740 = ADVANCED_FACE('',(#2741),#2728,.T.);
#2741 = FACE_BOUND('',#2742,.T.);
#2742 = EDGE_LOOP('',(#2743,#2770,#2795));
#2743 = ORIENTED_EDGE('',*,*,#2744,.T.);
#2744 = EDGE_CURVE('',#1062,#2745,#2747,.T.);
#2745 = VERTEX_POINT('',#2746);
#2746 = CARTESIAN_POINT('',(-8.161524310708E-03,-8.161523379385E-03,
    2.500000176951E-03));
#2747 = SURFACE_CURVE('',#2748,(#2752,#2759),.PCURVE_S1.);
#2748 = LINE('',#2749,#2750);
#2749 = CARTESIAN_POINT('',(-1.535000093281E-02,1.525000110269E-02,
    2.500000176951E-03));
#2750 = VECTOR('',#2751,1.);
#2751 = DIRECTION('',(0.293523694283,-0.955951798416,0.));
#2752 = PCURVE('',#2728,#2753);
#2753 = DEFINITIONAL_REPRESENTATION('',(#2754),#2758);
#2754 = LINE('',#2755,#2756);
#2755 = CARTESIAN_POINT('',(-3.713329493238E-03,1.19256125191E-02));
#2756 = VECTOR('',#2757,1.);
#2757 = DIRECTION('',(0.293523694283,-0.955951798416));
#2758 = ( GEOMETRIC_REPRESENTATION_CONTEXT(2) 
PARAMETRIC_REPRESENTATION_CONTEXT() REPRESENTATION_CONTEXT('2D SPACE',''
  ) );
#2759 = PCURVE('',#2760,#2765);
#2760 = PLANE('',#2761);
#2761 = AXIS2_PLACEMENT_3D('',#2762,#2763,#2764);
#2762 = CARTESIAN_POINT('',(-1.181709977142E-02,3.503622720625E-03,
    2.500000176951E-03));
#2763 = DIRECTION('',(0.,0.,1.));
#2764 = DIRECTION('',(1.,0.,-0.));
#2765 = DEFINITIONAL_REPRESENTATION('',(#2766),#2769);
#2766 = B_SPLINE_CURVE_WITH_KNOTS('',1,(#2767,#2768),.UNSPECIFIED.,.F.,
  .F.,(2,2),(0.,2.449027714668E-02),.PIECEWISE_BEZIER_KNOTS.);
#2767 = CARTESIAN_POINT('',(-3.532901161391E-03,1.174637838206E-02));
#2768 = CARTESIAN_POINT('',(3.655575460714E-03,-1.166514610001E-02));
#2769 = ( GEOMETRIC_REPRESENTATION_CONTEXT(2) 
PARAMETRIC_REPRESENTATION_CONTEXT() REPRESENTATION_CONTEXT('2D SPACE',''
  ) );
#2770 = ORIENTED_EDGE('',*,*,#2771,.T.);
#2771 = EDGE_CURVE('',#2745,#2578,#2772,.T.);
#2772 = SURFACE_CURVE('',#2773,(#2777,#2784),.PCURVE_S1.);
#2773 = LINE('',#2774,#2775);
#2774 = CARTESIAN_POINT('',(-8.161524310708E-03,-8.161523379385E-03,
    2.500000176951E-03));
#2775 = VECTOR('',#2776,1.);
#2776 = DIRECTION('',(0.634394002843,-0.773009863557,0.));
#2777 = PCURVE('',#2728,#2778);
#2778 = DEFINITIONAL_REPRESENTATION('',(#2779),#2783);
#2779 = LINE('',#2780,#2781);
#2780 = CARTESIAN_POINT('',(3.475147128866E-03,-1.148591196298E-02));
#2781 = VECTOR('',#2782,1.);
#2782 = DIRECTION('',(0.634394002843,-0.773009863557));
#2783 = ( GEOMETRIC_REPRESENTATION_CONTEXT(2) 
PARAMETRIC_REPRESENTATION_CONTEXT() REPRESENTATION_CONTEXT('2D SPACE',''
  ) );
#2784 = PCURVE('',#2785,#2790);
#2785 = PLANE('',#2786);
#2786 = AXIS2_PLACEMENT_3D('',#2787,#2788,#2789);
#2787 = CARTESIAN_POINT('',(-8.06555150991E-03,-8.278466353811E-03,
    1.946940510523E-03));
#2788 = DIRECTION('',(-0.773009863557,-0.634394002843,3.960743269768E-17
    ));
#2789 = DIRECTION('',(0.634394002843,-0.773009863557,0.));
#2790 = DEFINITIONAL_REPRESENTATION('',(#2791),#2794);
#2791 = B_SPLINE_CURVE_WITH_KNOTS('',1,(#2792,#2793),.UNSPECIFIED.,.F.,
  .F.,(2,2),(0.,5.096895944579E-04),.PIECEWISE_BEZIER_KNOTS.);
#2792 = CARTESIAN_POINT('',(-1.512826419666E-04,5.53059666428E-04));
#2793 = CARTESIAN_POINT('',(3.584069524913E-04,5.53059666428E-04));
#2794 = ( GEOMETRIC_REPRESENTATION_CONTEXT(2) 
PARAMETRIC_REPRESENTATION_CONTEXT() REPRESENTATION_CONTEXT('2D SPACE',''
  ) );
#2795 = ORIENTED_EDGE('',*,*,#2714,.F.);
#2796 = ADVANCED_FACE('',(#2797),#2674,.T.);
#2797 = FACE_BOUND('',#2798,.T.);
#2798 = EDGE_LOOP('',(#2799,#2826,#2827));
#2799 = ORIENTED_EDGE('',*,*,#2800,.T.);
#2800 = EDGE_CURVE('',#2801,#1062,#2803,.T.);
#2801 = VERTEX_POINT('',#2802);
#2802 = CARTESIAN_POINT('',(-1.240208931267E-02,-9.005025029182E-03,
    2.500000176951E-03));
#2803 = SURFACE_CURVE('',#2804,(#2808,#2815),.PCURVE_S1.);
#2804 = LINE('',#2805,#2806);
#2805 = CARTESIAN_POINT('',(-1.240208931267E-02,-9.005025029182E-03,
    2.500000176951E-03));
#2806 = VECTOR('',#2807,1.);
#2807 = DIRECTION('',(-0.120650347024,0.99269506585,0.));
#2808 = PCURVE('',#2674,#2809);
#2809 = DEFINITIONAL_REPRESENTATION('',(#2810),#2814);
#2810 = LINE('',#2811,#2812);
#2811 = CARTESIAN_POINT('',(1.496597134954E-03,-1.187917542563E-02));
#2812 = VECTOR('',#2813,1.);
#2813 = DIRECTION('',(-0.120650347024,0.99269506585));
#2814 = ( GEOMETRIC_REPRESENTATION_CONTEXT(2) 
PARAMETRIC_REPRESENTATION_CONTEXT() REPRESENTATION_CONTEXT('2D SPACE',''
  ) );
#2815 = PCURVE('',#2816,#2821);
#2816 = PLANE('',#2817);
#2817 = AXIS2_PLACEMENT_3D('',#2818,#2819,#2820);
#2818 = CARTESIAN_POINT('',(-1.380051919121E-02,3.10883282612E-03,
    2.500000176951E-03));
#2819 = DIRECTION('',(-1.385139326683E-28,-1.76662115038E-29,1.));
#2820 = DIRECTION('',(1.,0.,1.385139326683E-28));
#2821 = DEFINITIONAL_REPRESENTATION('',(#2822),#2825);
#2822 = B_SPLINE_CURVE_WITH_KNOTS('',1,(#2823,#2824),.UNSPECIFIED.,.F.,
  .F.,(2,2),(0.,2.443351132314E-02),.PIECEWISE_BEZIER_KNOTS.);
#2823 = CARTESIAN_POINT('',(1.39842987854E-03,-1.21138578553E-02));
#2824 = CARTESIAN_POINT('',(-1.5494817416E-03,1.214116827657E-02));
#2825 = ( GEOMETRIC_REPRESENTATION_CONTEXT(2) 
PARAMETRIC_REPRESENTATION_CONTEXT() REPRESENTATION_CONTEXT('2D SPACE',''
  ) );
#2826 = ORIENTED_EDGE('',*,*,#2658,.F.);
#2827 = ORIENTED_EDGE('',*,*,#2828,.T.);
#2828 = EDGE_CURVE('',#2659,#2801,#2829,.T.);
#2829 = SURFACE_CURVE('',#2830,(#2834,#2841),.PCURVE_S1.);
#2830 = LINE('',#2831,#2832);
#2831 = CARTESIAN_POINT('',(-1.255004387349E-02,-9.492767043412E-03,
    2.500000176951E-03));
#2832 = VECTOR('',#2833,1.);
#2833 = DIRECTION('',(0.290284027483,0.956940532838,0.));
#2834 = PCURVE('',#2674,#2835);
#2835 = DEFINITIONAL_REPRESENTATION('',(#2836),#2840);
#2836 = LINE('',#2837,#2838);
#2837 = CARTESIAN_POINT('',(1.348642574138E-03,-1.236691743986E-02));
#2838 = VECTOR('',#2839,1.);
#2839 = DIRECTION('',(0.290284027483,0.956940532838));
#2840 = ( GEOMETRIC_REPRESENTATION_CONTEXT(2) 
PARAMETRIC_REPRESENTATION_CONTEXT() REPRESENTATION_CONTEXT('2D SPACE',''
  ) );
#2841 = PCURVE('',#2842,#2847);
#2842 = PLANE('',#2843);
#2843 = AXIS2_PLACEMENT_3D('',#2844,#2845,#2846);
#2844 = CARTESIAN_POINT('',(-1.244600418346E-02,-9.149793310837E-03,
    1.946940407509E-03));
#2845 = DIRECTION('',(0.956940532838,-0.290284027483,9.901858973629E-18)
  );
#2846 = DIRECTION('',(0.290284027483,0.956940532838,-3.851859888774E-34)
  );
#2847 = DEFINITIONAL_REPRESENTATION('',(#2848),#2851);
#2848 = B_SPLINE_CURVE_WITH_KNOTS('',1,(#2849,#2850),.UNSPECIFIED.,.F.,
  .F.,(2,2),(0.,5.096889487823E-04),.PIECEWISE_BEZIER_KNOTS.);
#2849 = CARTESIAN_POINT('',(-3.584065266391E-04,5.530597694424E-04));
#2850 = CARTESIAN_POINT('',(1.512824221432E-04,5.530597694424E-04));
#2851 = ( GEOMETRIC_REPRESENTATION_CONTEXT(2) 
PARAMETRIC_REPRESENTATION_CONTEXT() REPRESENTATION_CONTEXT('2D SPACE',''
  ) );
#2852 = ADVANCED_FACE('',(#2853),#2816,.T.);
#2853 = FACE_BOUND('',#2854,.T.);
#2854 = EDGE_LOOP('',(#2855,#2882,#2883));
#2855 = ORIENTED_EDGE('',*,*,#2856,.T.);
#2856 = EDGE_CURVE('',#2857,#1062,#2859,.T.);
#2857 = VERTEX_POINT('',#2858);
#2858 = CARTESIAN_POINT('',(-1.216182392091E-02,-8.555518463254E-03,
    2.500000176951E-03));
#2859 = SURFACE_CURVE('',#2860,(#2864,#2871),.PCURVE_S1.);
#2860 = LINE('',#2861,#2862);
#2861 = CARTESIAN_POINT('',(-1.216182392091E-02,-8.555518463254E-03,
    2.500000176951E-03));
#2862 = VECTOR('',#2863,1.);
#2863 = DIRECTION('',(-0.132740818105,0.991150783286,0.));
#2864 = PCURVE('',#2816,#2865);
#2865 = DEFINITIONAL_REPRESENTATION('',(#2866),#2870);
#2866 = LINE('',#2867,#2868);
#2867 = CARTESIAN_POINT('',(1.638695270307E-03,-1.166435128937E-02));
#2868 = VECTOR('',#2869,1.);
#2869 = DIRECTION('',(-0.132740818105,0.991150783286));
#2870 = ( GEOMETRIC_REPRESENTATION_CONTEXT(2) 
PARAMETRIC_REPRESENTATION_CONTEXT() REPRESENTATION_CONTEXT('2D SPACE',''
  ) );
#2871 = PCURVE('',#2872,#2877);
#2872 = PLANE('',#2873);
#2873 = AXIS2_PLACEMENT_3D('',#2874,#2875,#2876);
#2874 = CARTESIAN_POINT('',(-1.365794340414E-02,3.320214957372E-03,
    2.500000176951E-03));
#2875 = DIRECTION('',(0.,0.,1.));
#2876 = DIRECTION('',(1.,0.,-0.));
#2877 = DEFINITIONAL_REPRESENTATION('',(#2878),#2881);
#2878 = B_SPLINE_CURVE_WITH_KNOTS('',1,(#2879,#2880),.UNSPECIFIED.,.F.,
  .F.,(2,2),(0.,2.401806058914E-02),.PIECEWISE_BEZIER_KNOTS.);
#2879 = CARTESIAN_POINT('',(1.496119483232E-03,-1.187573342063E-02));
#2880 = CARTESIAN_POINT('',(-1.692057528675E-03,1.192978614531E-02));
#2881 = ( GEOMETRIC_REPRESENTATION_CONTEXT(2) 
PARAMETRIC_REPRESENTATION_CONTEXT() REPRESENTATION_CONTEXT('2D SPACE',''
  ) );
#2882 = ORIENTED_EDGE('',*,*,#2800,.F.);
#2883 = ORIENTED_EDGE('',*,*,#2884,.T.);
#2884 = EDGE_CURVE('',#2801,#2857,#2885,.T.);
#2885 = SURFACE_CURVE('',#2886,(#2890,#2897),.PCURVE_S1.);
#2886 = LINE('',#2887,#2888);
#2887 = CARTESIAN_POINT('',(-1.240208931267E-02,-9.005025029182E-03,
    2.500000176951E-03));
#2888 = VECTOR('',#2889,1.);
#2889 = DIRECTION('',(0.471395404012,0.881921976751,0.));
#2890 = PCURVE('',#2816,#2891);
#2891 = DEFINITIONAL_REPRESENTATION('',(#2892),#2896);
#2892 = LINE('',#2893,#2894);
#2893 = CARTESIAN_POINT('',(1.39842987854E-03,-1.21138578553E-02));
#2894 = VECTOR('',#2895,1.);
#2895 = DIRECTION('',(0.471395404012,0.881921976751));
#2896 = ( GEOMETRIC_REPRESENTATION_CONTEXT(2) 
PARAMETRIC_REPRESENTATION_CONTEXT() REPRESENTATION_CONTEXT('2D SPACE',''
  ) );
#2897 = PCURVE('',#2898,#2903);
#2898 = PLANE('',#2899);
#2899 = AXIS2_PLACEMENT_3D('',#2900,#2901,#2902);
#2900 = CARTESIAN_POINT('',(-1.223313788328E-02,-8.688937987782E-03,
    1.94694053065E-03));
#2901 = DIRECTION('',(0.881921976751,-0.471395404012,-3.960743207309E-17
    ));
#2902 = DIRECTION('',(0.471395404012,0.881921976751,0.));
#2903 = DEFINITIONAL_REPRESENTATION('',(#2904),#2907);
#2904 = B_SPLINE_CURVE_WITH_KNOTS('',1,(#2905,#2906),.UNSPECIFIED.,.F.,
  .F.,(2,2),(0.,5.096897206083E-04),.PIECEWISE_BEZIER_KNOTS.);
#2905 = CARTESIAN_POINT('',(-3.584070356932E-04,5.530596463013E-04));
#2906 = CARTESIAN_POINT('',(1.512826849151E-04,5.530596463013E-04));
#2907 = ( GEOMETRIC_REPRESENTATION_CONTEXT(2) 
PARAMETRIC_REPRESENTATION_CONTEXT() REPRESENTATION_CONTEXT('2D SPACE',''
  ) );
#2908 = ADVANCED_FACE('',(#2909),#2760,.T.);
#2909 = FACE_BOUND('',#2910,.T.);
#2910 = EDGE_LOOP('',(#2911,#2938,#2963));
#2911 = ORIENTED_EDGE('',*,*,#2912,.T.);
#2912 = EDGE_CURVE('',#1062,#2913,#2915,.T.);
#2913 = VERTEX_POINT('',#2914);
#2914 = CARTESIAN_POINT('',(-8.555519394577E-03,-7.838180288672E-03,
    2.500000176951E-03));
#2915 = SURFACE_CURVE('',#2916,(#2920,#2927),.PCURVE_S1.);
#2916 = LINE('',#2917,#2918);
#2917 = CARTESIAN_POINT('',(-1.535000093281E-02,1.525000110269E-02,
    2.500000176951E-03));
#2918 = VECTOR('',#2919,1.);
#2919 = DIRECTION('',(0.282313168967,-0.959322299662,0.));
#2920 = PCURVE('',#2760,#2921);
#2921 = DEFINITIONAL_REPRESENTATION('',(#2922),#2926);
#2922 = LINE('',#2923,#2924);
#2923 = CARTESIAN_POINT('',(-3.532901161391E-03,1.174637838206E-02));
#2924 = VECTOR('',#2925,1.);
#2925 = DIRECTION('',(0.282313168967,-0.959322299662));
#2926 = ( GEOMETRIC_REPRESENTATION_CONTEXT(2) 
PARAMETRIC_REPRESENTATION_CONTEXT() REPRESENTATION_CONTEXT('2D SPACE',''
  ) );
#2927 = PCURVE('',#2928,#2933);
#2928 = PLANE('',#2929);
#2929 = AXIS2_PLACEMENT_3D('',#2930,#2931,#2932);
#2930 = CARTESIAN_POINT('',(-1.202964000407E-02,3.644323305214E-03,
    2.500000176951E-03));
#2931 = DIRECTION('',(1.279717611398E-29,3.662367466878E-30,1.));
#2932 = DIRECTION('',(1.,0.,-1.279717611398E-29));
#2933 = DEFINITIONAL_REPRESENTATION('',(#2934),#2937);
#2934 = B_SPLINE_CURVE_WITH_KNOTS('',1,(#2935,#2936),.UNSPECIFIED.,.F.,
  .F.,(2,2),(0.,2.406717888191E-02),.PIECEWISE_BEZIER_KNOTS.);
#2935 = CARTESIAN_POINT('',(-3.32036092874E-03,1.160567779747E-02));
#2936 = CARTESIAN_POINT('',(3.474120609496E-03,-1.148250359389E-02));
#2937 = ( GEOMETRIC_REPRESENTATION_CONTEXT(2) 
PARAMETRIC_REPRESENTATION_CONTEXT() REPRESENTATION_CONTEXT('2D SPACE',''
  ) );
#2938 = ORIENTED_EDGE('',*,*,#2939,.T.);
#2939 = EDGE_CURVE('',#2913,#2745,#2940,.T.);
#2940 = SURFACE_CURVE('',#2941,(#2945,#2952),.PCURVE_S1.);
#2941 = LINE('',#2942,#2943);
#2942 = CARTESIAN_POINT('',(-8.555519394577E-03,-7.838180288672E-03,
    2.500000176951E-03));
#2943 = VECTOR('',#2944,1.);
#2944 = DIRECTION('',(0.77301075962,-0.634392910987,0.));
#2945 = PCURVE('',#2760,#2946);
#2946 = DEFINITIONAL_REPRESENTATION('',(#2947),#2951);
#2947 = LINE('',#2948,#2949);
#2948 = CARTESIAN_POINT('',(3.261580376846E-03,-1.13418030093E-02));
#2949 = VECTOR('',#2950,1.);
#2950 = DIRECTION('',(0.77301075962,-0.634392910987));
#2951 = ( GEOMETRIC_REPRESENTATION_CONTEXT(2) 
PARAMETRIC_REPRESENTATION_CONTEXT() REPRESENTATION_CONTEXT('2D SPACE',''
  ) );
#2952 = PCURVE('',#2953,#2958);
#2953 = PLANE('',#2954);
#2954 = AXIS2_PLACEMENT_3D('',#2955,#2956,#2957);
#2955 = CARTESIAN_POINT('',(-8.278467265202E-03,-8.065550871374E-03,
    1.94694041626E-03));
#2956 = DIRECTION('',(-0.634392910987,-0.77301075962,-0.));
#2957 = DIRECTION('',(-0.77301075962,0.634392910987,0.));
#2958 = DEFINITIONAL_REPRESENTATION('',(#2959),#2962);
#2959 = B_SPLINE_CURVE_WITH_KNOTS('',1,(#2960,#2961),.UNSPECIFIED.,.F.,
  .F.,(2,2),(0.,5.09689003633E-04),.PIECEWISE_BEZIER_KNOTS.);
#2960 = CARTESIAN_POINT('',(3.584065628156E-04,-5.530597606913E-04));
#2961 = CARTESIAN_POINT('',(-1.512824408174E-04,-5.530597606913E-04));
#2962 = ( GEOMETRIC_REPRESENTATION_CONTEXT(2) 
PARAMETRIC_REPRESENTATION_CONTEXT() REPRESENTATION_CONTEXT('2D SPACE',''
  ) );
#2963 = ORIENTED_EDGE('',*,*,#2744,.F.);
#2964 = ADVANCED_FACE('',(#2965),#2928,.T.);
#2965 = FACE_BOUND('',#2966,.T.);
#2966 = EDGE_LOOP('',(#2967,#2994,#3019));
#2967 = ORIENTED_EDGE('',*,*,#2968,.T.);
#2968 = EDGE_CURVE('',#1062,#2969,#2971,.T.);
#2969 = VERTEX_POINT('',#2970);
#2970 = CARTESIAN_POINT('',(-9.005025029182E-03,-7.597914431244E-03,
    2.500000176951E-03));
#2971 = SURFACE_CURVE('',#2972,(#2976,#2983),.PCURVE_S1.);
#2972 = LINE('',#2973,#2974);
#2973 = CARTESIAN_POINT('',(-1.535000093281E-02,1.525000110269E-02,
    2.500000176951E-03));
#2974 = VECTOR('',#2975,1.);
#2975 = DIRECTION('',(0.267578586985,-0.963536039693,0.));
#2976 = PCURVE('',#2928,#2977);
#2977 = DEFINITIONAL_REPRESENTATION('',(#2978),#2982);
#2978 = LINE('',#2979,#2980);
#2979 = CARTESIAN_POINT('',(-3.32036092874E-03,1.160567779747E-02));
#2980 = VECTOR('',#2981,1.);
#2981 = DIRECTION('',(0.267578586985,-0.963536039693));
#2982 = ( GEOMETRIC_REPRESENTATION_CONTEXT(2) 
PARAMETRIC_REPRESENTATION_CONTEXT() REPRESENTATION_CONTEXT('2D SPACE',''
  ) );
#2983 = PCURVE('',#2984,#2989);
#2984 = PLANE('',#2985);
#2985 = AXIS2_PLACEMENT_3D('',#2986,#2987,#2988);
#2986 = CARTESIAN_POINT('',(-1.226614050668E-02,3.7410624796E-03,
    2.500000176951E-03));
#2987 = DIRECTION('',(0.,0.,1.));
#2988 = DIRECTION('',(1.,0.,-0.));
#2989 = DEFINITIONAL_REPRESENTATION('',(#2990),#2993);
#2990 = B_SPLINE_CURVE_WITH_KNOTS('',1,(#2991,#2992),.UNSPECIFIED.,.F.,
  .F.,(2,2),(0.,2.371256973555E-02),.PIECEWISE_BEZIER_KNOTS.);
#2991 = CARTESIAN_POINT('',(-3.083860426128E-03,1.150893862309E-02));
#2992 = CARTESIAN_POINT('',(3.261115477502E-03,-1.133897691084E-02));
#2993 = ( GEOMETRIC_REPRESENTATION_CONTEXT(2) 
PARAMETRIC_REPRESENTATION_CONTEXT() REPRESENTATION_CONTEXT('2D SPACE',''
  ) );
#2994 = ORIENTED_EDGE('',*,*,#2995,.T.);
#2995 = EDGE_CURVE('',#2969,#2913,#2996,.T.);
#2996 = SURFACE_CURVE('',#2997,(#3001,#3008),.PCURVE_S1.);
#2997 = LINE('',#2998,#2999);
#2998 = CARTESIAN_POINT('',(-9.005025029182E-03,-7.597914431244E-03,
    2.500000176951E-03));
#2999 = VECTOR('',#3000,1.);
#3000 = DIRECTION('',(0.881921190891,-0.471396874256,0.));
#3001 = PCURVE('',#2928,#3002);
#3002 = DEFINITIONAL_REPRESENTATION('',(#3003),#3007);
#3003 = LINE('',#3004,#3005);
#3004 = CARTESIAN_POINT('',(3.02461497489E-03,-1.124223773646E-02));
#3005 = VECTOR('',#3006,1.);
#3006 = DIRECTION('',(0.881921190891,-0.471396874256));
#3007 = ( GEOMETRIC_REPRESENTATION_CONTEXT(2) 
PARAMETRIC_REPRESENTATION_CONTEXT() REPRESENTATION_CONTEXT('2D SPACE',''
  ) );
#3008 = PCURVE('',#3009,#3014);
#3009 = PLANE('',#3010);
#3010 = AXIS2_PLACEMENT_3D('',#3011,#3012,#3013);
#3011 = CARTESIAN_POINT('',(-8.688938619512E-03,-7.766866200464E-03,
    1.946940434629E-03));
#3012 = DIRECTION('',(-0.471396874256,-0.881921190891,
    -1.980371752645E-17));
#3013 = DIRECTION('',(-0.881921190891,0.471396874256,-1.54074395551E-33)
  );
#3014 = DEFINITIONAL_REPRESENTATION('',(#3015),#3018);
#3015 = B_SPLINE_CURVE_WITH_KNOTS('',1,(#3016,#3017),.UNSPECIFIED.,.F.,
  .F.,(2,2),(0.,5.096891187657E-04),.PIECEWISE_BEZIER_KNOTS.);
#3016 = CARTESIAN_POINT('',(3.584066387508E-04,-5.530597423224E-04));
#3017 = CARTESIAN_POINT('',(-1.512824800149E-04,-5.530597423224E-04));
#3018 = ( GEOMETRIC_REPRESENTATION_CONTEXT(2) 
PARAMETRIC_REPRESENTATION_CONTEXT() REPRESENTATION_CONTEXT('2D SPACE',''
  ) );
#3019 = ORIENTED_EDGE('',*,*,#2912,.F.);
#3020 = ADVANCED_FACE('',(#3021),#2872,.T.);
#3021 = FACE_BOUND('',#3022,.T.);
#3022 = EDGE_LOOP('',(#3023,#3050,#3051));
#3023 = ORIENTED_EDGE('',*,*,#3024,.T.);
#3024 = EDGE_CURVE('',#3025,#1062,#3027,.T.);
#3025 = VERTEX_POINT('',#3026);
#3026 = CARTESIAN_POINT('',(-1.183847989887E-02,-8.161523379385E-03,
    2.500000176951E-03));
#3027 = SURFACE_CURVE('',#3028,(#3032,#3039),.PCURVE_S1.);
#3028 = LINE('',#3029,#3030);
#3029 = CARTESIAN_POINT('',(-1.183847989887E-02,-8.161523379385E-03,
    2.500000176951E-03));
#3030 = VECTOR('',#3031,1.);
#3031 = DIRECTION('',(-0.148331874975,0.988937639524,0.));
#3032 = PCURVE('',#2872,#3033);
#3033 = DEFINITIONAL_REPRESENTATION('',(#3034),#3038);
#3034 = LINE('',#3035,#3036);
#3035 = CARTESIAN_POINT('',(1.819463505268E-03,-1.148173833676E-02));
#3036 = VECTOR('',#3037,1.);
#3037 = DIRECTION('',(-0.148331874975,0.988937639524));
#3038 = ( GEOMETRIC_REPRESENTATION_CONTEXT(2) 
PARAMETRIC_REPRESENTATION_CONTEXT() REPRESENTATION_CONTEXT('2D SPACE',''
  ) );
#3039 = PCURVE('',#3040,#3045);
#3040 = PLANE('',#3041);
#3041 = AXIS2_PLACEMENT_3D('',#3042,#3043,#3044);
#3042 = CARTESIAN_POINT('',(-1.347641869648E-02,3.500159044501E-03,
    2.500000176951E-03));
#3043 = DIRECTION('',(0.,0.,1.));
#3044 = DIRECTION('',(1.,0.,-0.));
#3045 = DEFINITIONAL_REPRESENTATION('',(#3046),#3049);
#3046 = B_SPLINE_CURVE_WITH_KNOTS('',1,(#3047,#3048),.UNSPECIFIED.,.F.,
  .F.,(2,2),(0.,2.367340825793E-02),.PIECEWISE_BEZIER_KNOTS.);
#3047 = CARTESIAN_POINT('',(1.63793879761E-03,-1.166168242389E-02));
#3048 = CARTESIAN_POINT('',(-1.873582236333E-03,1.174984205819E-02));
#3049 = ( GEOMETRIC_REPRESENTATION_CONTEXT(2) 
PARAMETRIC_REPRESENTATION_CONTEXT() REPRESENTATION_CONTEXT('2D SPACE',''
  ) );
#3050 = ORIENTED_EDGE('',*,*,#2856,.F.);
#3051 = ORIENTED_EDGE('',*,*,#3052,.T.);
#3052 = EDGE_CURVE('',#2857,#3025,#3053,.T.);
#3053 = SURFACE_CURVE('',#3054,(#3058,#3065),.PCURVE_S1.);
#3054 = LINE('',#3055,#3056);
#3055 = CARTESIAN_POINT('',(-1.216182392091E-02,-8.555518463254E-03,
    2.500000176951E-03));
#3056 = VECTOR('',#3057,1.);
#3057 = DIRECTION('',(0.634394002843,0.773009863557,0.));
#3058 = PCURVE('',#2872,#3059);
#3059 = DEFINITIONAL_REPRESENTATION('',(#3060),#3064);
#3060 = LINE('',#3061,#3062);
#3061 = CARTESIAN_POINT('',(1.496119483232E-03,-1.187573342063E-02));
#3062 = VECTOR('',#3063,1.);
#3063 = DIRECTION('',(0.634394002843,0.773009863557));
#3064 = ( GEOMETRIC_REPRESENTATION_CONTEXT(2) 
PARAMETRIC_REPRESENTATION_CONTEXT() REPRESENTATION_CONTEXT('2D SPACE',''
  ) );
#3065 = PCURVE('',#3066,#3071);
#3066 = PLANE('',#3067);
#3067 = AXIS2_PLACEMENT_3D('',#3068,#3069,#3070);
#3068 = CARTESIAN_POINT('',(-1.193445269967E-02,-8.278466353811E-03,
    1.946940510523E-03));
#3069 = DIRECTION('',(0.773009863557,-0.634394002843,3.960743269768E-17)
  );
#3070 = DIRECTION('',(0.634394002843,0.773009863557,3.08148791102E-33));
#3071 = DEFINITIONAL_REPRESENTATION('',(#3072),#3075);
#3072 = B_SPLINE_CURVE_WITH_KNOTS('',1,(#3073,#3074),.UNSPECIFIED.,.F.,
  .F.,(2,2),(0.,5.096895944579E-04),.PIECEWISE_BEZIER_KNOTS.);
#3073 = CARTESIAN_POINT('',(-3.584069524913E-04,5.53059666428E-04));
#3074 = CARTESIAN_POINT('',(1.512826419666E-04,5.53059666428E-04));
#3075 = ( GEOMETRIC_REPRESENTATION_CONTEXT(2) 
PARAMETRIC_REPRESENTATION_CONTEXT() REPRESENTATION_CONTEXT('2D SPACE',''
  ) );
#3076 = ADVANCED_FACE('',(#3077),#3040,.T.);
#3077 = FACE_BOUND('',#3078,.T.);
#3078 = EDGE_LOOP('',(#3079,#3106,#3107));
#3079 = ORIENTED_EDGE('',*,*,#3080,.T.);
#3080 = EDGE_CURVE('',#3081,#1062,#3083,.T.);
#3081 = VERTEX_POINT('',#3082);
#3082 = CARTESIAN_POINT('',(-1.1444484815E-02,-7.838180288672E-03,
    2.500000176951E-03));
#3083 = SURFACE_CURVE('',#3084,(#3088,#3095),.PCURVE_S1.);
#3084 = LINE('',#3085,#3086);
#3085 = CARTESIAN_POINT('',(-1.1444484815E-02,-7.838180288672E-03,
    2.500000176951E-03));
#3086 = VECTOR('',#3087,1.);
#3087 = DIRECTION('',(-0.166787119877,0.985992929307,0.));
#3088 = PCURVE('',#3040,#3089);
#3089 = DEFINITIONAL_REPRESENTATION('',(#3090),#3094);
#3090 = LINE('',#3091,#3092);
#3091 = CARTESIAN_POINT('',(2.031933881479E-03,-1.133833933317E-02));
#3092 = VECTOR('',#3093,1.);
#3093 = DIRECTION('',(-0.166787119877,0.985992929307));
#3094 = ( GEOMETRIC_REPRESENTATION_CONTEXT(2) 
PARAMETRIC_REPRESENTATION_CONTEXT() REPRESENTATION_CONTEXT('2D SPACE',''
  ) );
#3095 = PCURVE('',#3096,#3101);
#3096 = PLANE('',#3097);
#3097 = AXIS2_PLACEMENT_3D('',#3098,#3099,#3100);
#3098 = CARTESIAN_POINT('',(-1.326293277728E-02,3.641727828653E-03,
    2.500000176951E-03));
#3099 = DIRECTION('',(-1.107320235197E-29,-1.991203530517E-30,1.));
#3100 = DIRECTION('',(1.,0.,1.107320235197E-29));
#3101 = DEFINITIONAL_REPRESENTATION('',(#3102),#3105);
#3102 = B_SPLINE_CURVE_WITH_KNOTS('',1,(#3103,#3104),.UNSPECIFIED.,.F.,
  .F.,(2,2),(0.,2.341617338736E-02),.PIECEWISE_BEZIER_KNOTS.);
#3103 = CARTESIAN_POINT('',(1.818447962279E-03,-1.147990811733E-02));
#3104 = CARTESIAN_POINT('',(-2.087068155532E-03,1.160827327403E-02));
#3105 = ( GEOMETRIC_REPRESENTATION_CONTEXT(2) 
PARAMETRIC_REPRESENTATION_CONTEXT() REPRESENTATION_CONTEXT('2D SPACE',''
  ) );
#3106 = ORIENTED_EDGE('',*,*,#3024,.F.);
#3107 = ORIENTED_EDGE('',*,*,#3108,.T.);
#3108 = EDGE_CURVE('',#3025,#3081,#3109,.T.);
#3109 = SURFACE_CURVE('',#3110,(#3114,#3121),.PCURVE_S1.);
#3110 = LINE('',#3111,#3112);
#3111 = CARTESIAN_POINT('',(-1.183847989887E-02,-8.161523379385E-03,
    2.500000176951E-03));
#3112 = VECTOR('',#3113,1.);
#3113 = DIRECTION('',(0.77301075962,0.634392910987,0.));
#3114 = PCURVE('',#3040,#3115);
#3115 = DEFINITIONAL_REPRESENTATION('',(#3116),#3120);
#3116 = LINE('',#3117,#3118);
#3117 = CARTESIAN_POINT('',(1.63793879761E-03,-1.166168242389E-02));
#3118 = VECTOR('',#3119,1.);
#3119 = DIRECTION('',(0.77301075962,0.634392910987));
#3120 = ( GEOMETRIC_REPRESENTATION_CONTEXT(2) 
PARAMETRIC_REPRESENTATION_CONTEXT() REPRESENTATION_CONTEXT('2D SPACE',''
  ) );
#3121 = PCURVE('',#3122,#3127);
#3122 = PLANE('',#3123);
#3123 = AXIS2_PLACEMENT_3D('',#3124,#3125,#3126);
#3124 = CARTESIAN_POINT('',(-1.156142776949E-02,-7.934152796684E-03,
    1.94694041626E-03));
#3125 = DIRECTION('',(0.634392910987,-0.77301075962,3.960743562294E-17)
  );
#3126 = DIRECTION('',(-0.77301075962,-0.634392910987,0.));
#3127 = DEFINITIONAL_REPRESENTATION('',(#3128),#3131);
#3128 = B_SPLINE_CURVE_WITH_KNOTS('',1,(#3129,#3130),.UNSPECIFIED.,.F.,
  .F.,(2,2),(0.,5.09689003633E-04),.PIECEWISE_BEZIER_KNOTS.);
#3129 = CARTESIAN_POINT('',(3.584065628156E-04,-5.530597606913E-04));
#3130 = CARTESIAN_POINT('',(-1.512824408174E-04,-5.530597606913E-04));
#3131 = ( GEOMETRIC_REPRESENTATION_CONTEXT(2) 
PARAMETRIC_REPRESENTATION_CONTEXT() REPRESENTATION_CONTEXT('2D SPACE',''
  ) );
#3132 = ADVANCED_FACE('',(#3133),#2984,.T.);
#3133 = FACE_BOUND('',#3134,.T.);
#3134 = EDGE_LOOP('',(#3135,#3162,#3187));
#3135 = ORIENTED_EDGE('',*,*,#3136,.T.);
#3136 = EDGE_CURVE('',#1062,#3137,#3139,.T.);
#3137 = VERTEX_POINT('',#3138);
#3138 = CARTESIAN_POINT('',(-9.492767043412E-03,-7.449959404767E-03,
    2.500000176951E-03));
#3139 = SURFACE_CURVE('',#3140,(#3144,#3151),.PCURVE_S1.);
#3140 = LINE('',#3141,#3142);
#3141 = CARTESIAN_POINT('',(-1.535000093281E-02,1.525000110269E-02,
    2.500000176951E-03));
#3142 = VECTOR('',#3143,1.);
#3143 = DIRECTION('',(0.249845207671,-0.968285790562,0.));
#3144 = PCURVE('',#2984,#3145);
#3145 = DEFINITIONAL_REPRESENTATION('',(#3146),#3150);
#3146 = LINE('',#3147,#3148);
#3147 = CARTESIAN_POINT('',(-3.083860426128E-03,1.150893862309E-02));
#3148 = VECTOR('',#3149,1.);
#3149 = DIRECTION('',(0.249845207671,-0.968285790562));
#3150 = ( GEOMETRIC_REPRESENTATION_CONTEXT(2) 
PARAMETRIC_REPRESENTATION_CONTEXT() REPRESENTATION_CONTEXT('2D SPACE',''
  ) );
#3151 = PCURVE('',#3152,#3157);
#3152 = PLANE('',#3153);
#3153 = AXIS2_PLACEMENT_3D('',#3154,#3155,#3156);
#3154 = CARTESIAN_POINT('',(-1.251749729341E-02,3.790105995712E-03,
    2.500000176951E-03));
#3155 = DIRECTION('',(0.,0.,1.));
#3156 = DIRECTION('',(1.,0.,-0.));
#3157 = DEFINITIONAL_REPRESENTATION('',(#3158),#3161);
#3158 = B_SPLINE_CURVE_WITH_KNOTS('',1,(#3159,#3160),.UNSPECIFIED.,.F.,
  .F.,(2,2),(0.,2.344345102315E-02),.PIECEWISE_BEZIER_KNOTS.);
#3159 = CARTESIAN_POINT('',(-2.832503639399E-03,1.145989510697E-02));
#3160 = CARTESIAN_POINT('',(3.024730250002E-03,-1.124006540048E-02));
#3161 = ( GEOMETRIC_REPRESENTATION_CONTEXT(2) 
PARAMETRIC_REPRESENTATION_CONTEXT() REPRESENTATION_CONTEXT('2D SPACE',''
  ) );
#3162 = ORIENTED_EDGE('',*,*,#3163,.T.);
#3163 = EDGE_CURVE('',#3137,#2969,#3164,.T.);
#3164 = SURFACE_CURVE('',#3165,(#3169,#3176),.PCURVE_S1.);
#3165 = LINE('',#3166,#3167);
#3166 = CARTESIAN_POINT('',(-9.492767043412E-03,-7.449959404767E-03,
    2.500000176951E-03));
#3167 = VECTOR('',#3168,1.);
#3168 = DIRECTION('',(0.956940279048,-0.290284864116,0.));
#3169 = PCURVE('',#2984,#3170);
#3170 = DEFINITIONAL_REPRESENTATION('',(#3171),#3175);
#3171 = LINE('',#3172,#3173);
#3172 = CARTESIAN_POINT('',(2.773373463273E-03,-1.119102188437E-02));
#3173 = VECTOR('',#3174,1.);
#3174 = DIRECTION('',(0.956940279048,-0.290284864116));
#3175 = ( GEOMETRIC_REPRESENTATION_CONTEXT(2) 
PARAMETRIC_REPRESENTATION_CONTEXT() REPRESENTATION_CONTEXT('2D SPACE',''
  ) );
#3176 = PCURVE('',#3177,#3182);
#3177 = PLANE('',#3178);
#3178 = AXIS2_PLACEMENT_3D('',#3179,#3180,#3181);
#3179 = CARTESIAN_POINT('',(-9.149793316482E-03,-7.55399942053E-03,
    1.946940429075E-03));
#3180 = DIRECTION('',(-0.290284864116,-0.956940279048,-0.));
#3181 = DIRECTION('',(-0.956940279048,0.290284864116,0.));
#3182 = DEFINITIONAL_REPRESENTATION('',(#3183),#3186);
#3183 = B_SPLINE_CURVE_WITH_KNOTS('',1,(#3184,#3185),.UNSPECIFIED.,.F.,
  .F.,(2,2),(0.,5.096890839565E-04),.PIECEWISE_BEZIER_KNOTS.);
#3184 = CARTESIAN_POINT('',(3.584066157926E-04,-5.53059747876E-04));
#3185 = CARTESIAN_POINT('',(-1.512824681639E-04,-5.53059747876E-04));
#3186 = ( GEOMETRIC_REPRESENTATION_CONTEXT(2) 
PARAMETRIC_REPRESENTATION_CONTEXT() REPRESENTATION_CONTEXT('2D SPACE',''
  ) );
#3187 = ORIENTED_EDGE('',*,*,#2968,.F.);
#3188 = ADVANCED_FACE('',(#3189),#3152,.T.);
#3189 = FACE_BOUND('',#3190,.T.);
#3190 = EDGE_LOOP('',(#3191,#3218,#3243));
#3191 = ORIENTED_EDGE('',*,*,#3192,.T.);
#3192 = EDGE_CURVE('',#1062,#3193,#3195,.T.);
#3193 = VERTEX_POINT('',#3194);
#3194 = CARTESIAN_POINT('',(-1.000000163913E-02,-7.400001399219E-03,
    2.500000176951E-03));
#3195 = SURFACE_CURVE('',#3196,(#3200,#3207),.PCURVE_S1.);
#3196 = LINE('',#3197,#3198);
#3197 = CARTESIAN_POINT('',(-1.535000093281E-02,1.525000110269E-02,
    2.500000176951E-03));
#3198 = VECTOR('',#3199,1.);
#3199 = DIRECTION('',(0.229877419367,-0.973219590876,0.));
#3200 = PCURVE('',#3152,#3201);
#3201 = DEFINITIONAL_REPRESENTATION('',(#3202),#3206);
#3202 = LINE('',#3203,#3204);
#3203 = CARTESIAN_POINT('',(-2.832503639399E-03,1.145989510697E-02));
#3204 = VECTOR('',#3205,1.);
#3205 = DIRECTION('',(0.229877419367,-0.973219590876));
#3206 = ( GEOMETRIC_REPRESENTATION_CONTEXT(2) 
PARAMETRIC_REPRESENTATION_CONTEXT() REPRESENTATION_CONTEXT('2D SPACE',''
  ) );
#3207 = PCURVE('',#3208,#3213);
#3208 = PLANE('',#3209);
#3209 = AXIS2_PLACEMENT_3D('',#3210,#3211,#3212);
#3210 = CARTESIAN_POINT('',(-1.277400411816E-02,3.789561587501E-03,
    2.500000176951E-03));
#3211 = DIRECTION('',(5.361474720294E-29,1.204833023771E-29,1.));
#3212 = DIRECTION('',(1.,0.,-5.361474720294E-29));
#3213 = DEFINITIONAL_REPRESENTATION('',(#3214),#3217);
#3214 = B_SPLINE_CURVE_WITH_KNOTS('',1,(#3215,#3216),.UNSPECIFIED.,.F.,
  .F.,(2,2),(0.,2.32732701995E-02),.PIECEWISE_BEZIER_KNOTS.);
#3215 = CARTESIAN_POINT('',(-2.575996814653E-03,1.146043951518E-02));
#3216 = CARTESIAN_POINT('',(2.774002479032E-03,-1.118956298672E-02));
#3217 = ( GEOMETRIC_REPRESENTATION_CONTEXT(2) 
PARAMETRIC_REPRESENTATION_CONTEXT() REPRESENTATION_CONTEXT('2D SPACE',''
  ) );
#3218 = ORIENTED_EDGE('',*,*,#3219,.T.);
#3219 = EDGE_CURVE('',#3193,#3137,#3220,.T.);
#3220 = SURFACE_CURVE('',#3221,(#3225,#3232),.PCURVE_S1.);
#3221 = LINE('',#3222,#3223);
#3222 = CARTESIAN_POINT('',(-1.000000163913E-02,-7.400001399219E-03,
    2.500000176951E-03));
#3223 = VECTOR('',#3224,1.);
#3224 = DIRECTION('',(0.995184772913,-9.801667083811E-02,0.));
#3225 = PCURVE('',#3152,#3226);
#3226 = DEFINITIONAL_REPRESENTATION('',(#3227),#3231);
#3227 = LINE('',#3228,#3229);
#3228 = CARTESIAN_POINT('',(2.517495654286E-03,-1.119010739493E-02));
#3229 = VECTOR('',#3230,1.);
#3230 = DIRECTION('',(0.995184772913,-9.801667083811E-02));
#3231 = ( GEOMETRIC_REPRESENTATION_CONTEXT(2) 
PARAMETRIC_REPRESENTATION_CONTEXT() REPRESENTATION_CONTEXT('2D SPACE',''
  ) );
#3232 = PCURVE('',#3233,#3238);
#3233 = PLANE('',#3234);
#3234 = AXIS2_PLACEMENT_3D('',#3235,#3236,#3237);
#3235 = CARTESIAN_POINT('',(-9.643320977388E-03,-7.435131208243E-03,
    1.946940393876E-03));
#3236 = DIRECTION('',(-9.801667083811E-02,-0.995184772913,
    4.950929539697E-18));
#3237 = DIRECTION('',(-0.995184772913,9.801667083811E-02,0.));
#3238 = DEFINITIONAL_REPRESENTATION('',(#3239),#3242);
#3239 = B_SPLINE_CURVE_WITH_KNOTS('',1,(#3240,#3241),.UNSPECIFIED.,.F.,
  .F.,(2,2),(0.,5.096888633367E-04),.PIECEWISE_BEZIER_KNOTS.);
#3240 = CARTESIAN_POINT('',(3.584064702838E-04,-5.530597830749E-04));
#3241 = CARTESIAN_POINT('',(-1.512823930529E-04,-5.530597830749E-04));
#3242 = ( GEOMETRIC_REPRESENTATION_CONTEXT(2) 
PARAMETRIC_REPRESENTATION_CONTEXT() REPRESENTATION_CONTEXT('2D SPACE',''
  ) );
#3243 = ORIENTED_EDGE('',*,*,#3136,.F.);
#3244 = ADVANCED_FACE('',(#3245),#3096,.T.);
#3245 = FACE_BOUND('',#3246,.T.);
#3246 = EDGE_LOOP('',(#3247,#3274,#3275));
#3247 = ORIENTED_EDGE('',*,*,#3248,.T.);
#3248 = EDGE_CURVE('',#3249,#1062,#3251,.T.);
#3249 = VERTEX_POINT('',#3250);
#3250 = CARTESIAN_POINT('',(-1.09949791804E-02,-7.597914431244E-03,
    2.500000176951E-03));
#3251 = SURFACE_CURVE('',#3252,(#3256,#3263),.PCURVE_S1.);
#3252 = LINE('',#3253,#3254);
#3253 = CARTESIAN_POINT('',(-1.09949791804E-02,-7.597914431244E-03,
    2.500000176951E-03));
#3254 = VECTOR('',#3255,1.);
#3255 = DIRECTION('',(-0.187238141432,0.982314551655,0.));
#3256 = PCURVE('',#3096,#3257);
#3257 = DEFINITIONAL_REPRESENTATION('',(#3258),#3262);
#3258 = LINE('',#3259,#3260);
#3259 = CARTESIAN_POINT('',(2.267953596885E-03,-1.12396422599E-02));
#3260 = VECTOR('',#3261,1.);
#3261 = DIRECTION('',(-0.187238141432,0.982314551655));
#3262 = ( GEOMETRIC_REPRESENTATION_CONTEXT(2) 
PARAMETRIC_REPRESENTATION_CONTEXT() REPRESENTATION_CONTEXT('2D SPACE',''
  ) );
#3263 = PCURVE('',#3264,#3269);
#3264 = PLANE('',#3265);
#3265 = AXIS2_PLACEMENT_3D('',#3266,#3267,#3268);
#3266 = CARTESIAN_POINT('',(-1.302573340233E-02,3.739455270869E-03,
    2.500000176951E-03));
#3267 = DIRECTION('',(5.678609485373E-30,1.143985268977E-30,1.));
#3268 = DIRECTION('',(1.,0.,-5.678609485373E-30));
#3269 = DEFINITIONAL_REPRESENTATION('',(#3270),#3273);
#3270 = B_SPLINE_CURVE_WITH_KNOTS('',1,(#3271,#3272),.UNSPECIFIED.,.F.,
  .F.,(2,2),(0.,2.325926608278E-02),.PIECEWISE_BEZIER_KNOTS.);
#3271 = CARTESIAN_POINT('',(2.030754221931E-03,-1.133736970211E-02));
#3272 = CARTESIAN_POINT('',(-2.324267530486E-03,1.151054583182E-02));
#3273 = ( GEOMETRIC_REPRESENTATION_CONTEXT(2) 
PARAMETRIC_REPRESENTATION_CONTEXT() REPRESENTATION_CONTEXT('2D SPACE',''
  ) );
#3274 = ORIENTED_EDGE('',*,*,#3080,.F.);
#3275 = ORIENTED_EDGE('',*,*,#3276,.T.);
#3276 = EDGE_CURVE('',#3081,#3249,#3277,.T.);
#3277 = SURFACE_CURVE('',#3278,(#3282,#3289),.PCURVE_S1.);
#3278 = LINE('',#3279,#3280);
#3279 = CARTESIAN_POINT('',(-1.1444484815E-02,-7.838180288672E-03,
    2.500000176951E-03));
#3280 = VECTOR('',#3281,1.);
#3281 = DIRECTION('',(0.881921190891,0.471396874256,0.));
#3282 = PCURVE('',#3096,#3283);
#3283 = DEFINITIONAL_REPRESENTATION('',(#3284),#3288);
#3284 = LINE('',#3285,#3286);
#3285 = CARTESIAN_POINT('',(1.818447962279E-03,-1.147990811733E-02));
#3286 = VECTOR('',#3287,1.);
#3287 = DIRECTION('',(0.881921190891,0.471396874256));
#3288 = ( GEOMETRIC_REPRESENTATION_CONTEXT(2) 
PARAMETRIC_REPRESENTATION_CONTEXT() REPRESENTATION_CONTEXT('2D SPACE',''
  ) );
#3289 = PCURVE('',#3290,#3295);
#3290 = PLANE('',#3291);
#3291 = AXIS2_PLACEMENT_3D('',#3292,#3293,#3294);
#3292 = CARTESIAN_POINT('',(-1.112839840533E-02,-7.669228519453E-03,
    1.946940434629E-03));
#3293 = DIRECTION('',(0.471396874256,-0.881921190891,-1.980371752645E-17
    ));
#3294 = DIRECTION('',(-0.881921190891,-0.471396874256,0.));
#3295 = DEFINITIONAL_REPRESENTATION('',(#3296),#3299);
#3296 = B_SPLINE_CURVE_WITH_KNOTS('',1,(#3297,#3298),.UNSPECIFIED.,.F.,
  .F.,(2,2),(0.,5.096891187657E-04),.PIECEWISE_BEZIER_KNOTS.);
#3297 = CARTESIAN_POINT('',(3.584066387508E-04,-5.530597423224E-04));
#3298 = CARTESIAN_POINT('',(-1.512824800149E-04,-5.530597423224E-04));
#3299 = ( GEOMETRIC_REPRESENTATION_CONTEXT(2) 
PARAMETRIC_REPRESENTATION_CONTEXT() REPRESENTATION_CONTEXT('2D SPACE',''
  ) );
#3300 = ADVANCED_FACE('',(#3301),#3208,.T.);
#3301 = FACE_BOUND('',#3302,.T.);
#3302 = EDGE_LOOP('',(#3303,#3325,#3350));
#3303 = ORIENTED_EDGE('',*,*,#3304,.T.);
#3304 = EDGE_CURVE('',#1062,#3305,#3307,.T.);
#3305 = VERTEX_POINT('',#3306);
#3306 = CARTESIAN_POINT('',(-1.050723716617E-02,-7.449959404767E-03,
    2.500000176951E-03));
#3307 = SURFACE_CURVE('',#3308,(#3312,#3319),.PCURVE_S1.);
#3308 = LINE('',#3309,#3310);
#3309 = CARTESIAN_POINT('',(-1.535000093281E-02,1.525000110269E-02,
    2.500000176951E-03));
#3310 = VECTOR('',#3311,1.);
#3311 = DIRECTION('',(0.208642820245,-0.97799190874,0.));
#3312 = PCURVE('',#3208,#3313);
#3313 = DEFINITIONAL_REPRESENTATION('',(#3314),#3318);
#3314 = LINE('',#3315,#3316);
#3315 = CARTESIAN_POINT('',(-2.575996814653E-03,1.146043951518E-02));
#3316 = VECTOR('',#3317,1.);
#3317 = DIRECTION('',(0.208642820245,-0.97799190874));
#3318 = ( GEOMETRIC_REPRESENTATION_CONTEXT(2) 
PARAMETRIC_REPRESENTATION_CONTEXT() REPRESENTATION_CONTEXT('2D SPACE',''
  ) );
#3319 = PCURVE('',#3264,#3320);
#3320 = DEFINITIONAL_REPRESENTATION('',(#3321),#3324);
#3321 = B_SPLINE_CURVE_WITH_KNOTS('',1,(#3322,#3323),.UNSPECIFIED.,.F.,
  .F.,(2,2),(0.,2.321078559505E-02),.PIECEWISE_BEZIER_KNOTS.);
#3322 = CARTESIAN_POINT('',(-2.324267530486E-03,1.151054583182E-02));
#3323 = CARTESIAN_POINT('',(2.518496236161E-03,-1.118941467564E-02));
#3324 = ( GEOMETRIC_REPRESENTATION_CONTEXT(2) 
PARAMETRIC_REPRESENTATION_CONTEXT() REPRESENTATION_CONTEXT('2D SPACE',''
  ) );
#3325 = ORIENTED_EDGE('',*,*,#3326,.T.);
#3326 = EDGE_CURVE('',#3305,#3193,#3327,.T.);
#3327 = SURFACE_CURVE('',#3328,(#3332,#3339),.PCURVE_S1.);
#3328 = LINE('',#3329,#3330);
#3329 = CARTESIAN_POINT('',(-1.050723716617E-02,-7.449959404767E-03,
    2.500000176951E-03));
#3330 = VECTOR('',#3331,1.);
#3331 = DIRECTION('',(0.995184790468,9.801649260111E-02,0.));
#3332 = PCURVE('',#3208,#3333);
#3333 = DEFINITIONAL_REPRESENTATION('',(#3334),#3338);
#3334 = LINE('',#3335,#3336);
#3335 = CARTESIAN_POINT('',(2.266766951994E-03,-1.123952099227E-02));
#3336 = VECTOR('',#3337,1.);
#3337 = DIRECTION('',(0.995184790468,9.801649260111E-02));
#3338 = ( GEOMETRIC_REPRESENTATION_CONTEXT(2) 
PARAMETRIC_REPRESENTATION_CONTEXT() REPRESENTATION_CONTEXT('2D SPACE',''
  ) );
#3339 = PCURVE('',#3340,#3345);
#3340 = PLANE('',#3341);
#3341 = AXIS2_PLACEMENT_3D('',#3342,#3343,#3344);
#3342 = CARTESIAN_POINT('',(-1.015055588979E-02,-7.414829599707E-03,
    1.946940541749E-03));
#3343 = DIRECTION('',(9.801649260111E-02,-0.995184790468,
    4.950928966082E-18));
#3344 = DIRECTION('',(-0.995184790468,-9.801649260111E-02,0.));
#3345 = DEFINITIONAL_REPRESENTATION('',(#3346),#3349);
#3346 = B_SPLINE_CURVE_WITH_KNOTS('',1,(#3347,#3348),.UNSPECIFIED.,.F.,
  .F.,(2,2),(0.,5.096897901748E-04),.PIECEWISE_BEZIER_KNOTS.);
#3347 = CARTESIAN_POINT('',(3.584070815754E-04,-5.530596352023E-04));
#3348 = CARTESIAN_POINT('',(-1.512827085994E-04,-5.530596352023E-04));
#3349 = ( GEOMETRIC_REPRESENTATION_CONTEXT(2) 
PARAMETRIC_REPRESENTATION_CONTEXT() REPRESENTATION_CONTEXT('2D SPACE',''
  ) );
#3350 = ORIENTED_EDGE('',*,*,#3192,.F.);
#3351 = ADVANCED_FACE('',(#3352),#3264,.T.);
#3352 = FACE_BOUND('',#3353,.T.);
#3353 = EDGE_LOOP('',(#3354,#3355,#3356));
#3354 = ORIENTED_EDGE('',*,*,#3304,.F.);
#3355 = ORIENTED_EDGE('',*,*,#3248,.F.);
#3356 = ORIENTED_EDGE('',*,*,#3357,.T.);
#3357 = EDGE_CURVE('',#3249,#3305,#3358,.T.);
#3358 = SURFACE_CURVE('',#3359,(#3363,#3370),.PCURVE_S1.);
#3359 = LINE('',#3360,#3361);
#3360 = CARTESIAN_POINT('',(-1.09949791804E-02,-7.597914431244E-03,
    2.500000176951E-03));
#3361 = VECTOR('',#3362,1.);
#3362 = DIRECTION('',(0.956940279048,0.290284864116,0.));
#3363 = PCURVE('',#3264,#3364);
#3364 = DEFINITIONAL_REPRESENTATION('',(#3365),#3369);
#3365 = LINE('',#3366,#3367);
#3366 = CARTESIAN_POINT('',(2.030754221931E-03,-1.133736970211E-02));
#3367 = VECTOR('',#3368,1.);
#3368 = DIRECTION('',(0.956940279048,0.290284864116));
#3369 = ( GEOMETRIC_REPRESENTATION_CONTEXT(2) 
PARAMETRIC_REPRESENTATION_CONTEXT() REPRESENTATION_CONTEXT('2D SPACE',''
  ) );
#3370 = PCURVE('',#3371,#3376);
#3371 = PLANE('',#3372);
#3372 = AXIS2_PLACEMENT_3D('',#3373,#3374,#3375);
#3373 = CARTESIAN_POINT('',(-1.065200545347E-02,-7.493874415481E-03,
    1.946940429075E-03));
#3374 = DIRECTION('',(0.290284864116,-0.956940279048,-0.));
#3375 = DIRECTION('',(-0.956940279048,-0.290284864116,0.));
#3376 = DEFINITIONAL_REPRESENTATION('',(#3377),#3380);
#3377 = B_SPLINE_CURVE_WITH_KNOTS('',1,(#3378,#3379),.UNSPECIFIED.,.F.,
  .F.,(2,2),(0.,5.096890839565E-04),.PIECEWISE_BEZIER_KNOTS.);
#3378 = CARTESIAN_POINT('',(3.584066157926E-04,-5.53059747876E-04));
#3379 = CARTESIAN_POINT('',(-1.512824681639E-04,-5.53059747876E-04));
#3380 = ( GEOMETRIC_REPRESENTATION_CONTEXT(2) 
PARAMETRIC_REPRESENTATION_CONTEXT() REPRESENTATION_CONTEXT('2D SPACE',''
  ) );
#3381 = ADVANCED_FACE('',(#3382),#1538,.T.);
#3382 = FACE_BOUND('',#3383,.T.);
#3383 = EDGE_LOOP('',(#3384,#3385,#3405));
#3384 = ORIENTED_EDGE('',*,*,#1522,.F.);
#3385 = ORIENTED_EDGE('',*,*,#3386,.F.);
#3386 = EDGE_CURVE('',#279,#1523,#3387,.T.);
#3387 = SURFACE_CURVE('',#3388,(#3392,#3398),.PCURVE_S1.);
#3388 = LINE('',#3389,#3390);
#3389 = CARTESIAN_POINT('',(-1.341946516186E-02,-1.333204098046E-02,
    1.186756533571E-03));
#3390 = VECTOR('',#3391,1.);
#3391 = DIRECTION('',(0.,0.990576058839,-0.136963760371));
#3392 = PCURVE('',#1538,#3393);
#3393 = DEFINITIONAL_REPRESENTATION('',(#3394),#3397);
#3394 = B_SPLINE_CURVE_WITH_KNOTS('',1,(#3395,#3396),.UNSPECIFIED.,.F.,
  .F.,(2,2),(0.,2.691775328405E-02),.PIECEWISE_BEZIER_KNOTS.);
#3395 = CARTESIAN_POINT('',(2.701649702108E-03,1.247376963361E-02));
#3396 = CARTESIAN_POINT('',(-9.851070084142E-04,-1.419031232731E-02));
#3397 = ( GEOMETRIC_REPRESENTATION_CONTEXT(2) 
PARAMETRIC_REPRESENTATION_CONTEXT() REPRESENTATION_CONTEXT('2D SPACE',''
  ) );
#3398 = PCURVE('',#632,#3399);
#3399 = DEFINITIONAL_REPRESENTATION('',(#3400),#3404);
#3400 = LINE('',#3401,#3402);
#3401 = CARTESIAN_POINT('',(9.851070084142E-04,1.419031232731E-02));
#3402 = VECTOR('',#3403,1.);
#3403 = DIRECTION('',(-0.136963760371,-0.990576058839));
#3404 = ( GEOMETRIC_REPRESENTATION_CONTEXT(2) 
PARAMETRIC_REPRESENTATION_CONTEXT() REPRESENTATION_CONTEXT('2D SPACE',''
  ) );
#3405 = ORIENTED_EDGE('',*,*,#3406,.T.);
#3406 = EDGE_CURVE('',#279,#1472,#3407,.T.);
#3407 = SURFACE_CURVE('',#3408,(#3412,#3419),.PCURVE_S1.);
#3408 = LINE('',#3409,#3410);
#3409 = CARTESIAN_POINT('',(-1.341946516186E-02,-1.333204098046E-02,
    1.186756533571E-03));
#3410 = VECTOR('',#3411,1.);
#3411 = DIRECTION('',(0.,0.,-1.));
#3412 = PCURVE('',#1538,#3413);
#3413 = DEFINITIONAL_REPRESENTATION('',(#3414),#3418);
#3414 = LINE('',#3415,#3416);
#3415 = CARTESIAN_POINT('',(2.701649702108E-03,1.247376963361E-02));
#3416 = VECTOR('',#3417,1.);
#3417 = DIRECTION('',(-1.,-1.901002950765E-61));
#3418 = ( GEOMETRIC_REPRESENTATION_CONTEXT(2) 
PARAMETRIC_REPRESENTATION_CONTEXT() REPRESENTATION_CONTEXT('2D SPACE',''
  ) );
#3419 = PCURVE('',#3420,#3425);
#3420 = PLANE('',#3421);
#3421 = AXIS2_PLACEMENT_3D('',#3422,#3423,#3424);
#3422 = CARTESIAN_POINT('',(-8.586806408331E-04,-1.333204098046E-02,
    2.020588191428E-04));
#3423 = DIRECTION('',(9.179949541934E-33,1.,-7.591069144227E-32));
#3424 = DIRECTION('',(0.,7.591069144227E-32,1.));
#3425 = DEFINITIONAL_REPRESENTATION('',(#3426),#3429);
#3426 = B_SPLINE_CURVE_WITH_KNOTS('',1,(#3427,#3428),.UNSPECIFIED.,.F.,
  .F.,(2,2),(0.,3.686756710522E-03),.PIECEWISE_BEZIER_KNOTS.);
#3427 = CARTESIAN_POINT('',(9.846977144278E-04,-1.256078452103E-02));
#3428 = CARTESIAN_POINT('',(-2.702058996094E-03,-1.256078452103E-02));
#3429 = ( GEOMETRIC_REPRESENTATION_CONTEXT(2) 
PARAMETRIC_REPRESENTATION_CONTEXT() REPRESENTATION_CONTEXT('2D SPACE',''
  ) );
#3430 = ADVANCED_FACE('',(#3431),#632,.T.);
#3431 = FACE_BOUND('',#3432,.T.);
#3432 = EDGE_LOOP('',(#3433,#3434,#3454));
#3433 = ORIENTED_EDGE('',*,*,#3386,.T.);
#3434 = ORIENTED_EDGE('',*,*,#3435,.T.);
#3435 = EDGE_CURVE('',#1523,#592,#3436,.T.);
#3436 = SURFACE_CURVE('',#3437,(#3441,#3448),.PCURVE_S1.);
#3437 = LINE('',#3438,#3439);
#3438 = CARTESIAN_POINT('',(-1.341946516186E-02,1.333204098046E-02,
    -2.500000176951E-03));
#3439 = VECTOR('',#3440,1.);
#3440 = DIRECTION('',(0.,0.,1.));
#3441 = PCURVE('',#632,#3442);
#3442 = DEFINITIONAL_REPRESENTATION('',(#3443),#3447);
#3443 = LINE('',#3444,#3445);
#3444 = CARTESIAN_POINT('',(-2.701649702108E-03,-1.247376963361E-02));
#3445 = VECTOR('',#3446,1.);
#3446 = DIRECTION('',(1.,0.));
#3447 = ( GEOMETRIC_REPRESENTATION_CONTEXT(2) 
PARAMETRIC_REPRESENTATION_CONTEXT() REPRESENTATION_CONTEXT('2D SPACE',''
  ) );
#3448 = PCURVE('',#1614,#3449);
#3449 = DEFINITIONAL_REPRESENTATION('',(#3450),#3453);
#3450 = B_SPLINE_CURVE_WITH_KNOTS('',1,(#3451,#3452),.UNSPECIFIED.,.F.,
  .F.,(2,2),(0.,3.686756710522E-03),.PIECEWISE_BEZIER_KNOTS.);
#3451 = CARTESIAN_POINT('',(9.846977144278E-04,-1.256078452103E-02));
#3452 = CARTESIAN_POINT('',(-2.702058996094E-03,-1.256078452103E-02));
#3453 = ( GEOMETRIC_REPRESENTATION_CONTEXT(2) 
PARAMETRIC_REPRESENTATION_CONTEXT() REPRESENTATION_CONTEXT('2D SPACE',''
  ) );
#3454 = ORIENTED_EDGE('',*,*,#619,.T.);
#3455 = ADVANCED_FACE('',(#3456),#1614,.T.);
#3456 = FACE_BOUND('',#3457,.T.);
#3457 = EDGE_LOOP('',(#3458,#3459,#3484));
#3458 = ORIENTED_EDGE('',*,*,#1600,.F.);
#3459 = ORIENTED_EDGE('',*,*,#3460,.F.);
#3460 = EDGE_CURVE('',#592,#1579,#3461,.T.);
#3461 = SURFACE_CURVE('',#3462,(#3466,#3472),.PCURVE_S1.);
#3462 = LINE('',#3463,#3464);
#3463 = CARTESIAN_POINT('',(-1.341946516186E-02,1.333204098046E-02,
    1.186756533571E-03));
#3464 = VECTOR('',#3465,1.);
#3465 = DIRECTION('',(0.990696745128,0.,-0.136088056757));
#3466 = PCURVE('',#1614,#3467);
#3467 = DEFINITIONAL_REPRESENTATION('',(#3468),#3471);
#3468 = B_SPLINE_CURVE_WITH_KNOTS('',1,(#3469,#3470),.UNSPECIFIED.,.F.,
  .F.,(2,2),(0.,2.709096447091E-02),.PIECEWISE_BEZIER_KNOTS.);
#3469 = CARTESIAN_POINT('',(-2.702058996094E-03,-1.256078452103E-02));
#3470 = CARTESIAN_POINT('',(9.846977144278E-04,1.427814580269E-02));
#3471 = ( GEOMETRIC_REPRESENTATION_CONTEXT(2) 
PARAMETRIC_REPRESENTATION_CONTEXT() REPRESENTATION_CONTEXT('2D SPACE',''
  ) );
#3472 = PCURVE('',#3473,#3478);
#3473 = PLANE('',#3474);
#3474 = AXIS2_PLACEMENT_3D('',#3475,#3476,#3477);
#3475 = CARTESIAN_POINT('',(8.586806408331E-04,1.333204098046E-02,
    2.020588191428E-04));
#3476 = DIRECTION('',(-9.179949541934E-33,-1.,-7.591069144227E-32));
#3477 = DIRECTION('',(0.,7.591069144227E-32,-1.));
#3478 = DEFINITIONAL_REPRESENTATION('',(#3479),#3483);
#3479 = LINE('',#3480,#3481);
#3480 = CARTESIAN_POINT('',(-9.846977144278E-04,-1.427814580269E-02));
#3481 = VECTOR('',#3482,1.);
#3482 = DIRECTION('',(0.136088056757,0.990696745128));
#3483 = ( GEOMETRIC_REPRESENTATION_CONTEXT(2) 
PARAMETRIC_REPRESENTATION_CONTEXT() REPRESENTATION_CONTEXT('2D SPACE',''
  ) );
#3484 = ORIENTED_EDGE('',*,*,#3435,.F.);
#3485 = ADVANCED_FACE('',(#3486),#3473,.T.);
#3486 = FACE_BOUND('',#3487,.T.);
#3487 = EDGE_LOOP('',(#3488,#3489,#3509));
#3488 = ORIENTED_EDGE('',*,*,#3460,.T.);
#3489 = ORIENTED_EDGE('',*,*,#3490,.T.);
#3490 = EDGE_CURVE('',#1579,#22,#3491,.T.);
#3491 = SURFACE_CURVE('',#3492,(#3496,#3503),.PCURVE_S1.);
#3492 = LINE('',#3493,#3494);
#3493 = CARTESIAN_POINT('',(1.341946516186E-02,1.333204098046E-02,
    -2.500000176951E-03));
#3494 = VECTOR('',#3495,1.);
#3495 = DIRECTION('',(0.,0.,1.));
#3496 = PCURVE('',#3473,#3497);
#3497 = DEFINITIONAL_REPRESENTATION('',(#3498),#3502);
#3498 = LINE('',#3499,#3500);
#3499 = CARTESIAN_POINT('',(2.702058996094E-03,1.256078452103E-02));
#3500 = VECTOR('',#3501,1.);
#3501 = DIRECTION('',(-1.,-6.968563171334E-64));
#3502 = ( GEOMETRIC_REPRESENTATION_CONTEXT(2) 
PARAMETRIC_REPRESENTATION_CONTEXT() REPRESENTATION_CONTEXT('2D SPACE',''
  ) );
#3503 = PCURVE('',#1775,#3504);
#3504 = DEFINITIONAL_REPRESENTATION('',(#3505),#3508);
#3505 = B_SPLINE_CURVE_WITH_KNOTS('',1,(#3506,#3507),.UNSPECIFIED.,.F.,
  .F.,(2,2),(0.,3.686756710522E-03),.PIECEWISE_BEZIER_KNOTS.);
#3506 = CARTESIAN_POINT('',(9.851070084142E-04,-1.247376963361E-02));
#3507 = CARTESIAN_POINT('',(-2.701649702108E-03,-1.247376963361E-02));
#3508 = ( GEOMETRIC_REPRESENTATION_CONTEXT(2) 
PARAMETRIC_REPRESENTATION_CONTEXT() REPRESENTATION_CONTEXT('2D SPACE',''
  ) );
#3509 = ORIENTED_EDGE('',*,*,#3510,.T.);
#3510 = EDGE_CURVE('',#22,#592,#3511,.T.);
#3511 = SURFACE_CURVE('',#3512,(#3516,#3523),.PCURVE_S1.);
#3512 = LINE('',#3513,#3514);
#3513 = CARTESIAN_POINT('',(1.341946516186E-02,1.333204098046E-02,
    1.186756533571E-03));
#3514 = VECTOR('',#3515,1.);
#3515 = DIRECTION('',(-1.,0.,0.));
#3516 = PCURVE('',#3473,#3517);
#3517 = DEFINITIONAL_REPRESENTATION('',(#3518),#3522);
#3518 = LINE('',#3519,#3520);
#3519 = CARTESIAN_POINT('',(-9.846977144278E-04,1.256078452103E-02));
#3520 = VECTOR('',#3521,1.);
#3521 = DIRECTION('',(0.,-1.));
#3522 = ( GEOMETRIC_REPRESENTATION_CONTEXT(2) 
PARAMETRIC_REPRESENTATION_CONTEXT() REPRESENTATION_CONTEXT('2D SPACE',''
  ) );
#3523 = PCURVE('',#3524,#3529);
#3524 = PLANE('',#3525);
#3525 = AXIS2_PLACEMENT_3D('',#3526,#3527,#3528);
#3526 = CARTESIAN_POINT('',(1.437171452673E-04,1.165966645455E-02,
    1.186756533571E-03));
#3527 = DIRECTION('',(-0.,-0.,-1.));
#3528 = DIRECTION('',(-1.,0.,0.));
#3529 = DEFINITIONAL_REPRESENTATION('',(#3530),#3533);
#3530 = B_SPLINE_CURVE_WITH_KNOTS('',1,(#3531,#3532),.UNSPECIFIED.,.F.,
  .F.,(2,2),(0.,2.683893032372E-02),.PIECEWISE_BEZIER_KNOTS.);
#3531 = CARTESIAN_POINT('',(-1.327574801659E-02,1.672374525904E-03));
#3532 = CARTESIAN_POINT('',(1.356318230713E-02,1.672374525904E-03));
#3533 = ( GEOMETRIC_REPRESENTATION_CONTEXT(2) 
PARAMETRIC_REPRESENTATION_CONTEXT() REPRESENTATION_CONTEXT('2D SPACE',''
  ) );
#3534 = ADVANCED_FACE('',(#3535),#1775,.T.);
#3535 = FACE_BOUND('',#3536,.T.);
#3536 = EDGE_LOOP('',(#3537,#3538,#3558));
#3537 = ORIENTED_EDGE('',*,*,#1761,.F.);
#3538 = ORIENTED_EDGE('',*,*,#3539,.F.);
#3539 = EDGE_CURVE('',#22,#1660,#3540,.T.);
#3540 = SURFACE_CURVE('',#3541,(#3545,#3551),.PCURVE_S1.);
#3541 = LINE('',#3542,#3543);
#3542 = CARTESIAN_POINT('',(1.341946516186E-02,1.333204098046E-02,
    1.186756533571E-03));
#3543 = VECTOR('',#3544,1.);
#3544 = DIRECTION('',(0.,-0.990576058839,-0.136963760371));
#3545 = PCURVE('',#1775,#3546);
#3546 = DEFINITIONAL_REPRESENTATION('',(#3547),#3550);
#3547 = B_SPLINE_CURVE_WITH_KNOTS('',1,(#3548,#3549),.UNSPECIFIED.,.F.,
  .F.,(2,2),(0.,2.691775328405E-02),.PIECEWISE_BEZIER_KNOTS.);
#3548 = CARTESIAN_POINT('',(-2.701649702108E-03,-1.247376963361E-02));
#3549 = CARTESIAN_POINT('',(9.851070084142E-04,1.419031232731E-02));
#3550 = ( GEOMETRIC_REPRESENTATION_CONTEXT(2) 
PARAMETRIC_REPRESENTATION_CONTEXT() REPRESENTATION_CONTEXT('2D SPACE',''
  ) );
#3551 = PCURVE('',#263,#3552);
#3552 = DEFINITIONAL_REPRESENTATION('',(#3553),#3557);
#3553 = LINE('',#3554,#3555);
#3554 = CARTESIAN_POINT('',(-9.851070084142E-04,-1.419031232731E-02));
#3555 = VECTOR('',#3556,1.);
#3556 = DIRECTION('',(0.136963760371,0.990576058839));
#3557 = ( GEOMETRIC_REPRESENTATION_CONTEXT(2) 
PARAMETRIC_REPRESENTATION_CONTEXT() REPRESENTATION_CONTEXT('2D SPACE',''
  ) );
#3558 = ORIENTED_EDGE('',*,*,#3490,.F.);
#3559 = ADVANCED_FACE('',(#3560),#263,.T.);
#3560 = FACE_BOUND('',#3561,.T.);
#3561 = EDGE_LOOP('',(#3562,#3563,#3583));
#3562 = ORIENTED_EDGE('',*,*,#3539,.T.);
#3563 = ORIENTED_EDGE('',*,*,#3564,.T.);
#3564 = EDGE_CURVE('',#1660,#223,#3565,.T.);
#3565 = SURFACE_CURVE('',#3566,(#3570,#3577),.PCURVE_S1.);
#3566 = LINE('',#3567,#3568);
#3567 = CARTESIAN_POINT('',(1.341946516186E-02,-1.333204098046E-02,
    -2.500000176951E-03));
#3568 = VECTOR('',#3569,1.);
#3569 = DIRECTION('',(0.,0.,1.));
#3570 = PCURVE('',#263,#3571);
#3571 = DEFINITIONAL_REPRESENTATION('',(#3572),#3576);
#3572 = LINE('',#3573,#3574);
#3573 = CARTESIAN_POINT('',(2.701649702108E-03,1.247376963361E-02));
#3574 = VECTOR('',#3575,1.);
#3575 = DIRECTION('',(-1.,0.));
#3576 = ( GEOMETRIC_REPRESENTATION_CONTEXT(2) 
PARAMETRIC_REPRESENTATION_CONTEXT() REPRESENTATION_CONTEXT('2D SPACE',''
  ) );
#3577 = PCURVE('',#1701,#3578);
#3578 = DEFINITIONAL_REPRESENTATION('',(#3579),#3582);
#3579 = B_SPLINE_CURVE_WITH_KNOTS('',1,(#3580,#3581),.UNSPECIFIED.,.F.,
  .F.,(2,2),(0.,3.686756710522E-03),.PIECEWISE_BEZIER_KNOTS.);
#3580 = CARTESIAN_POINT('',(-9.846977144278E-04,1.256078452103E-02));
#3581 = CARTESIAN_POINT('',(2.702058996094E-03,1.256078452103E-02));
#3582 = ( GEOMETRIC_REPRESENTATION_CONTEXT(2) 
PARAMETRIC_REPRESENTATION_CONTEXT() REPRESENTATION_CONTEXT('2D SPACE',''
  ) );
#3583 = ORIENTED_EDGE('',*,*,#250,.T.);
#3584 = ADVANCED_FACE('',(#3585),#3420,.T.);
#3585 = FACE_BOUND('',#3586,.T.);
#3586 = EDGE_LOOP('',(#3587,#3607,#3608));
#3587 = ORIENTED_EDGE('',*,*,#3588,.T.);
#3588 = EDGE_CURVE('',#223,#1472,#3589,.T.);
#3589 = SURFACE_CURVE('',#3590,(#3594,#3601),.PCURVE_S1.);
#3590 = LINE('',#3591,#3592);
#3591 = CARTESIAN_POINT('',(1.341946516186E-02,-1.333204098046E-02,
    1.186756533571E-03));
#3592 = VECTOR('',#3593,1.);
#3593 = DIRECTION('',(-0.990696745128,0.,-0.136088056757));
#3594 = PCURVE('',#3420,#3595);
#3595 = DEFINITIONAL_REPRESENTATION('',(#3596),#3600);
#3596 = LINE('',#3597,#3598);
#3597 = CARTESIAN_POINT('',(9.846977144278E-04,1.427814580269E-02));
#3598 = VECTOR('',#3599,1.);
#3599 = DIRECTION('',(-0.136088056757,-0.990696745128));
#3600 = ( GEOMETRIC_REPRESENTATION_CONTEXT(2) 
PARAMETRIC_REPRESENTATION_CONTEXT() REPRESENTATION_CONTEXT('2D SPACE',''
  ) );
#3601 = PCURVE('',#1701,#3602);
#3602 = DEFINITIONAL_REPRESENTATION('',(#3603),#3606);
#3603 = B_SPLINE_CURVE_WITH_KNOTS('',1,(#3604,#3605),.UNSPECIFIED.,.F.,
  .F.,(2,2),(0.,2.709096447091E-02),.PIECEWISE_BEZIER_KNOTS.);
#3604 = CARTESIAN_POINT('',(2.702058996094E-03,1.256078452103E-02));
#3605 = CARTESIAN_POINT('',(-9.846977144278E-04,-1.427814580269E-02));
#3606 = ( GEOMETRIC_REPRESENTATION_CONTEXT(2) 
PARAMETRIC_REPRESENTATION_CONTEXT() REPRESENTATION_CONTEXT('2D SPACE',''
  ) );
#3607 = ORIENTED_EDGE('',*,*,#3406,.F.);
#3608 = ORIENTED_EDGE('',*,*,#3609,.T.);
#3609 = EDGE_CURVE('',#279,#223,#3610,.T.);
#3610 = SURFACE_CURVE('',#3611,(#3615,#3622),.PCURVE_S1.);
#3611 = LINE('',#3612,#3613);
#3612 = CARTESIAN_POINT('',(-1.341946516186E-02,-1.333204098046E-02,
    1.186756533571E-03));
#3613 = VECTOR('',#3614,1.);
#3614 = DIRECTION('',(1.,0.,0.));
#3615 = PCURVE('',#3420,#3616);
#3616 = DEFINITIONAL_REPRESENTATION('',(#3617),#3621);
#3617 = LINE('',#3618,#3619);
#3618 = CARTESIAN_POINT('',(9.846977144278E-04,-1.256078452103E-02));
#3619 = VECTOR('',#3620,1.);
#3620 = DIRECTION('',(0.,1.));
#3621 = ( GEOMETRIC_REPRESENTATION_CONTEXT(2) 
PARAMETRIC_REPRESENTATION_CONTEXT() REPRESENTATION_CONTEXT('2D SPACE',''
  ) );
#3622 = PCURVE('',#3623,#3628);
#3623 = PLANE('',#3624);
#3624 = AXIS2_PLACEMENT_3D('',#3625,#3626,#3627);
#3625 = CARTESIAN_POINT('',(-1.59422440929E-05,-1.313621259481E-02,
    1.186756533571E-03));
#3626 = DIRECTION('',(-0.,-0.,-1.));
#3627 = DIRECTION('',(-1.,0.,0.));
#3628 = DEFINITIONAL_REPRESENTATION('',(#3629),#3632);
#3629 = B_SPLINE_CURVE_WITH_KNOTS('',1,(#3630,#3631),.UNSPECIFIED.,.F.,
  .F.,(2,2),(0.,2.683893032372E-02),.PIECEWISE_BEZIER_KNOTS.);
#3630 = CARTESIAN_POINT('',(1.340352291777E-02,-1.958283856436E-04));
#3631 = CARTESIAN_POINT('',(-1.343540740595E-02,-1.958283856436E-04));
#3632 = ( GEOMETRIC_REPRESENTATION_CONTEXT(2) 
PARAMETRIC_REPRESENTATION_CONTEXT() REPRESENTATION_CONTEXT('2D SPACE',''
  ) );
#3633 = ADVANCED_FACE('',(#3634),#1701,.T.);
#3634 = FACE_BOUND('',#3635,.T.);
#3635 = EDGE_LOOP('',(#3636,#3637,#3638));
#3636 = ORIENTED_EDGE('',*,*,#1687,.F.);
#3637 = ORIENTED_EDGE('',*,*,#3588,.F.);
#3638 = ORIENTED_EDGE('',*,*,#3564,.F.);
#3639 = ADVANCED_FACE('',(#3640),#607,.T.);
#3640 = FACE_BOUND('',#3641,.T.);
#3641 = EDGE_LOOP('',(#3642,#3669,#3694));
#3642 = ORIENTED_EDGE('',*,*,#3643,.T.);
#3643 = EDGE_CURVE('',#592,#3644,#3646,.T.);
#3644 = VERTEX_POINT('',#3645);
#3645 = CARTESIAN_POINT('',(-1.240208931267E-02,-9.005025029182E-03,
    1.186756533571E-03));
#3646 = SURFACE_CURVE('',#3647,(#3651,#3658),.PCURVE_S1.);
#3647 = LINE('',#3648,#3649);
#3648 = CARTESIAN_POINT('',(-1.341946516186E-02,1.333204098046E-02,
    1.186756533571E-03));
#3649 = VECTOR('',#3650,1.);
#3650 = DIRECTION('',(4.549936064047E-02,-0.998964367824,0.));
#3651 = PCURVE('',#607,#3652);
#3652 = DEFINITIONAL_REPRESENTATION('',(#3653),#3657);
#3653 = LINE('',#3654,#3655);
#3654 = CARTESIAN_POINT('',(4.76569489769E-04,1.141764271427E-02));
#3655 = VECTOR('',#3656,1.);
#3656 = DIRECTION('',(-4.549936064047E-02,-0.998964367824));
#3657 = ( GEOMETRIC_REPRESENTATION_CONTEXT(2) 
PARAMETRIC_REPRESENTATION_CONTEXT() REPRESENTATION_CONTEXT('2D SPACE',''
  ) );
#3658 = PCURVE('',#3659,#3664);
#3659 = PLANE('',#3660);
#3660 = AXIS2_PLACEMENT_3D('',#3661,#3662,#3663);
#3661 = CARTESIAN_POINT('',(-1.284482465362E-02,2.148985419258E-03,
    1.186756533571E-03));
#3662 = DIRECTION('',(-0.,-0.,-1.));
#3663 = DIRECTION('',(-1.,0.,0.));
#3664 = DEFINITIONAL_REPRESENTATION('',(#3665),#3668);
#3665 = B_SPLINE_CURVE_WITH_KNOTS('',1,(#3666,#3667),.UNSPECIFIED.,.F.,
  .F.,(2,2),(0.,2.236022297602E-02),.PIECEWISE_BEZIER_KNOTS.);
#3666 = CARTESIAN_POINT('',(5.746405082418E-04,1.11830555612E-02));
#3667 = CARTESIAN_POINT('',(-4.427353409456E-04,-1.115401044844E-02));
#3668 = ( GEOMETRIC_REPRESENTATION_CONTEXT(2) 
PARAMETRIC_REPRESENTATION_CONTEXT() REPRESENTATION_CONTEXT('2D SPACE',''
  ) );
#3669 = ORIENTED_EDGE('',*,*,#3670,.T.);
#3670 = EDGE_CURVE('',#3644,#536,#3671,.T.);
#3671 = SURFACE_CURVE('',#3672,(#3676,#3683),.PCURVE_S1.);
#3672 = LINE('',#3673,#3674);
#3673 = CARTESIAN_POINT('',(-1.240208931267E-02,-9.005025029182E-03,
    1.186756533571E-03));
#3674 = VECTOR('',#3675,1.);
#3675 = DIRECTION('',(-0.290284027483,-0.956940532838,0.));
#3676 = PCURVE('',#607,#3677);
#3677 = DEFINITIONAL_REPRESENTATION('',(#3678),#3682);
#3678 = LINE('',#3679,#3680);
#3679 = CARTESIAN_POINT('',(-5.408063594183E-04,-1.091942329537E-02));
#3680 = VECTOR('',#3681,1.);
#3681 = DIRECTION('',(0.290284027483,-0.956940532838));
#3682 = ( GEOMETRIC_REPRESENTATION_CONTEXT(2) 
PARAMETRIC_REPRESENTATION_CONTEXT() REPRESENTATION_CONTEXT('2D SPACE',''
  ) );
#3683 = PCURVE('',#3684,#3689);
#3684 = PLANE('',#3685);
#3685 = AXIS2_PLACEMENT_3D('',#3686,#3687,#3688);
#3686 = CARTESIAN_POINT('',(-1.25061290027E-02,-9.347998761757E-03,
    1.739816303013E-03));
#3687 = DIRECTION('',(0.956940532838,-0.290284027483,0.));
#3688 = DIRECTION('',(0.290284027483,0.956940532838,0.));
#3689 = DEFINITIONAL_REPRESENTATION('',(#3690),#3693);
#3690 = B_SPLINE_CURVE_WITH_KNOTS('',1,(#3691,#3692),.UNSPECIFIED.,.F.,
  .F.,(2,2),(0.,5.096889487823E-04),.PIECEWISE_BEZIER_KNOTS.);
#3691 = CARTESIAN_POINT('',(3.584065266391E-04,-5.530597694424E-04));
#3692 = CARTESIAN_POINT('',(-1.512824221432E-04,-5.530597694424E-04));
#3693 = ( GEOMETRIC_REPRESENTATION_CONTEXT(2) 
PARAMETRIC_REPRESENTATION_CONTEXT() REPRESENTATION_CONTEXT('2D SPACE',''
  ) );
#3694 = ORIENTED_EDGE('',*,*,#591,.F.);
#3695 = ADVANCED_FACE('',(#3696),#3659,.T.);
#3696 = FACE_BOUND('',#3697,.T.);
#3697 = EDGE_LOOP('',(#3698,#3725,#3750));
#3698 = ORIENTED_EDGE('',*,*,#3699,.T.);
#3699 = EDGE_CURVE('',#592,#3700,#3702,.T.);
#3700 = VERTEX_POINT('',#3701);
#3701 = CARTESIAN_POINT('',(-1.216182392091E-02,-8.555518463254E-03,
    1.186756533571E-03));
#3702 = SURFACE_CURVE('',#3703,(#3707,#3714),.PCURVE_S1.);
#3703 = LINE('',#3704,#3705);
#3704 = CARTESIAN_POINT('',(-1.341946516186E-02,1.333204098046E-02,
    1.186756533571E-03));
#3705 = VECTOR('',#3706,1.);
#3706 = DIRECTION('',(5.73645628876E-02,-0.998353297648,0.));
#3707 = PCURVE('',#3659,#3708);
#3708 = DEFINITIONAL_REPRESENTATION('',(#3709),#3713);
#3709 = LINE('',#3710,#3711);
#3710 = CARTESIAN_POINT('',(5.746405082418E-04,1.11830555612E-02));
#3711 = VECTOR('',#3712,1.);
#3712 = DIRECTION('',(-5.73645628876E-02,-0.998353297648));
#3713 = ( GEOMETRIC_REPRESENTATION_CONTEXT(2) 
PARAMETRIC_REPRESENTATION_CONTEXT() REPRESENTATION_CONTEXT('2D SPACE',''
  ) );
#3714 = PCURVE('',#3715,#3720);
#3715 = PLANE('',#3716);
#3716 = AXIS2_PLACEMENT_3D('',#3717,#3718,#3719);
#3717 = CARTESIAN_POINT('',(-1.270226888957E-02,2.360253867412E-03,
    1.186756533571E-03));
#3718 = DIRECTION('',(-0.,-0.,-1.));
#3719 = DIRECTION('',(-1.,0.,0.));
#3720 = DEFINITIONAL_REPRESENTATION('',(#3721),#3724);
#3721 = B_SPLINE_CURVE_WITH_KNOTS('',1,(#3722,#3723),.UNSPECIFIED.,.F.,
  .F.,(2,2),(0.,2.192366118815E-02),.PIECEWISE_BEZIER_KNOTS.);
#3722 = CARTESIAN_POINT('',(7.17196272289E-04,1.097178711305E-02));
#3723 = CARTESIAN_POINT('',(-5.404449686654E-04,-1.091577233067E-02));
#3724 = ( GEOMETRIC_REPRESENTATION_CONTEXT(2) 
PARAMETRIC_REPRESENTATION_CONTEXT() REPRESENTATION_CONTEXT('2D SPACE',''
  ) );
#3725 = ORIENTED_EDGE('',*,*,#3726,.T.);
#3726 = EDGE_CURVE('',#3700,#3644,#3727,.T.);
#3727 = SURFACE_CURVE('',#3728,(#3732,#3739),.PCURVE_S1.);
#3728 = LINE('',#3729,#3730);
#3729 = CARTESIAN_POINT('',(-1.216182392091E-02,-8.555518463254E-03,
    1.186756533571E-03));
#3730 = VECTOR('',#3731,1.);
#3731 = DIRECTION('',(-0.471395404012,-0.881921976751,0.));
#3732 = PCURVE('',#3659,#3733);
#3733 = DEFINITIONAL_REPRESENTATION('',(#3734),#3738);
#3734 = LINE('',#3735,#3736);
#3735 = CARTESIAN_POINT('',(-6.830007327126E-04,-1.070450388251E-02));
#3736 = VECTOR('',#3737,1.);
#3737 = DIRECTION('',(0.471395404012,-0.881921976751));
#3738 = ( GEOMETRIC_REPRESENTATION_CONTEXT(2) 
PARAMETRIC_REPRESENTATION_CONTEXT() REPRESENTATION_CONTEXT('2D SPACE',''
  ) );
#3739 = PCURVE('',#3740,#3745);
#3740 = PLANE('',#3741);
#3741 = AXIS2_PLACEMENT_3D('',#3742,#3743,#3744);
#3742 = CARTESIAN_POINT('',(-1.23307753503E-02,-8.871605504654E-03,
    1.739816179872E-03));
#3743 = DIRECTION('',(0.881921976751,-0.471395404012,-3.960743207309E-17
    ));
#3744 = DIRECTION('',(0.471395404012,0.881921976751,0.));
#3745 = DEFINITIONAL_REPRESENTATION('',(#3746),#3749);
#3746 = B_SPLINE_CURVE_WITH_KNOTS('',1,(#3747,#3748),.UNSPECIFIED.,.F.,
  .F.,(2,2),(0.,5.096897206083E-04),.PIECEWISE_BEZIER_KNOTS.);
#3747 = CARTESIAN_POINT('',(3.584070356932E-04,-5.530596463013E-04));
#3748 = CARTESIAN_POINT('',(-1.512826849151E-04,-5.530596463013E-04));
#3749 = ( GEOMETRIC_REPRESENTATION_CONTEXT(2) 
PARAMETRIC_REPRESENTATION_CONTEXT() REPRESENTATION_CONTEXT('2D SPACE',''
  ) );
#3750 = ORIENTED_EDGE('',*,*,#3643,.F.);
#3751 = ADVANCED_FACE('',(#3752),#3715,.T.);
#3752 = FACE_BOUND('',#3753,.T.);
#3753 = EDGE_LOOP('',(#3754,#3781,#3806));
#3754 = ORIENTED_EDGE('',*,*,#3755,.T.);
#3755 = EDGE_CURVE('',#592,#3756,#3758,.T.);
#3756 = VERTEX_POINT('',#3757);
#3757 = CARTESIAN_POINT('',(-1.183847989887E-02,-8.161523379385E-03,
    1.186756533571E-03));
#3758 = SURFACE_CURVE('',#3759,(#3763,#3770),.PCURVE_S1.);
#3759 = LINE('',#3760,#3761);
#3760 = CARTESIAN_POINT('',(-1.341946516186E-02,1.333204098046E-02,
    1.186756533571E-03));
#3761 = VECTOR('',#3762,1.);
#3762 = DIRECTION('',(7.335803128951E-02,-0.997305669915,0.));
#3763 = PCURVE('',#3715,#3764);
#3764 = DEFINITIONAL_REPRESENTATION('',(#3765),#3769);
#3765 = LINE('',#3766,#3767);
#3766 = CARTESIAN_POINT('',(7.17196272289E-04,1.097178711305E-02));
#3767 = VECTOR('',#3768,1.);
#3768 = DIRECTION('',(-7.335803128951E-02,-0.997305669915));
#3769 = ( GEOMETRIC_REPRESENTATION_CONTEXT(2) 
PARAMETRIC_REPRESENTATION_CONTEXT() REPRESENTATION_CONTEXT('2D SPACE',''
  ) );
#3770 = PCURVE('',#3771,#3776);
#3771 = PLANE('',#3772);
#3772 = AXIS2_PLACEMENT_3D('',#3773,#3774,#3775);
#3773 = CARTESIAN_POINT('',(-1.120942066043E-02,2.321872035811E-03,
    1.186756533571E-03));
#3774 = DIRECTION('',(9.962387119972E-34,2.047189835179E-33,-1.));
#3775 = DIRECTION('',(0.,-1.,-2.047189835179E-33));
#3776 = DEFINITIONAL_REPRESENTATION('',(#3777),#3780);
#3777 = B_SPLINE_CURVE_WITH_KNOTS('',1,(#3778,#3779),.UNSPECIFIED.,.F.,
  .F.,(2,2),(0.,2.155163156915E-02),.PIECEWISE_BEZIER_KNOTS.);
#3778 = CARTESIAN_POINT('',(-1.101016894465E-02,2.210044501425E-03));
#3779 = CARTESIAN_POINT('',(1.04833954152E-02,6.290592384353E-04));
#3780 = ( GEOMETRIC_REPRESENTATION_CONTEXT(2) 
PARAMETRIC_REPRESENTATION_CONTEXT() REPRESENTATION_CONTEXT('2D SPACE',''
  ) );
#3781 = ORIENTED_EDGE('',*,*,#3782,.T.);
#3782 = EDGE_CURVE('',#3756,#3700,#3783,.T.);
#3783 = SURFACE_CURVE('',#3784,(#3788,#3795),.PCURVE_S1.);
#3784 = LINE('',#3785,#3786);
#3785 = CARTESIAN_POINT('',(-1.183847989887E-02,-8.161523379385E-03,
    1.186756533571E-03));
#3786 = VECTOR('',#3787,1.);
#3787 = DIRECTION('',(-0.634394002843,-0.773009863557,0.));
#3788 = PCURVE('',#3715,#3789);
#3789 = DEFINITIONAL_REPRESENTATION('',(#3790),#3794);
#3790 = LINE('',#3791,#3792);
#3791 = CARTESIAN_POINT('',(-8.63788990701E-04,-1.05217772468E-02));
#3792 = VECTOR('',#3793,1.);
#3793 = DIRECTION('',(0.634394002843,-0.773009863557));
#3794 = ( GEOMETRIC_REPRESENTATION_CONTEXT(2) 
PARAMETRIC_REPRESENTATION_CONTEXT() REPRESENTATION_CONTEXT('2D SPACE',''
  ) );
#3795 = PCURVE('',#3796,#3801);
#3796 = PLANE('',#3797);
#3797 = AXIS2_PLACEMENT_3D('',#3798,#3799,#3800);
#3798 = CARTESIAN_POINT('',(-1.206585112011E-02,-8.438575488829E-03,
    1.739816199999E-03));
#3799 = DIRECTION('',(0.773009863557,-0.634394002843,3.960743269768E-17)
  );
#3800 = DIRECTION('',(0.634394002843,0.773009863557,0.));
#3801 = DEFINITIONAL_REPRESENTATION('',(#3802),#3805);
#3802 = B_SPLINE_CURVE_WITH_KNOTS('',1,(#3803,#3804),.UNSPECIFIED.,.F.,
  .F.,(2,2),(0.,5.096895944579E-04),.PIECEWISE_BEZIER_KNOTS.);
#3803 = CARTESIAN_POINT('',(3.584069524913E-04,-5.53059666428E-04));
#3804 = CARTESIAN_POINT('',(-1.512826419666E-04,-5.53059666428E-04));
#3805 = ( GEOMETRIC_REPRESENTATION_CONTEXT(2) 
PARAMETRIC_REPRESENTATION_CONTEXT() REPRESENTATION_CONTEXT('2D SPACE',''
  ) );
#3806 = ORIENTED_EDGE('',*,*,#3699,.F.);
#3807 = ADVANCED_FACE('',(#3808),#3771,.T.);
#3808 = FACE_BOUND('',#3809,.T.);
#3809 = EDGE_LOOP('',(#3810,#3837,#3838));
#3810 = ORIENTED_EDGE('',*,*,#3811,.T.);
#3811 = EDGE_CURVE('',#3812,#3756,#3814,.T.);
#3812 = VERTEX_POINT('',#3813);
#3813 = CARTESIAN_POINT('',(-6.97529129684E-03,-2.88926041685E-03,
    1.186756533571E-03));
#3814 = SURFACE_CURVE('',#3815,(#3819,#3826),.PCURVE_S1.);
#3815 = LINE('',#3816,#3817);
#3816 = CARTESIAN_POINT('',(-6.97529129684E-03,-2.88926041685E-03,
    1.186756533571E-03));
#3817 = VECTOR('',#3818,1.);
#3818 = DIRECTION('',(-0.678015410473,-0.735047687678,0.));
#3819 = PCURVE('',#3771,#3820);
#3820 = DEFINITIONAL_REPRESENTATION('',(#3821),#3825);
#3821 = LINE('',#3822,#3823);
#3822 = CARTESIAN_POINT('',(5.211132452662E-03,-4.234129363595E-03));
#3823 = VECTOR('',#3824,1.);
#3824 = DIRECTION('',(0.735047687678,0.678015410473));
#3825 = ( GEOMETRIC_REPRESENTATION_CONTEXT(2) 
PARAMETRIC_REPRESENTATION_CONTEXT() REPRESENTATION_CONTEXT('2D SPACE',''
  ) );
#3826 = PCURVE('',#3827,#3832);
#3827 = PLANE('',#3828);
#3828 = AXIS2_PLACEMENT_3D('',#3829,#3830,#3831);
#3829 = CARTESIAN_POINT('',(-9.394713396726E-03,-5.538153681793E-03,
    1.186756533571E-03));
#3830 = DIRECTION('',(-7.001944488731E-29,6.400859126295E-29,-1.));
#3831 = DIRECTION('',(-1.,0.,7.001944488731E-29));
#3832 = DEFINITIONAL_REPRESENTATION('',(#3833),#3836);
#3833 = B_SPLINE_CURVE_WITH_KNOTS('',1,(#3834,#3835),.UNSPECIFIED.,.F.,
  .F.,(2,2),(0.,7.172681515656E-03),.PIECEWISE_BEZIER_KNOTS.);
#3834 = CARTESIAN_POINT('',(-2.419422099886E-03,2.648893264942E-03));
#3835 = CARTESIAN_POINT('',(2.443766502144E-03,-2.623369697593E-03));
#3836 = ( GEOMETRIC_REPRESENTATION_CONTEXT(2) 
PARAMETRIC_REPRESENTATION_CONTEXT() REPRESENTATION_CONTEXT('2D SPACE',''
  ) );
#3837 = ORIENTED_EDGE('',*,*,#3755,.F.);
#3838 = ORIENTED_EDGE('',*,*,#3839,.F.);
#3839 = EDGE_CURVE('',#3812,#592,#3840,.T.);
#3840 = SURFACE_CURVE('',#3841,(#3845,#3851),.PCURVE_S1.);
#3841 = LINE('',#3842,#3843);
#3842 = CARTESIAN_POINT('',(-6.97529129684E-03,-2.88926041685E-03,
    1.186756533571E-03));
#3843 = VECTOR('',#3844,1.);
#3844 = DIRECTION('',(-0.36919937645,0.92935021409,0.));
#3845 = PCURVE('',#3771,#3846);
#3846 = DEFINITIONAL_REPRESENTATION('',(#3847),#3850);
#3847 = B_SPLINE_CURVE_WITH_KNOTS('',1,(#3848,#3849),.UNSPECIFIED.,.F.,
  .F.,(2,2),(0.,1.745445489911E-02),.PIECEWISE_BEZIER_KNOTS.);
#3848 = CARTESIAN_POINT('',(5.211132452662E-03,-4.234129363595E-03));
#3849 = CARTESIAN_POINT('',(-1.101016894465E-02,2.210044501425E-03));
#3850 = ( GEOMETRIC_REPRESENTATION_CONTEXT(2) 
PARAMETRIC_REPRESENTATION_CONTEXT() REPRESENTATION_CONTEXT('2D SPACE',''
  ) );
#3851 = PCURVE('',#3852,#3857);
#3852 = PLANE('',#3853);
#3853 = AXIS2_PLACEMENT_3D('',#3854,#3855,#3856);
#3854 = CARTESIAN_POINT('',(-1.016821804048E-02,5.231712004045E-03,
    1.186756533571E-03));
#3855 = DIRECTION('',(-0.,-0.,-1.));
#3856 = DIRECTION('',(-1.,0.,0.));
#3857 = DEFINITIONAL_REPRESENTATION('',(#3858),#3862);
#3858 = LINE('',#3859,#3860);
#3859 = CARTESIAN_POINT('',(-3.192926743636E-03,-8.120972420895E-03));
#3860 = VECTOR('',#3861,1.);
#3861 = DIRECTION('',(0.36919937645,0.92935021409));
#3862 = ( GEOMETRIC_REPRESENTATION_CONTEXT(2) 
PARAMETRIC_REPRESENTATION_CONTEXT() REPRESENTATION_CONTEXT('2D SPACE',''
  ) );
#3863 = ADVANCED_FACE('',(#3864),#3876,.T.);
#3864 = FACE_BOUND('',#3865,.T.);
#3865 = EDGE_LOOP('',(#3866,#3898,#3925));
#3866 = ORIENTED_EDGE('',*,*,#3867,.T.);
#3867 = EDGE_CURVE('',#3868,#592,#3870,.T.);
#3868 = VERTEX_POINT('',#3869);
#3869 = CARTESIAN_POINT('',(-6.277596578002E-03,4.194555804133E-03,
    1.186756533571E-03));
#3870 = SURFACE_CURVE('',#3871,(#3875,#3887),.PCURVE_S1.);
#3871 = LINE('',#3872,#3873);
#3872 = CARTESIAN_POINT('',(-6.277596578002E-03,4.194555804133E-03,
    1.186756533571E-03));
#3873 = VECTOR('',#3874,1.);
#3874 = DIRECTION('',(-0.615815814971,0.787890145916,0.));
#3875 = PCURVE('',#3876,#3881);
#3876 = PLANE('',#3877);
#3877 = AXIS2_PLACEMENT_3D('',#3878,#3879,#3880);
#3878 = CARTESIAN_POINT('',(-9.385583716534E-03,8.787303600016E-03,
    1.186756533571E-03));
#3879 = DIRECTION('',(-0.,-0.,-1.));
#3880 = DIRECTION('',(-1.,0.,0.));
#3881 = DEFINITIONAL_REPRESENTATION('',(#3882),#3886);
#3882 = LINE('',#3883,#3884);
#3883 = CARTESIAN_POINT('',(-3.107987138532E-03,-4.592747795882E-03));
#3884 = VECTOR('',#3885,1.);
#3885 = DIRECTION('',(0.615815814971,0.787890145916));
#3886 = ( GEOMETRIC_REPRESENTATION_CONTEXT(2) 
PARAMETRIC_REPRESENTATION_CONTEXT() REPRESENTATION_CONTEXT('2D SPACE',''
  ) );
#3887 = PCURVE('',#3888,#3893);
#3888 = PLANE('',#3889);
#3889 = AXIS2_PLACEMENT_3D('',#3890,#3891,#3892);
#3890 = CARTESIAN_POINT('',(-9.829273373195E-03,8.142487468252E-03,
    1.186756533571E-03));
#3891 = DIRECTION('',(1.190159262637E-30,8.302413335007E-31,-1.));
#3892 = DIRECTION('',(-1.,0.,-1.190159262637E-30));
#3893 = DEFINITIONAL_REPRESENTATION('',(#3894),#3897);
#3894 = B_SPLINE_CURVE_WITH_KNOTS('',1,(#3895,#3896),.UNSPECIFIED.,.F.,
  .F.,(2,2),(0.,1.159741015126E-02),.PIECEWISE_BEZIER_KNOTS.);
#3895 = CARTESIAN_POINT('',(-3.551676795193E-03,-3.947931664118E-03));
#3896 = CARTESIAN_POINT('',(3.590191788665E-03,5.189553512207E-03));
#3897 = ( GEOMETRIC_REPRESENTATION_CONTEXT(2) 
PARAMETRIC_REPRESENTATION_CONTEXT() REPRESENTATION_CONTEXT('2D SPACE',''
  ) );
#3898 = ORIENTED_EDGE('',*,*,#3899,.T.);
#3899 = EDGE_CURVE('',#592,#3900,#3902,.T.);
#3900 = VERTEX_POINT('',#3901);
#3901 = CARTESIAN_POINT('',(-5.338656716049E-03,5.338656716049E-03,
    1.186756533571E-03));
#3902 = SURFACE_CURVE('',#3903,(#3907,#3914),.PCURVE_S1.);
#3903 = LINE('',#3904,#3905);
#3904 = CARTESIAN_POINT('',(-1.341946516186E-02,1.333204098046E-02,
    1.186756533571E-03));
#3905 = VECTOR('',#3906,1.);
#3906 = DIRECTION('',(0.710942072565,-0.703250573734,0.));
#3907 = PCURVE('',#3876,#3908);
#3908 = DEFINITIONAL_REPRESENTATION('',(#3909),#3913);
#3909 = LINE('',#3910,#3911);
#3910 = CARTESIAN_POINT('',(4.033881445326E-03,4.544737380443E-03));
#3911 = VECTOR('',#3912,1.);
#3912 = DIRECTION('',(-0.710942072565,-0.703250573734));
#3913 = ( GEOMETRIC_REPRESENTATION_CONTEXT(2) 
PARAMETRIC_REPRESENTATION_CONTEXT() REPRESENTATION_CONTEXT('2D SPACE',''
  ) );
#3914 = PCURVE('',#3915,#3920);
#3915 = PLANE('',#3916);
#3916 = AXIS2_PLACEMENT_3D('',#3917,#3918,#3919);
#3917 = CARTESIAN_POINT('',(-8.828355342916E-03,9.344813519011E-03,
    1.186756533571E-03));
#3918 = DIRECTION('',(-0.,-0.,-1.));
#3919 = DIRECTION('',(-1.,0.,0.));
#3920 = DEFINITIONAL_REPRESENTATION('',(#3921),#3924);
#3921 = B_SPLINE_CURVE_WITH_KNOTS('',1,(#3922,#3923),.UNSPECIFIED.,.F.,
  .F.,(2,2),(0.,1.136633877449E-02),.PIECEWISE_BEZIER_KNOTS.);
#3922 = CARTESIAN_POINT('',(4.591109818944E-03,3.987227461447E-03));
#3923 = CARTESIAN_POINT('',(-3.489698626867E-03,-4.006156802963E-03));
#3924 = ( GEOMETRIC_REPRESENTATION_CONTEXT(2) 
PARAMETRIC_REPRESENTATION_CONTEXT() REPRESENTATION_CONTEXT('2D SPACE',''
  ) );
#3925 = ORIENTED_EDGE('',*,*,#3926,.T.);
#3926 = EDGE_CURVE('',#3900,#3868,#3927,.T.);
#3927 = SURFACE_CURVE('',#3928,(#3932,#3939),.PCURVE_S1.);
#3928 = LINE('',#3929,#3930);
#3929 = CARTESIAN_POINT('',(-5.338656716049E-03,5.338656716049E-03,
    1.186756533571E-03));
#3930 = VECTOR('',#3931,1.);
#3931 = DIRECTION('',(-0.634393489653,-0.773010284722,0.));
#3932 = PCURVE('',#3876,#3933);
#3933 = DEFINITIONAL_REPRESENTATION('',(#3934),#3938);
#3934 = LINE('',#3935,#3936);
#3935 = CARTESIAN_POINT('',(-4.046927000485E-03,-3.448646883967E-03));
#3936 = VECTOR('',#3937,1.);
#3937 = DIRECTION('',(0.634393489653,-0.773010284722));
#3938 = ( GEOMETRIC_REPRESENTATION_CONTEXT(2) 
PARAMETRIC_REPRESENTATION_CONTEXT() REPRESENTATION_CONTEXT('2D SPACE',''
  ) );
#3939 = PCURVE('',#3940,#3945);
#3940 = PLANE('',#3941);
#3941 = AXIS2_PLACEMENT_3D('',#3942,#3943,#3944);
#3942 = CARTESIAN_POINT('',(-5.904762863871E-03,4.648854752995E-03,
    1.445678707451E-03));
#3943 = DIRECTION('',(0.773010284722,-0.634393489653,-2.204315001042E-16
    ));
#3944 = DIRECTION('',(0.634393489653,0.773010284722,1.232595164408E-32)
  );
#3945 = DEFINITIONAL_REPRESENTATION('',(#3946),#3949);
#3946 = B_SPLINE_CURVE_WITH_KNOTS('',1,(#3947,#3948),.UNSPECIFIED.,.F.,
  .F.,(2,2),(0.,1.480059107269E-03),.PIECEWISE_BEZIER_KNOTS.);
#3947 = CARTESIAN_POINT('',(8.923580664928E-04,-2.589221738804E-04));
#3948 = CARTESIAN_POINT('',(-5.877010407763E-04,-2.589221738804E-04));
#3949 = ( GEOMETRIC_REPRESENTATION_CONTEXT(2) 
PARAMETRIC_REPRESENTATION_CONTEXT() REPRESENTATION_CONTEXT('2D SPACE',''
  ) );
#3950 = ADVANCED_FACE('',(#3951),#3888,.T.);
#3951 = FACE_BOUND('',#3952,.T.);
#3952 = EDGE_LOOP('',(#3953,#3980,#3981));
#3953 = ORIENTED_EDGE('',*,*,#3954,.T.);
#3954 = EDGE_CURVE('',#3955,#592,#3957,.T.);
#3955 = VERTEX_POINT('',#3956);
#3956 = CARTESIAN_POINT('',(-6.97529129684E-03,2.88926041685E-03,
    1.186756533571E-03));
#3957 = SURFACE_CURVE('',#3958,(#3962,#3969),.PCURVE_S1.);
#3958 = LINE('',#3959,#3960);
#3959 = CARTESIAN_POINT('',(-6.97529129684E-03,2.88926041685E-03,
    1.186756533571E-03));
#3960 = VECTOR('',#3961,1.);
#3961 = DIRECTION('',(-0.525151951083,0.851008477204,0.));
#3962 = PCURVE('',#3888,#3963);
#3963 = DEFINITIONAL_REPRESENTATION('',(#3964),#3968);
#3964 = LINE('',#3965,#3966);
#3965 = CARTESIAN_POINT('',(-2.853982076355E-03,-5.253227051401E-03));
#3966 = VECTOR('',#3967,1.);
#3967 = DIRECTION('',(0.525151951083,0.851008477204));
#3968 = ( GEOMETRIC_REPRESENTATION_CONTEXT(2) 
PARAMETRIC_REPRESENTATION_CONTEXT() REPRESENTATION_CONTEXT('2D SPACE',''
  ) );
#3969 = PCURVE('',#3970,#3975);
#3970 = PLANE('',#3971);
#3971 = AXIS2_PLACEMENT_3D('',#3972,#3973,#3974);
#3972 = CARTESIAN_POINT('',(-1.013842941538E-02,7.438051226718E-03,
    1.186756533571E-03));
#3973 = DIRECTION('',(-0.,-0.,-1.));
#3974 = DIRECTION('',(-1.,0.,0.));
#3975 = DEFINITIONAL_REPRESENTATION('',(#3976),#3979);
#3976 = B_SPLINE_CURVE_WITH_KNOTS('',1,(#3977,#3978),.UNSPECIFIED.,.F.,
  .F.,(2,2),(0.,1.227106526355E-02),.PIECEWISE_BEZIER_KNOTS.);
#3977 = CARTESIAN_POINT('',(-3.163138118543E-03,-4.548790809868E-03));
#3978 = CARTESIAN_POINT('',(3.281035746478E-03,5.89398975374E-03));
#3979 = ( GEOMETRIC_REPRESENTATION_CONTEXT(2) 
PARAMETRIC_REPRESENTATION_CONTEXT() REPRESENTATION_CONTEXT('2D SPACE',''
  ) );
#3980 = ORIENTED_EDGE('',*,*,#3867,.F.);
#3981 = ORIENTED_EDGE('',*,*,#3982,.T.);
#3982 = EDGE_CURVE('',#3868,#3955,#3983,.T.);
#3983 = SURFACE_CURVE('',#3984,(#3988,#3995),.PCURVE_S1.);
#3984 = LINE('',#3985,#3986);
#3985 = CARTESIAN_POINT('',(-6.277596578002E-03,4.194555804133E-03,
    1.186756533571E-03));
#3986 = VECTOR('',#3987,1.);
#3987 = DIRECTION('',(-0.471396631004,-0.881921320911,0.));
#3988 = PCURVE('',#3888,#3989);
#3989 = DEFINITIONAL_REPRESENTATION('',(#3990),#3994);
#3990 = LINE('',#3991,#3992);
#3991 = CARTESIAN_POINT('',(-3.551676795193E-03,-3.947931664118E-03));
#3992 = VECTOR('',#3993,1.);
#3993 = DIRECTION('',(0.471396631004,-0.881921320911));
#3994 = ( GEOMETRIC_REPRESENTATION_CONTEXT(2) 
PARAMETRIC_REPRESENTATION_CONTEXT() REPRESENTATION_CONTEXT('2D SPACE',''
  ) );
#3995 = PCURVE('',#3996,#4001);
#3996 = PLANE('',#3997);
#3997 = AXIS2_PLACEMENT_3D('',#3998,#3999,#4000);
#3998 = CARTESIAN_POINT('',(-6.698251080214E-03,3.407566356525E-03,
    1.445678718002E-03));
#3999 = DIRECTION('',(0.881921320911,-0.471396631004,1.10215745492E-16)
  );
#4000 = DIRECTION('',(0.471396631004,0.881921320911,-6.162975822039E-33)
  );
#4001 = DEFINITIONAL_REPRESENTATION('',(#4002),#4005);
#4002 = B_SPLINE_CURVE_WITH_KNOTS('',1,(#4003,#4004),.UNSPECIFIED.,.F.,
  .F.,(2,2),(0.,1.480058772062E-03),.PIECEWISE_BEZIER_KNOTS.);
#4003 = CARTESIAN_POINT('',(8.92357888338E-04,-2.589221844314E-04));
#4004 = CARTESIAN_POINT('',(-5.877008837235E-04,-2.589221844314E-04));
#4005 = ( GEOMETRIC_REPRESENTATION_CONTEXT(2) 
PARAMETRIC_REPRESENTATION_CONTEXT() REPRESENTATION_CONTEXT('2D SPACE',''
  ) );
#4006 = ADVANCED_FACE('',(#4007),#3970,.T.);
#4007 = FACE_BOUND('',#4008,.T.);
#4008 = EDGE_LOOP('',(#4009,#4036,#4037));
#4009 = ORIENTED_EDGE('',*,*,#4010,.T.);
#4010 = EDGE_CURVE('',#4011,#592,#4013,.T.);
#4011 = VERTEX_POINT('',#4012);
#4012 = CARTESIAN_POINT('',(-7.404929492623E-03,1.47293205373E-03,
    1.186756533571E-03));
#4013 = SURFACE_CURVE('',#4014,(#4018,#4025),.PCURVE_S1.);
#4014 = LINE('',#4015,#4016);
#4015 = CARTESIAN_POINT('',(-7.404929492623E-03,1.47293205373E-03,
    1.186756533571E-03));
#4016 = VECTOR('',#4017,1.);
#4017 = DIRECTION('',(-0.452319051883,0.891856196538,0.));
#4018 = PCURVE('',#3970,#4019);
#4019 = DEFINITIONAL_REPRESENTATION('',(#4020),#4024);
#4020 = LINE('',#4021,#4022);
#4021 = CARTESIAN_POINT('',(-2.73349992276E-03,-5.965119172988E-03));
#4022 = VECTOR('',#4023,1.);
#4023 = DIRECTION('',(0.452319051883,0.891856196538));
#4024 = ( GEOMETRIC_REPRESENTATION_CONTEXT(2) 
PARAMETRIC_REPRESENTATION_CONTEXT() REPRESENTATION_CONTEXT('2D SPACE',''
  ) );
#4025 = PCURVE('',#4026,#4031);
#4026 = PLANE('',#4027);
#4027 = AXIS2_PLACEMENT_3D('',#4028,#4029,#4030);
#4028 = CARTESIAN_POINT('',(-1.030018291543E-02,6.700670740665E-03,
    1.186756533571E-03));
#4029 = DIRECTION('',(-1.329217674892E-31,-7.029480723234E-32,-1.));
#4030 = DIRECTION('',(-1.,0.,1.329217674892E-31));
#4031 = DEFINITIONAL_REPRESENTATION('',(#4032),#4035);
#4032 = B_SPLINE_CURVE_WITH_KNOTS('',1,(#4033,#4034),.UNSPECIFIED.,.F.,
  .F.,(2,2),(0.,1.329710885315E-02),.PIECEWISE_BEZIER_KNOTS.);
#4033 = CARTESIAN_POINT('',(-2.895253422806E-03,-5.227738686935E-03));
#4034 = CARTESIAN_POINT('',(3.119282246431E-03,6.631370239793E-03));
#4035 = ( GEOMETRIC_REPRESENTATION_CONTEXT(2) 
PARAMETRIC_REPRESENTATION_CONTEXT() REPRESENTATION_CONTEXT('2D SPACE',''
  ) );
#4036 = ORIENTED_EDGE('',*,*,#3954,.F.);
#4037 = ORIENTED_EDGE('',*,*,#4038,.T.);
#4038 = EDGE_CURVE('',#3955,#4011,#4039,.T.);
#4039 = SURFACE_CURVE('',#4040,(#4044,#4051),.PCURVE_S1.);
#4040 = LINE('',#4041,#4042);
#4041 = CARTESIAN_POINT('',(-6.97529129684E-03,2.88926041685E-03,
    1.186756533571E-03));
#4042 = VECTOR('',#4043,1.);
#4043 = DIRECTION('',(-0.290284481698,-0.956940395054,0.));
#4044 = PCURVE('',#3970,#4045);
#4045 = DEFINITIONAL_REPRESENTATION('',(#4046),#4050);
#4046 = LINE('',#4047,#4048);
#4047 = CARTESIAN_POINT('',(-3.163138118543E-03,-4.548790809868E-03));
#4048 = VECTOR('',#4049,1.);
#4049 = DIRECTION('',(0.290284481698,-0.956940395054));
#4050 = ( GEOMETRIC_REPRESENTATION_CONTEXT(2) 
PARAMETRIC_REPRESENTATION_CONTEXT() REPRESENTATION_CONTEXT('2D SPACE',''
  ) );
#4051 = PCURVE('',#4052,#4057);
#4052 = PLANE('',#4053);
#4053 = AXIS2_PLACEMENT_3D('',#4054,#4055,#4056);
#4054 = CARTESIAN_POINT('',(-7.23432899829E-03,2.035326927504E-03,
    1.445678706915E-03));
#4055 = DIRECTION('',(0.956940395054,-0.290284481698,0.));
#4056 = DIRECTION('',(0.290284481698,0.956940395054,0.));
#4057 = DEFINITIONAL_REPRESENTATION('',(#4058),#4061);
#4058 = B_SPLINE_CURVE_WITH_KNOTS('',1,(#4059,#4060),.UNSPECIFIED.,.F.,
  .F.,(2,2),(0.,1.480059124311E-03),.PIECEWISE_BEZIER_KNOTS.);
#4059 = CARTESIAN_POINT('',(8.9235807555E-04,-2.58922173344E-04));
#4060 = CARTESIAN_POINT('',(-5.877010487607E-04,-2.58922173344E-04));
#4061 = ( GEOMETRIC_REPRESENTATION_CONTEXT(2) 
PARAMETRIC_REPRESENTATION_CONTEXT() REPRESENTATION_CONTEXT('2D SPACE',''
  ) );
#4062 = ADVANCED_FACE('',(#4063),#4026,.T.);
#4063 = FACE_BOUND('',#4064,.T.);
#4064 = EDGE_LOOP('',(#4065,#4092,#4093));
#4065 = ORIENTED_EDGE('',*,*,#4066,.T.);
#4066 = EDGE_CURVE('',#4067,#592,#4069,.T.);
#4067 = VERTEX_POINT('',#4068);
#4068 = CARTESIAN_POINT('',(-7.550001144409E-03,0.,1.186756533571E-03));
#4069 = SURFACE_CURVE('',#4070,(#4074,#4081),.PCURVE_S1.);
#4070 = LINE('',#4071,#4072);
#4071 = CARTESIAN_POINT('',(-7.550001144409E-03,0.,1.186756533571E-03));
#4072 = VECTOR('',#4073,1.);
#4073 = DIRECTION('',(-0.40293219709,0.915229831544,0.));
#4074 = PCURVE('',#4026,#4075);
#4075 = DEFINITIONAL_REPRESENTATION('',(#4076),#4080);
#4076 = LINE('',#4077,#4078);
#4077 = CARTESIAN_POINT('',(-2.75018177102E-03,-6.700670740665E-03));
#4078 = VECTOR('',#4079,1.);
#4079 = DIRECTION('',(0.40293219709,0.915229831544));
#4080 = ( GEOMETRIC_REPRESENTATION_CONTEXT(2) 
PARAMETRIC_REPRESENTATION_CONTEXT() REPRESENTATION_CONTEXT('2D SPACE',''
  ) );
#4081 = PCURVE('',#4082,#4087);
#4082 = PLANE('',#4083);
#4083 = AXIS2_PLACEMENT_3D('',#4084,#4085,#4086);
#4084 = CARTESIAN_POINT('',(-1.030956649102E-02,5.956466363132E-03,
    1.186756533571E-03));
#4085 = DIRECTION('',(8.003867503228E-30,3.365069075467E-30,-1.));
#4086 = DIRECTION('',(-1.,0.,-8.003867503228E-30));
#4087 = DEFINITIONAL_REPRESENTATION('',(#4088),#4091);
#4088 = B_SPLINE_CURVE_WITH_KNOTS('',1,(#4089,#4090),.UNSPECIFIED.,.F.,
  .F.,(2,2),(0.,1.456687765298E-02),.PIECEWISE_BEZIER_KNOTS.);
#4089 = CARTESIAN_POINT('',(-2.759565346611E-03,-5.956466363132E-03));
#4090 = CARTESIAN_POINT('',(3.10989867084E-03,7.375574617327E-03));
#4091 = ( GEOMETRIC_REPRESENTATION_CONTEXT(2) 
PARAMETRIC_REPRESENTATION_CONTEXT() REPRESENTATION_CONTEXT('2D SPACE',''
  ) );
#4092 = ORIENTED_EDGE('',*,*,#4010,.F.);
#4093 = ORIENTED_EDGE('',*,*,#4094,.T.);
#4094 = EDGE_CURVE('',#4011,#4067,#4095,.T.);
#4095 = SURFACE_CURVE('',#4096,(#4100,#4107),.PCURVE_S1.);
#4096 = LINE('',#4097,#4098);
#4097 = CARTESIAN_POINT('',(-7.404929492623E-03,1.47293205373E-03,
    1.186756533571E-03));
#4098 = VECTOR('',#4099,1.);
#4099 = DIRECTION('',(-9.801747943515E-02,-0.995184693273,0.));
#4100 = PCURVE('',#4026,#4101);
#4101 = DEFINITIONAL_REPRESENTATION('',(#4102),#4106);
#4102 = LINE('',#4103,#4104);
#4103 = CARTESIAN_POINT('',(-2.895253422806E-03,-5.227738686935E-03));
#4104 = VECTOR('',#4105,1.);
#4105 = DIRECTION('',(9.801747943515E-02,-0.995184693273));
#4106 = ( GEOMETRIC_REPRESENTATION_CONTEXT(2) 
PARAMETRIC_REPRESENTATION_CONTEXT() REPRESENTATION_CONTEXT('2D SPACE',''
  ) );
#4107 = PCURVE('',#4108,#4113);
#4108 = PLANE('',#4109);
#4109 = AXIS2_PLACEMENT_3D('',#4110,#4111,#4112);
#4110 = CARTESIAN_POINT('',(-7.492396175036E-03,5.848710261379E-04,
    1.445678711087E-03));
#4111 = DIRECTION('',(0.995184693273,-9.801747943515E-02,0.));
#4112 = DIRECTION('',(9.801747943515E-02,0.995184693273,0.));
#4113 = DEFINITIONAL_REPRESENTATION('',(#4114),#4117);
#4114 = B_SPLINE_CURVE_WITH_KNOTS('',1,(#4115,#4116),.UNSPECIFIED.,.F.,
  .F.,(2,2),(0.,1.480058991749E-03),.PIECEWISE_BEZIER_KNOTS.);
#4115 = CARTESIAN_POINT('',(8.923580050966E-04,-2.589221775165E-04));
#4116 = CARTESIAN_POINT('',(-5.877009866523E-04,-2.589221775165E-04));
#4117 = ( GEOMETRIC_REPRESENTATION_CONTEXT(2) 
PARAMETRIC_REPRESENTATION_CONTEXT() REPRESENTATION_CONTEXT('2D SPACE',''
  ) );
#4118 = ADVANCED_FACE('',(#4119),#4082,.T.);
#4119 = FACE_BOUND('',#4120,.T.);
#4120 = EDGE_LOOP('',(#4121,#4143,#4144));
#4121 = ORIENTED_EDGE('',*,*,#4122,.T.);
#4122 = EDGE_CURVE('',#4123,#592,#4125,.T.);
#4123 = VERTEX_POINT('',#4124);
#4124 = CARTESIAN_POINT('',(-7.404929492623E-03,-1.47293205373E-03,
    1.186756533571E-03));
#4125 = SURFACE_CURVE('',#4126,(#4130,#4137),.PCURVE_S1.);
#4126 = LINE('',#4127,#4128);
#4127 = CARTESIAN_POINT('',(-7.404929492623E-03,-1.47293205373E-03,
    1.186756533571E-03));
#4128 = VECTOR('',#4129,1.);
#4129 = DIRECTION('',(-0.376377872749,0.926466241644,0.));
#4130 = PCURVE('',#4082,#4131);
#4131 = DEFINITIONAL_REPRESENTATION('',(#4132),#4136);
#4132 = LINE('',#4133,#4134);
#4133 = CARTESIAN_POINT('',(-2.904636998398E-03,-7.429398416862E-03));
#4134 = VECTOR('',#4135,1.);
#4135 = DIRECTION('',(0.376377872749,0.926466241644));
#4136 = ( GEOMETRIC_REPRESENTATION_CONTEXT(2) 
PARAMETRIC_REPRESENTATION_CONTEXT() REPRESENTATION_CONTEXT('2D SPACE',''
  ) );
#4137 = PCURVE('',#3852,#4138);
#4138 = DEFINITIONAL_REPRESENTATION('',(#4139),#4142);
#4139 = B_SPLINE_CURVE_WITH_KNOTS('',1,(#4140,#4141),.UNSPECIFIED.,.F.,
  .F.,(2,2),(0.,1.598004586538E-02),.PIECEWISE_BEZIER_KNOTS.);
#4140 = CARTESIAN_POINT('',(-2.763288547853E-03,-6.704644057775E-03));
#4141 = CARTESIAN_POINT('',(3.251247121384E-03,8.100328976413E-03));
#4142 = ( GEOMETRIC_REPRESENTATION_CONTEXT(2) 
PARAMETRIC_REPRESENTATION_CONTEXT() REPRESENTATION_CONTEXT('2D SPACE',''
  ) );
#4143 = ORIENTED_EDGE('',*,*,#4066,.F.);
#4144 = ORIENTED_EDGE('',*,*,#4145,.T.);
#4145 = EDGE_CURVE('',#4067,#4123,#4146,.T.);
#4146 = SURFACE_CURVE('',#4147,(#4151,#4158),.PCURVE_S1.);
#4147 = LINE('',#4148,#4149);
#4148 = CARTESIAN_POINT('',(-7.550001144409E-03,0.,1.186756533571E-03));
#4149 = VECTOR('',#4150,1.);
#4150 = DIRECTION('',(9.801747943515E-02,-0.995184693273,0.));
#4151 = PCURVE('',#4082,#4152);
#4152 = DEFINITIONAL_REPRESENTATION('',(#4153),#4157);
#4153 = LINE('',#4154,#4155);
#4154 = CARTESIAN_POINT('',(-2.759565346611E-03,-5.956466363132E-03));
#4155 = VECTOR('',#4156,1.);
#4156 = DIRECTION('',(-9.801747943515E-02,-0.995184693273));
#4157 = ( GEOMETRIC_REPRESENTATION_CONTEXT(2) 
PARAMETRIC_REPRESENTATION_CONTEXT() REPRESENTATION_CONTEXT('2D SPACE',''
  ) );
#4158 = PCURVE('',#4159,#4164);
#4159 = PLANE('',#4160);
#4160 = AXIS2_PLACEMENT_3D('',#4161,#4162,#4163);
#4161 = CARTESIAN_POINT('',(-7.462534461996E-03,-8.880610275919E-04,
    1.445678711087E-03));
#4162 = DIRECTION('',(0.995184693273,9.801747943515E-02,
    2.755393712015E-17));
#4163 = DIRECTION('',(-9.801747943515E-02,0.995184693273,0.));
#4164 = DEFINITIONAL_REPRESENTATION('',(#4165),#4168);
#4165 = B_SPLINE_CURVE_WITH_KNOTS('',1,(#4166,#4167),.UNSPECIFIED.,.F.,
  .F.,(2,2),(0.,1.480058991749E-03),.PIECEWISE_BEZIER_KNOTS.);
#4166 = CARTESIAN_POINT('',(8.923580050966E-04,-2.589221775165E-04));
#4167 = CARTESIAN_POINT('',(-5.877009866523E-04,-2.589221775165E-04));
#4168 = ( GEOMETRIC_REPRESENTATION_CONTEXT(2) 
PARAMETRIC_REPRESENTATION_CONTEXT() REPRESENTATION_CONTEXT('2D SPACE',''
  ) );
#4169 = ADVANCED_FACE('',(#4170),#3852,.T.);
#4170 = FACE_BOUND('',#4171,.T.);
#4171 = EDGE_LOOP('',(#4172,#4173,#4174));
#4172 = ORIENTED_EDGE('',*,*,#3839,.T.);
#4173 = ORIENTED_EDGE('',*,*,#4122,.F.);
#4174 = ORIENTED_EDGE('',*,*,#4175,.T.);
#4175 = EDGE_CURVE('',#4123,#3812,#4176,.T.);
#4176 = SURFACE_CURVE('',#4177,(#4181,#4188),.PCURVE_S1.);
#4177 = LINE('',#4178,#4179);
#4178 = CARTESIAN_POINT('',(-7.404929492623E-03,-1.47293205373E-03,
    1.186756533571E-03));
#4179 = VECTOR('',#4180,1.);
#4180 = DIRECTION('',(0.290284481698,-0.956940395054,0.));
#4181 = PCURVE('',#3852,#4182);
#4182 = DEFINITIONAL_REPRESENTATION('',(#4183),#4187);
#4183 = LINE('',#4184,#4185);
#4184 = CARTESIAN_POINT('',(-2.763288547853E-03,-6.704644057775E-03));
#4185 = VECTOR('',#4186,1.);
#4186 = DIRECTION('',(-0.290284481698,-0.956940395054));
#4187 = ( GEOMETRIC_REPRESENTATION_CONTEXT(2) 
PARAMETRIC_REPRESENTATION_CONTEXT() REPRESENTATION_CONTEXT('2D SPACE',''
  ) );
#4188 = PCURVE('',#4189,#4194);
#4189 = PLANE('',#4190);
#4190 = AXIS2_PLACEMENT_3D('',#4191,#4192,#4193);
#4191 = CARTESIAN_POINT('',(-7.145891791173E-03,-2.326865543076E-03,
    1.445678706915E-03));
#4192 = DIRECTION('',(0.956940395054,0.290284481698,0.));
#4193 = DIRECTION('',(-0.290284481698,0.956940395054,0.));
#4194 = DEFINITIONAL_REPRESENTATION('',(#4195),#4198);
#4195 = B_SPLINE_CURVE_WITH_KNOTS('',1,(#4196,#4197),.UNSPECIFIED.,.F.,
  .F.,(2,2),(0.,1.480059124311E-03),.PIECEWISE_BEZIER_KNOTS.);
#4196 = CARTESIAN_POINT('',(8.9235807555E-04,-2.58922173344E-04));
#4197 = CARTESIAN_POINT('',(-5.877010487607E-04,-2.58922173344E-04));
#4198 = ( GEOMETRIC_REPRESENTATION_CONTEXT(2) 
PARAMETRIC_REPRESENTATION_CONTEXT() REPRESENTATION_CONTEXT('2D SPACE',''
  ) );
#4199 = ADVANCED_FACE('',(#4200),#3827,.T.);
#4200 = FACE_BOUND('',#4201,.T.);
#4201 = EDGE_LOOP('',(#4202,#4229,#4254));
#4202 = ORIENTED_EDGE('',*,*,#4203,.T.);
#4203 = EDGE_CURVE('',#3812,#4204,#4206,.T.);
#4204 = VERTEX_POINT('',#4205);
#4205 = CARTESIAN_POINT('',(-1.1444484815E-02,-7.838180288672E-03,
    1.186756533571E-03));
#4206 = SURFACE_CURVE('',#4207,(#4211,#4218),.PCURVE_S1.);
#4207 = LINE('',#4208,#4209);
#4208 = CARTESIAN_POINT('',(-6.97529129684E-03,-2.88926041685E-03,
    1.186756533571E-03));
#4209 = VECTOR('',#4210,1.);
#4210 = DIRECTION('',(-0.670220298639,-0.742162213597,0.));
#4211 = PCURVE('',#3827,#4212);
#4212 = DEFINITIONAL_REPRESENTATION('',(#4213),#4217);
#4213 = LINE('',#4214,#4215);
#4214 = CARTESIAN_POINT('',(-2.419422099886E-03,2.648893264942E-03));
#4215 = VECTOR('',#4216,1.);
#4216 = DIRECTION('',(0.670220298639,-0.742162213597));
#4217 = ( GEOMETRIC_REPRESENTATION_CONTEXT(2) 
PARAMETRIC_REPRESENTATION_CONTEXT() REPRESENTATION_CONTEXT('2D SPACE',''
  ) );
#4218 = PCURVE('',#4219,#4224);
#4219 = PLANE('',#4220);
#4220 = AXIS2_PLACEMENT_3D('',#4221,#4222,#4223);
#4221 = CARTESIAN_POINT('',(-8.793239246787E-03,-5.462534494256E-03,
    1.186756533571E-03));
#4222 = DIRECTION('',(5.436488156397E-32,-2.828197601001E-32,-1.));
#4223 = DIRECTION('',(-1.,0.,-5.436488156397E-32));
#4224 = DEFINITIONAL_REPRESENTATION('',(#4225),#4228);
#4225 = B_SPLINE_CURVE_WITH_KNOTS('',1,(#4226,#4227),.UNSPECIFIED.,.F.,
  .F.,(2,2),(0.,6.668245541407E-03),.PIECEWISE_BEZIER_KNOTS.);
#4226 = CARTESIAN_POINT('',(-1.817947949947E-03,2.573274077406E-03));
#4227 = CARTESIAN_POINT('',(2.651245568214E-03,-2.375645794416E-03));
#4228 = ( GEOMETRIC_REPRESENTATION_CONTEXT(2) 
PARAMETRIC_REPRESENTATION_CONTEXT() REPRESENTATION_CONTEXT('2D SPACE',''
  ) );
#4229 = ORIENTED_EDGE('',*,*,#4230,.T.);
#4230 = EDGE_CURVE('',#4204,#3756,#4231,.T.);
#4231 = SURFACE_CURVE('',#4232,(#4236,#4243),.PCURVE_S1.);
#4232 = LINE('',#4233,#4234);
#4233 = CARTESIAN_POINT('',(-1.1444484815E-02,-7.838180288672E-03,
    1.186756533571E-03));
#4234 = VECTOR('',#4235,1.);
#4235 = DIRECTION('',(-0.77301075962,-0.634392910987,0.));
#4236 = PCURVE('',#3827,#4237);
#4237 = DEFINITIONAL_REPRESENTATION('',(#4238),#4242);
#4238 = LINE('',#4239,#4240);
#4239 = CARTESIAN_POINT('',(2.049771418275E-03,-2.30002660688E-03));
#4240 = VECTOR('',#4241,1.);
#4241 = DIRECTION('',(0.77301075962,-0.634392910987));
#4242 = ( GEOMETRIC_REPRESENTATION_CONTEXT(2) 
PARAMETRIC_REPRESENTATION_CONTEXT() REPRESENTATION_CONTEXT('2D SPACE',''
  ) );
#4243 = PCURVE('',#4244,#4249);
#4244 = PLANE('',#4245);
#4245 = AXIS2_PLACEMENT_3D('',#4246,#4247,#4248);
#4246 = CARTESIAN_POINT('',(-1.172153694438E-02,-8.065550871374E-03,
    1.739816294262E-03));
#4247 = DIRECTION('',(0.634392910987,-0.77301075962,-3.960743562294E-17)
  );
#4248 = DIRECTION('',(-0.77301075962,-0.634392910987,-3.08148791102E-33)
  );
#4249 = DEFINITIONAL_REPRESENTATION('',(#4250),#4253);
#4250 = B_SPLINE_CURVE_WITH_KNOTS('',1,(#4251,#4252),.UNSPECIFIED.,.F.,
  .F.,(2,2),(0.,5.09689003633E-04),.PIECEWISE_BEZIER_KNOTS.);
#4251 = CARTESIAN_POINT('',(-3.584065628156E-04,5.530597606913E-04));
#4252 = CARTESIAN_POINT('',(1.512824408174E-04,5.530597606913E-04));
#4253 = ( GEOMETRIC_REPRESENTATION_CONTEXT(2) 
PARAMETRIC_REPRESENTATION_CONTEXT() REPRESENTATION_CONTEXT('2D SPACE',''
  ) );
#4254 = ORIENTED_EDGE('',*,*,#3811,.F.);
#4255 = ADVANCED_FACE('',(#4256),#4219,.T.);
#4256 = FACE_BOUND('',#4257,.T.);
#4257 = EDGE_LOOP('',(#4258,#4285,#4286));
#4258 = ORIENTED_EDGE('',*,*,#4259,.T.);
#4259 = EDGE_CURVE('',#4260,#4204,#4262,.T.);
#4260 = VERTEX_POINT('',#4261);
#4261 = CARTESIAN_POINT('',(-6.277596578002E-03,-4.194555804133E-03,
    1.186756533571E-03));
#4262 = SURFACE_CURVE('',#4263,(#4267,#4274),.PCURVE_S1.);
#4263 = LINE('',#4264,#4265);
#4264 = CARTESIAN_POINT('',(-6.277596578002E-03,-4.194555804133E-03,
    1.186756533571E-03));
#4265 = VECTOR('',#4266,1.);
#4266 = DIRECTION('',(-0.817235349686,-0.576304071844,0.));
#4267 = PCURVE('',#4219,#4268);
#4268 = DEFINITIONAL_REPRESENTATION('',(#4269),#4273);
#4269 = LINE('',#4270,#4271);
#4270 = CARTESIAN_POINT('',(-2.515642668785E-03,1.267978690123E-03));
#4271 = VECTOR('',#4272,1.);
#4272 = DIRECTION('',(0.817235349686,-0.576304071844));
#4273 = ( GEOMETRIC_REPRESENTATION_CONTEXT(2) 
PARAMETRIC_REPRESENTATION_CONTEXT() REPRESENTATION_CONTEXT('2D SPACE',''
  ) );
#4274 = PCURVE('',#4275,#4280);
#4275 = PLANE('',#4276);
#4276 = AXIS2_PLACEMENT_3D('',#4277,#4278,#4279);
#4277 = CARTESIAN_POINT('',(-8.852726235594E-03,-6.029691138575E-03,
    1.186756533571E-03));
#4278 = DIRECTION('',(6.177108431365E-29,-8.67452167659E-29,-1.));
#4279 = DIRECTION('',(0.,-1.,8.67452167659E-29));
#4280 = DEFINITIONAL_REPRESENTATION('',(#4281),#4284);
#4281 = B_SPLINE_CURVE_WITH_KNOTS('',1,(#4282,#4283),.UNSPECIFIED.,.F.,
  .F.,(2,2),(0.,6.322399341862E-03),.PIECEWISE_BEZIER_KNOTS.);
#4282 = CARTESIAN_POINT('',(-1.835135334441E-03,-2.575129657592E-03));
#4283 = CARTESIAN_POINT('',(1.808489150098E-03,2.591758579407E-03));
#4284 = ( GEOMETRIC_REPRESENTATION_CONTEXT(2) 
PARAMETRIC_REPRESENTATION_CONTEXT() REPRESENTATION_CONTEXT('2D SPACE',''
  ) );
#4285 = ORIENTED_EDGE('',*,*,#4203,.F.);
#4286 = ORIENTED_EDGE('',*,*,#4287,.T.);
#4287 = EDGE_CURVE('',#3812,#4260,#4288,.T.);
#4288 = SURFACE_CURVE('',#4289,(#4293,#4300),.PCURVE_S1.);
#4289 = LINE('',#4290,#4291);
#4290 = CARTESIAN_POINT('',(-6.97529129684E-03,-2.88926041685E-03,
    1.186756533571E-03));
#4291 = VECTOR('',#4292,1.);
#4292 = DIRECTION('',(0.471396631004,-0.881921320911,0.));
#4293 = PCURVE('',#4219,#4294);
#4294 = DEFINITIONAL_REPRESENTATION('',(#4295),#4299);
#4295 = LINE('',#4296,#4297);
#4296 = CARTESIAN_POINT('',(-1.817947949947E-03,2.573274077406E-03));
#4297 = VECTOR('',#4298,1.);
#4298 = DIRECTION('',(-0.471396631004,-0.881921320911));
#4299 = ( GEOMETRIC_REPRESENTATION_CONTEXT(2) 
PARAMETRIC_REPRESENTATION_CONTEXT() REPRESENTATION_CONTEXT('2D SPACE',''
  ) );
#4300 = PCURVE('',#4301,#4306);
#4301 = PLANE('',#4302);
#4302 = AXIS2_PLACEMENT_3D('',#4303,#4304,#4305);
#4303 = CARTESIAN_POINT('',(-6.554636794627E-03,-3.676249864459E-03,
    1.445678718002E-03));
#4304 = DIRECTION('',(0.881921320911,0.471396631004,1.10215745492E-16));
#4305 = DIRECTION('',(-0.471396631004,0.881921320911,-6.162975822039E-33
    ));
#4306 = DEFINITIONAL_REPRESENTATION('',(#4307),#4310);
#4307 = B_SPLINE_CURVE_WITH_KNOTS('',1,(#4308,#4309),.UNSPECIFIED.,.F.,
  .F.,(2,2),(0.,1.480058772062E-03),.PIECEWISE_BEZIER_KNOTS.);
#4308 = CARTESIAN_POINT('',(8.92357888338E-04,-2.589221844314E-04));
#4309 = CARTESIAN_POINT('',(-5.877008837235E-04,-2.589221844314E-04));
#4310 = ( GEOMETRIC_REPRESENTATION_CONTEXT(2) 
PARAMETRIC_REPRESENTATION_CONTEXT() REPRESENTATION_CONTEXT('2D SPACE',''
  ) );
#4311 = ADVANCED_FACE('',(#4312),#4275,.T.);
#4312 = FACE_BOUND('',#4313,.T.);
#4313 = EDGE_LOOP('',(#4314,#4341,#4366));
#4314 = ORIENTED_EDGE('',*,*,#4315,.T.);
#4315 = EDGE_CURVE('',#4260,#4316,#4318,.T.);
#4316 = VERTEX_POINT('',#4317);
#4317 = CARTESIAN_POINT('',(-1.09949791804E-02,-7.597914431244E-03,
    1.186756533571E-03));
#4318 = SURFACE_CURVE('',#4319,(#4323,#4330),.PCURVE_S1.);
#4319 = LINE('',#4320,#4321);
#4320 = CARTESIAN_POINT('',(-6.277596578002E-03,-4.194555804133E-03,
    1.186756533571E-03));
#4321 = VECTOR('',#4322,1.);
#4322 = DIRECTION('',(-0.810976131743,-0.585079237149,0.));
#4323 = PCURVE('',#4275,#4324);
#4324 = DEFINITIONAL_REPRESENTATION('',(#4325),#4329);
#4325 = LINE('',#4326,#4327);
#4326 = CARTESIAN_POINT('',(-1.835135334441E-03,-2.575129657592E-03));
#4327 = VECTOR('',#4328,1.);
#4328 = DIRECTION('',(0.585079237149,0.810976131743));
#4329 = ( GEOMETRIC_REPRESENTATION_CONTEXT(2) 
PARAMETRIC_REPRESENTATION_CONTEXT() REPRESENTATION_CONTEXT('2D SPACE',''
  ) );
#4330 = PCURVE('',#4331,#4336);
#4331 = PLANE('',#4332);
#4332 = AXIS2_PLACEMENT_3D('',#4333,#4334,#4335);
#4333 = CARTESIAN_POINT('',(-8.617106701117E-03,-5.933510268351E-03,
    1.186756533571E-03));
#4334 = DIRECTION('',(1.711577253645E-29,-2.301038828162E-29,-1.));
#4335 = DIRECTION('',(0.,-1.,2.301038828162E-29));
#4336 = DEFINITIONAL_REPRESENTATION('',(#4337),#4340);
#4337 = B_SPLINE_CURVE_WITH_KNOTS('',1,(#4338,#4339),.UNSPECIFIED.,.F.,
  .F.,(2,2),(0.,5.816919164136E-03),.PIECEWISE_BEZIER_KNOTS.);
#4338 = CARTESIAN_POINT('',(-1.738954464217E-03,-2.339510123115E-03));
#4339 = CARTESIAN_POINT('',(1.664404162893E-03,2.377872479279E-03));
#4340 = ( GEOMETRIC_REPRESENTATION_CONTEXT(2) 
PARAMETRIC_REPRESENTATION_CONTEXT() REPRESENTATION_CONTEXT('2D SPACE',''
  ) );
#4341 = ORIENTED_EDGE('',*,*,#4342,.T.);
#4342 = EDGE_CURVE('',#4316,#4204,#4343,.T.);
#4343 = SURFACE_CURVE('',#4344,(#4348,#4355),.PCURVE_S1.);
#4344 = LINE('',#4345,#4346);
#4345 = CARTESIAN_POINT('',(-1.09949791804E-02,-7.597914431244E-03,
    1.186756533571E-03));
#4346 = VECTOR('',#4347,1.);
#4347 = DIRECTION('',(-0.881921190891,-0.471396874256,0.));
#4348 = PCURVE('',#4275,#4349);
#4349 = DEFINITIONAL_REPRESENTATION('',(#4350),#4354);
#4350 = LINE('',#4351,#4352);
#4351 = CARTESIAN_POINT('',(1.568223292669E-03,2.142252944801E-03));
#4352 = VECTOR('',#4353,1.);
#4353 = DIRECTION('',(0.471396874256,0.881921190891));
#4354 = ( GEOMETRIC_REPRESENTATION_CONTEXT(2) 
PARAMETRIC_REPRESENTATION_CONTEXT() REPRESENTATION_CONTEXT('2D SPACE',''
  ) );
#4355 = PCURVE('',#4356,#4361);
#4356 = PLANE('',#4357);
#4357 = AXIS2_PLACEMENT_3D('',#4358,#4359,#4360);
#4358 = CARTESIAN_POINT('',(-1.131106559007E-02,-7.766866200464E-03,
    1.739816275893E-03));
#4359 = DIRECTION('',(0.471396874256,-0.881921190891,-0.));
#4360 = DIRECTION('',(-0.881921190891,-0.471396874256,0.));
#4361 = DEFINITIONAL_REPRESENTATION('',(#4362),#4365);
#4362 = B_SPLINE_CURVE_WITH_KNOTS('',1,(#4363,#4364),.UNSPECIFIED.,.F.,
  .F.,(2,2),(0.,5.096891187657E-04),.PIECEWISE_BEZIER_KNOTS.);
#4363 = CARTESIAN_POINT('',(-3.584066387508E-04,5.530597423224E-04));
#4364 = CARTESIAN_POINT('',(1.512824800149E-04,5.530597423224E-04));
#4365 = ( GEOMETRIC_REPRESENTATION_CONTEXT(2) 
PARAMETRIC_REPRESENTATION_CONTEXT() REPRESENTATION_CONTEXT('2D SPACE',''
  ) );
#4366 = ORIENTED_EDGE('',*,*,#4259,.F.);
#4367 = ADVANCED_FACE('',(#4368),#4331,.T.);
#4368 = FACE_BOUND('',#4369,.T.);
#4369 = EDGE_LOOP('',(#4370,#4397,#4422));
#4370 = ORIENTED_EDGE('',*,*,#4371,.T.);
#4371 = EDGE_CURVE('',#4260,#4372,#4374,.T.);
#4372 = VERTEX_POINT('',#4373);
#4373 = CARTESIAN_POINT('',(-1.050723716617E-02,-7.449959404767E-03,
    1.186756533571E-03));
#4374 = SURFACE_CURVE('',#4375,(#4379,#4386),.PCURVE_S1.);
#4375 = LINE('',#4376,#4377);
#4376 = CARTESIAN_POINT('',(-6.277596578002E-03,-4.194555804133E-03,
    1.186756533571E-03));
#4377 = VECTOR('',#4378,1.);
#4378 = DIRECTION('',(-0.792457907909,-0.609926605579,0.));
#4379 = PCURVE('',#4331,#4380);
#4380 = DEFINITIONAL_REPRESENTATION('',(#4381),#4385);
#4381 = LINE('',#4382,#4383);
#4382 = CARTESIAN_POINT('',(-1.738954464217E-03,-2.339510123115E-03));
#4383 = VECTOR('',#4384,1.);
#4384 = DIRECTION('',(0.609926605579,0.792457907909));
#4385 = ( GEOMETRIC_REPRESENTATION_CONTEXT(2) 
PARAMETRIC_REPRESENTATION_CONTEXT() REPRESENTATION_CONTEXT('2D SPACE',''
  ) );
#4386 = PCURVE('',#4387,#4392);
#4387 = PLANE('',#4388);
#4388 = AXIS2_PLACEMENT_3D('',#4389,#4390,#4391);
#4389 = CARTESIAN_POINT('',(-8.364792376089E-03,-5.886776561265E-03,
    1.186756533571E-03));
#4390 = DIRECTION('',(-1.519833747712E-29,1.874032115955E-29,-1.));
#4391 = DIRECTION('',(0.,-1.,-1.874032115955E-29));
#4392 = DEFINITIONAL_REPRESENTATION('',(#4393),#4396);
#4393 = B_SPLINE_CURVE_WITH_KNOTS('',1,(#4394,#4395),.UNSPECIFIED.,.F.,
  .F.,(2,2),(0.,5.337369399626E-03),.PIECEWISE_BEZIER_KNOTS.);
#4394 = CARTESIAN_POINT('',(-1.692220757132E-03,-2.087195798087E-03));
#4395 = CARTESIAN_POINT('',(1.563182843501E-03,2.142444790078E-03));
#4396 = ( GEOMETRIC_REPRESENTATION_CONTEXT(2) 
PARAMETRIC_REPRESENTATION_CONTEXT() REPRESENTATION_CONTEXT('2D SPACE',''
  ) );
#4397 = ORIENTED_EDGE('',*,*,#4398,.T.);
#4398 = EDGE_CURVE('',#4372,#4316,#4399,.T.);
#4399 = SURFACE_CURVE('',#4400,(#4404,#4411),.PCURVE_S1.);
#4400 = LINE('',#4401,#4402);
#4401 = CARTESIAN_POINT('',(-1.050723716617E-02,-7.449959404767E-03,
    1.186756533571E-03));
#4402 = VECTOR('',#4403,1.);
#4403 = DIRECTION('',(-0.956940279048,-0.290284864116,0.));
#4404 = PCURVE('',#4331,#4405);
#4405 = DEFINITIONAL_REPRESENTATION('',(#4406),#4410);
#4406 = LINE('',#4407,#4408);
#4407 = CARTESIAN_POINT('',(1.516449136416E-03,1.89013046505E-03));
#4408 = VECTOR('',#4409,1.);
#4409 = DIRECTION('',(0.290284864116,0.956940279048));
#4410 = ( GEOMETRIC_REPRESENTATION_CONTEXT(2) 
PARAMETRIC_REPRESENTATION_CONTEXT() REPRESENTATION_CONTEXT('2D SPACE',''
  ) );
#4411 = PCURVE('',#4412,#4417);
#4412 = PLANE('',#4413);
#4413 = AXIS2_PLACEMENT_3D('',#4414,#4415,#4416);
#4414 = CARTESIAN_POINT('',(-1.08502108931E-02,-7.55399942053E-03,
    1.739816281447E-03));
#4415 = DIRECTION('',(0.290284864116,-0.956940279048,-0.));
#4416 = DIRECTION('',(-0.956940279048,-0.290284864116,0.));
#4417 = DEFINITIONAL_REPRESENTATION('',(#4418),#4421);
#4418 = B_SPLINE_CURVE_WITH_KNOTS('',1,(#4419,#4420),.UNSPECIFIED.,.F.,
  .F.,(2,2),(0.,5.096890839565E-04),.PIECEWISE_BEZIER_KNOTS.);
#4419 = CARTESIAN_POINT('',(-3.584066157926E-04,5.53059747876E-04));
#4420 = CARTESIAN_POINT('',(1.512824681639E-04,5.53059747876E-04));
#4421 = ( GEOMETRIC_REPRESENTATION_CONTEXT(2) 
PARAMETRIC_REPRESENTATION_CONTEXT() REPRESENTATION_CONTEXT('2D SPACE',''
  ) );
#4422 = ORIENTED_EDGE('',*,*,#4315,.F.);
#4423 = ADVANCED_FACE('',(#4424),#4387,.T.);
#4424 = FACE_BOUND('',#4425,.T.);
#4425 = EDGE_LOOP('',(#4426,#4453,#4478));
#4426 = ORIENTED_EDGE('',*,*,#4427,.T.);
#4427 = EDGE_CURVE('',#4260,#4428,#4430,.T.);
#4428 = VERTEX_POINT('',#4429);
#4429 = CARTESIAN_POINT('',(-1.000000163913E-02,-7.400001399219E-03,
    1.186756533571E-03));
#4430 = SURFACE_CURVE('',#4431,(#4435,#4442),.PCURVE_S1.);
#4431 = LINE('',#4432,#4433);
#4432 = CARTESIAN_POINT('',(-6.277596578002E-03,-4.194555804133E-03,
    1.186756533571E-03));
#4433 = VECTOR('',#4434,1.);
#4434 = DIRECTION('',(-0.757764651562,-0.652527955603,0.));
#4435 = PCURVE('',#4387,#4436);
#4436 = DEFINITIONAL_REPRESENTATION('',(#4437),#4441);
#4437 = LINE('',#4438,#4439);
#4438 = CARTESIAN_POINT('',(-1.692220757132E-03,-2.087195798087E-03));
#4439 = VECTOR('',#4440,1.);
#4440 = DIRECTION('',(0.652527955603,0.757764651562));
#4441 = ( GEOMETRIC_REPRESENTATION_CONTEXT(2) 
PARAMETRIC_REPRESENTATION_CONTEXT() REPRESENTATION_CONTEXT('2D SPACE',''
  ) );
#4442 = PCURVE('',#4443,#4448);
#4443 = PLANE('',#4444);
#4444 = AXIS2_PLACEMENT_3D('',#4445,#4446,#4447);
#4445 = CARTESIAN_POINT('',(-8.104685489901E-03,-5.891693302629E-03,
    1.186756533571E-03));
#4446 = DIRECTION('',(-8.271257515794E-30,8.808520557656E-30,-1.));
#4447 = DIRECTION('',(0.,-1.,-8.808520557656E-30));
#4448 = DEFINITIONAL_REPRESENTATION('',(#4449),#4452);
#4449 = B_SPLINE_CURVE_WITH_KNOTS('',1,(#4450,#4451),.UNSPECIFIED.,.F.,
  .F.,(2,2),(0.,4.912349835074E-03),.PIECEWISE_BEZIER_KNOTS.);
#4450 = CARTESIAN_POINT('',(-1.697137498495E-03,-1.827088911899E-03));
#4451 = CARTESIAN_POINT('',(1.50830809659E-03,1.895316149226E-03));
#4452 = ( GEOMETRIC_REPRESENTATION_CONTEXT(2) 
PARAMETRIC_REPRESENTATION_CONTEXT() REPRESENTATION_CONTEXT('2D SPACE',''
  ) );
#4453 = ORIENTED_EDGE('',*,*,#4454,.T.);
#4454 = EDGE_CURVE('',#4428,#4372,#4455,.T.);
#4455 = SURFACE_CURVE('',#4456,(#4460,#4467),.PCURVE_S1.);
#4456 = LINE('',#4457,#4458);
#4457 = CARTESIAN_POINT('',(-1.000000163913E-02,-7.400001399219E-03,
    1.186756533571E-03));
#4458 = VECTOR('',#4459,1.);
#4459 = DIRECTION('',(-0.995184790468,-9.801649260111E-02,0.));
#4460 = PCURVE('',#4387,#4461);
#4461 = DEFINITIONAL_REPRESENTATION('',(#4462),#4466);
#4462 = LINE('',#4463,#4464);
#4463 = CARTESIAN_POINT('',(1.513224837954E-03,1.635209263039E-03));
#4464 = VECTOR('',#4465,1.);
#4465 = DIRECTION('',(9.801649260111E-02,0.995184790468));
#4466 = ( GEOMETRIC_REPRESENTATION_CONTEXT(2) 
PARAMETRIC_REPRESENTATION_CONTEXT() REPRESENTATION_CONTEXT('2D SPACE',''
  ) );
#4467 = PCURVE('',#4468,#4473);
#4468 = PLANE('',#4469);
#4469 = AXIS2_PLACEMENT_3D('',#4470,#4471,#4472);
#4470 = CARTESIAN_POINT('',(-1.035668291551E-02,-7.435131204278E-03,
    1.739816168773E-03));
#4471 = DIRECTION('',(9.801649260111E-02,-0.995184790468,
    4.950928966082E-18));
#4472 = DIRECTION('',(-0.995184790468,-9.801649260111E-02,0.));
#4473 = DEFINITIONAL_REPRESENTATION('',(#4474),#4477);
#4474 = B_SPLINE_CURVE_WITH_KNOTS('',1,(#4475,#4476),.UNSPECIFIED.,.F.,
  .F.,(2,2),(0.,5.096897901748E-04),.PIECEWISE_BEZIER_KNOTS.);
#4475 = CARTESIAN_POINT('',(-3.584070815754E-04,5.530596352023E-04));
#4476 = CARTESIAN_POINT('',(1.512827085994E-04,5.530596352023E-04));
#4477 = ( GEOMETRIC_REPRESENTATION_CONTEXT(2) 
PARAMETRIC_REPRESENTATION_CONTEXT() REPRESENTATION_CONTEXT('2D SPACE',''
  ) );
#4478 = ORIENTED_EDGE('',*,*,#4371,.F.);
#4479 = ADVANCED_FACE('',(#4480),#4443,.T.);
#4480 = FACE_BOUND('',#4481,.T.);
#4481 = EDGE_LOOP('',(#4482,#4509,#4534));
#4482 = ORIENTED_EDGE('',*,*,#4483,.T.);
#4483 = EDGE_CURVE('',#4260,#4484,#4486,.T.);
#4484 = VERTEX_POINT('',#4485);
#4485 = CARTESIAN_POINT('',(-9.492767043412E-03,-7.449959404767E-03,
    1.186756533571E-03));
#4486 = SURFACE_CURVE('',#4487,(#4491,#4498),.PCURVE_S1.);
#4487 = LINE('',#4488,#4489);
#4488 = CARTESIAN_POINT('',(-6.277596578002E-03,-4.194555804133E-03,
    1.186756533571E-03));
#4489 = VECTOR('',#4490,1.);
#4490 = DIRECTION('',(-0.702696505326,-0.711489719815,0.));
#4491 = PCURVE('',#4443,#4492);
#4492 = DEFINITIONAL_REPRESENTATION('',(#4493),#4497);
#4493 = LINE('',#4494,#4495);
#4494 = CARTESIAN_POINT('',(-1.697137498495E-03,-1.827088911899E-03));
#4495 = VECTOR('',#4496,1.);
#4496 = DIRECTION('',(0.711489719815,0.702696505326));
#4497 = ( GEOMETRIC_REPRESENTATION_CONTEXT(2) 
PARAMETRIC_REPRESENTATION_CONTEXT() REPRESENTATION_CONTEXT('2D SPACE',''
  ) );
#4498 = PCURVE('',#4499,#4504);
#4499 = PLANE('',#4500);
#4500 = AXIS2_PLACEMENT_3D('',#4501,#4502,#4503);
#4501 = CARTESIAN_POINT('',(-7.846167992122E-03,-5.948226519269E-03,
    1.186756533571E-03));
#4502 = DIRECTION('',(-0.,-0.,-1.));
#4503 = DIRECTION('',(-1.,0.,0.));
#4504 = DEFINITIONAL_REPRESENTATION('',(#4505),#4508);
#4505 = B_SPLINE_CURVE_WITH_KNOTS('',1,(#4506,#4507),.UNSPECIFIED.,.F.,
  .F.,(2,2),(0.,4.57547524577E-03),.PIECEWISE_BEZIER_KNOTS.);
#4506 = CARTESIAN_POINT('',(-1.56857141412E-03,1.753670715136E-03));
#4507 = CARTESIAN_POINT('',(1.64659905129E-03,-1.501732885498E-03));
#4508 = ( GEOMETRIC_REPRESENTATION_CONTEXT(2) 
PARAMETRIC_REPRESENTATION_CONTEXT() REPRESENTATION_CONTEXT('2D SPACE',''
  ) );
#4509 = ORIENTED_EDGE('',*,*,#4510,.T.);
#4510 = EDGE_CURVE('',#4484,#4428,#4511,.T.);
#4511 = SURFACE_CURVE('',#4512,(#4516,#4523),.PCURVE_S1.);
#4512 = LINE('',#4513,#4514);
#4513 = CARTESIAN_POINT('',(-9.492767043412E-03,-7.449959404767E-03,
    1.186756533571E-03));
#4514 = VECTOR('',#4515,1.);
#4515 = DIRECTION('',(-0.995184772913,9.801667083811E-02,0.));
#4516 = PCURVE('',#4443,#4517);
#4517 = DEFINITIONAL_REPRESENTATION('',(#4518),#4522);
#4518 = LINE('',#4519,#4520);
#4519 = CARTESIAN_POINT('',(1.558266102138E-03,1.38808155351E-03));
#4520 = VECTOR('',#4521,1.);
#4521 = DIRECTION('',(-9.801667083811E-02,0.995184772913));
#4522 = ( GEOMETRIC_REPRESENTATION_CONTEXT(2) 
PARAMETRIC_REPRESENTATION_CONTEXT() REPRESENTATION_CONTEXT('2D SPACE',''
  ) );
#4523 = PCURVE('',#4524,#4529);
#4524 = PLANE('',#4525);
#4525 = AXIS2_PLACEMENT_3D('',#4526,#4527,#4528);
#4526 = CARTESIAN_POINT('',(-9.849447705152E-03,-7.414829595742E-03,
    1.739816316645E-03));
#4527 = DIRECTION('',(-9.801667083811E-02,-0.995184772913,-0.));
#4528 = DIRECTION('',(-0.995184772913,9.801667083811E-02,0.));
#4529 = DEFINITIONAL_REPRESENTATION('',(#4530),#4533);
#4530 = B_SPLINE_CURVE_WITH_KNOTS('',1,(#4531,#4532),.UNSPECIFIED.,.F.,
  .F.,(2,2),(0.,5.096888633367E-04),.PIECEWISE_BEZIER_KNOTS.);
#4531 = CARTESIAN_POINT('',(-3.584064702838E-04,5.530597830749E-04));
#4532 = CARTESIAN_POINT('',(1.512823930529E-04,5.530597830749E-04));
#4533 = ( GEOMETRIC_REPRESENTATION_CONTEXT(2) 
PARAMETRIC_REPRESENTATION_CONTEXT() REPRESENTATION_CONTEXT('2D SPACE',''
  ) );
#4534 = ORIENTED_EDGE('',*,*,#4427,.F.);
#4535 = ADVANCED_FACE('',(#4536),#4499,.T.);
#4536 = FACE_BOUND('',#4537,.T.);
#4537 = EDGE_LOOP('',(#4538,#4539,#4566));
#4538 = ORIENTED_EDGE('',*,*,#4483,.F.);
#4539 = ORIENTED_EDGE('',*,*,#4540,.F.);
#4540 = EDGE_CURVE('',#4541,#4260,#4543,.T.);
#4541 = VERTEX_POINT('',#4542);
#4542 = CARTESIAN_POINT('',(-9.005025029182E-03,-7.597914431244E-03,
    1.186756533571E-03));
#4543 = SURFACE_CURVE('',#4544,(#4548,#4554),.PCURVE_S1.);
#4544 = LINE('',#4545,#4546);
#4545 = CARTESIAN_POINT('',(-9.005025029182E-03,-7.597914431244E-03,
    1.186756533571E-03));
#4546 = VECTOR('',#4547,1.);
#4547 = DIRECTION('',(0.625357727907,0.780338203696,0.));
#4548 = PCURVE('',#4499,#4549);
#4549 = DEFINITIONAL_REPRESENTATION('',(#4550),#4553);
#4550 = B_SPLINE_CURVE_WITH_KNOTS('',1,(#4551,#4552),.UNSPECIFIED.,.F.,
  .F.,(2,2),(0.,4.361389216871E-03),.PIECEWISE_BEZIER_KNOTS.);
#4551 = CARTESIAN_POINT('',(1.15885703706E-03,-1.649687911975E-03));
#4552 = CARTESIAN_POINT('',(-1.56857141412E-03,1.753670715136E-03));
#4553 = ( GEOMETRIC_REPRESENTATION_CONTEXT(2) 
PARAMETRIC_REPRESENTATION_CONTEXT() REPRESENTATION_CONTEXT('2D SPACE',''
  ) );
#4554 = PCURVE('',#4555,#4560);
#4555 = PLANE('',#4556);
#4556 = AXIS2_PLACEMENT_3D('',#4557,#4558,#4559);
#4557 = CARTESIAN_POINT('',(-7.599288694642E-03,-6.053821677091E-03,
    1.186756533571E-03));
#4558 = DIRECTION('',(-0.,-0.,-1.));
#4559 = DIRECTION('',(-1.,0.,0.));
#4560 = DEFINITIONAL_REPRESENTATION('',(#4561),#4565);
#4561 = LINE('',#4562,#4563);
#4562 = CARTESIAN_POINT('',(1.40573633454E-03,-1.544092754153E-03));
#4563 = VECTOR('',#4564,1.);
#4564 = DIRECTION('',(-0.625357727907,0.780338203696));
#4565 = ( GEOMETRIC_REPRESENTATION_CONTEXT(2) 
PARAMETRIC_REPRESENTATION_CONTEXT() REPRESENTATION_CONTEXT('2D SPACE',''
  ) );
#4566 = ORIENTED_EDGE('',*,*,#4567,.T.);
#4567 = EDGE_CURVE('',#4541,#4484,#4568,.T.);
#4568 = SURFACE_CURVE('',#4569,(#4573,#4580),.PCURVE_S1.);
#4569 = LINE('',#4570,#4571);
#4570 = CARTESIAN_POINT('',(-9.005025029182E-03,-7.597914431244E-03,
    1.186756533571E-03));
#4571 = VECTOR('',#4572,1.);
#4572 = DIRECTION('',(-0.956940279048,0.290284864116,0.));
#4573 = PCURVE('',#4499,#4574);
#4574 = DEFINITIONAL_REPRESENTATION('',(#4575),#4579);
#4575 = LINE('',#4576,#4577);
#4576 = CARTESIAN_POINT('',(1.15885703706E-03,-1.649687911975E-03));
#4577 = VECTOR('',#4578,1.);
#4578 = DIRECTION('',(0.956940279048,0.290284864116));
#4579 = ( GEOMETRIC_REPRESENTATION_CONTEXT(2) 
PARAMETRIC_REPRESENTATION_CONTEXT() REPRESENTATION_CONTEXT('2D SPACE',''
  ) );
#4580 = PCURVE('',#4581,#4586);
#4581 = PLANE('',#4582);
#4582 = AXIS2_PLACEMENT_3D('',#4583,#4584,#4585);
#4583 = CARTESIAN_POINT('',(-9.347998756112E-03,-7.493874415481E-03,
    1.739816281447E-03));
#4584 = DIRECTION('',(-0.290284864116,-0.956940279048,-0.));
#4585 = DIRECTION('',(-0.956940279048,0.290284864116,0.));
#4586 = DEFINITIONAL_REPRESENTATION('',(#4587),#4590);
#4587 = B_SPLINE_CURVE_WITH_KNOTS('',1,(#4588,#4589),.UNSPECIFIED.,.F.,
  .F.,(2,2),(0.,5.096890839565E-04),.PIECEWISE_BEZIER_KNOTS.);
#4588 = CARTESIAN_POINT('',(-3.584066157926E-04,5.53059747876E-04));
#4589 = CARTESIAN_POINT('',(1.512824681639E-04,5.53059747876E-04));
#4590 = ( GEOMETRIC_REPRESENTATION_CONTEXT(2) 
PARAMETRIC_REPRESENTATION_CONTEXT() REPRESENTATION_CONTEXT('2D SPACE',''
  ) );
#4591 = ADVANCED_FACE('',(#4592),#4604,.T.);
#4592 = FACE_BOUND('',#4593,.T.);
#4593 = EDGE_LOOP('',(#4594,#4627,#4654));
#4594 = ORIENTED_EDGE('',*,*,#4595,.T.);
#4595 = EDGE_CURVE('',#4596,#4260,#4598,.T.);
#4596 = VERTEX_POINT('',#4597);
#4597 = CARTESIAN_POINT('',(-8.161523845047E-03,-8.161523845047E-03,
    1.186756533571E-03));
#4598 = SURFACE_CURVE('',#4599,(#4603,#4615),.PCURVE_S1.);
#4599 = LINE('',#4600,#4601);
#4600 = CARTESIAN_POINT('',(-8.161523379385E-03,-8.161524310708E-03,
    1.186756533571E-03));
#4601 = VECTOR('',#4602,1.);
#4602 = DIRECTION('',(0.428985611421,0.90331132241,0.));
#4603 = PCURVE('',#4604,#4609);
#4604 = PLANE('',#4605);
#4605 = AXIS2_PLACEMENT_3D('',#4606,#4607,#4608);
#4606 = CARTESIAN_POINT('',(-6.817767504726E-03,-6.197778769175E-03,
    1.186756533571E-03));
#4607 = DIRECTION('',(-0.,-0.,-1.));
#4608 = DIRECTION('',(-1.,0.,0.));
#4609 = DEFINITIONAL_REPRESENTATION('',(#4610),#4614);
#4610 = LINE('',#4611,#4612);
#4611 = CARTESIAN_POINT('',(1.34375587466E-03,-1.963745541533E-03));
#4612 = VECTOR('',#4613,1.);
#4613 = DIRECTION('',(-0.428985611421,0.90331132241));
#4614 = ( GEOMETRIC_REPRESENTATION_CONTEXT(2) 
PARAMETRIC_REPRESENTATION_CONTEXT() REPRESENTATION_CONTEXT('2D SPACE',''
  ) );
#4615 = PCURVE('',#4616,#4621);
#4616 = PLANE('',#4617);
#4617 = AXIS2_PLACEMENT_3D('',#4618,#4619,#4620);
#4618 = CARTESIAN_POINT('',(-7.219560444355E-03,-6.178039591759E-03,
    1.186756533571E-03));
#4619 = DIRECTION('',(-0.,-0.,-1.));
#4620 = DIRECTION('',(-1.,0.,0.));
#4621 = DEFINITIONAL_REPRESENTATION('',(#4622),#4626);
#4622 = LINE('',#4623,#4624);
#4623 = CARTESIAN_POINT('',(9.41963866353E-04,-1.983483787626E-03));
#4624 = VECTOR('',#4625,1.);
#4625 = DIRECTION('',(-0.428985866643,0.903311201204));
#4626 = ( GEOMETRIC_REPRESENTATION_CONTEXT(2) 
PARAMETRIC_REPRESENTATION_CONTEXT() REPRESENTATION_CONTEXT('2D SPACE',''
  ) );
#4627 = ORIENTED_EDGE('',*,*,#4628,.T.);
#4628 = EDGE_CURVE('',#4260,#4629,#4631,.T.);
#4629 = VERTEX_POINT('',#4630);
#4630 = CARTESIAN_POINT('',(-5.338656716049E-03,-5.338656716049E-03,
    1.186756533571E-03));
#4631 = SURFACE_CURVE('',#4632,(#4636,#4643),.PCURVE_S1.);
#4632 = LINE('',#4633,#4634);
#4633 = CARTESIAN_POINT('',(-6.277596578002E-03,-4.194555804133E-03,
    1.186756533571E-03));
#4634 = VECTOR('',#4635,1.);
#4635 = DIRECTION('',(0.634393489653,-0.773010284722,0.));
#4636 = PCURVE('',#4604,#4637);
#4637 = DEFINITIONAL_REPRESENTATION('',(#4638),#4642);
#4638 = LINE('',#4639,#4640);
#4639 = CARTESIAN_POINT('',(-5.401709267239E-04,2.003222965041E-03));
#4640 = VECTOR('',#4641,1.);
#4641 = DIRECTION('',(-0.634393489653,-0.773010284722));
#4642 = ( GEOMETRIC_REPRESENTATION_CONTEXT(2) 
PARAMETRIC_REPRESENTATION_CONTEXT() REPRESENTATION_CONTEXT('2D SPACE',''
  ) );
#4643 = PCURVE('',#4644,#4649);
#4644 = PLANE('',#4645);
#4645 = AXIS2_PLACEMENT_3D('',#4646,#4647,#4648);
#4646 = CARTESIAN_POINT('',(-5.71149043018E-03,-4.884357767187E-03,
    1.445678707451E-03));
#4647 = DIRECTION('',(0.773010284722,0.634393489653,2.204315001042E-16)
  );
#4648 = DIRECTION('',(-0.634393489653,0.773010284722,0.));
#4649 = DEFINITIONAL_REPRESENTATION('',(#4650),#4653);
#4650 = B_SPLINE_CURVE_WITH_KNOTS('',1,(#4651,#4652),.UNSPECIFIED.,.F.,
  .F.,(2,2),(0.,1.480059107269E-03),.PIECEWISE_BEZIER_KNOTS.);
#4651 = CARTESIAN_POINT('',(8.923580664928E-04,-2.589221738804E-04));
#4652 = CARTESIAN_POINT('',(-5.877010407763E-04,-2.589221738804E-04));
#4653 = ( GEOMETRIC_REPRESENTATION_CONTEXT(2) 
PARAMETRIC_REPRESENTATION_CONTEXT() REPRESENTATION_CONTEXT('2D SPACE',''
  ) );
#4654 = ORIENTED_EDGE('',*,*,#4655,.T.);
#4655 = EDGE_CURVE('',#4629,#4596,#4656,.T.);
#4656 = SURFACE_CURVE('',#4657,(#4661,#4668),.PCURVE_S1.);
#4657 = LINE('',#4658,#4659);
#4658 = CARTESIAN_POINT('',(-5.338656716049E-03,-5.338656716049E-03,
    1.186756533571E-03));
#4659 = VECTOR('',#4660,1.);
#4660 = DIRECTION('',(-0.707106664542,-0.707106897831,0.));
#4661 = PCURVE('',#4604,#4662);
#4662 = DEFINITIONAL_REPRESENTATION('',(#4663),#4667);
#4663 = LINE('',#4664,#4665);
#4664 = CARTESIAN_POINT('',(-1.479110788677E-03,8.591220531261E-04));
#4665 = VECTOR('',#4666,1.);
#4666 = DIRECTION('',(0.707106664542,-0.707106897831));
#4667 = ( GEOMETRIC_REPRESENTATION_CONTEXT(2) 
PARAMETRIC_REPRESENTATION_CONTEXT() REPRESENTATION_CONTEXT('2D SPACE',''
  ) );
#4668 = PCURVE('',#4669,#4674);
#4669 = PLANE('',#4670);
#4670 = AXIS2_PLACEMENT_3D('',#4671,#4672,#4673);
#4671 = CARTESIAN_POINT('',(-6.747568011437E-03,-6.939269142743E-03,
    1.186756533571E-03));
#4672 = DIRECTION('',(-0.,-0.,-1.));
#4673 = DIRECTION('',(-1.,0.,0.));
#4674 = DEFINITIONAL_REPRESENTATION('',(#4675),#4678);
#4675 = B_SPLINE_CURVE_WITH_KNOTS('',1,(#4676,#4677),.UNSPECIFIED.,.F.,
  .F.,(2,2),(0.,3.992136978606E-03),.PIECEWISE_BEZIER_KNOTS.);
#4676 = CARTESIAN_POINT('',(-1.408911295388E-03,1.600612426694E-03));
#4677 = CARTESIAN_POINT('',(1.413955367949E-03,-1.222255167965E-03));
#4678 = ( GEOMETRIC_REPRESENTATION_CONTEXT(2) 
PARAMETRIC_REPRESENTATION_CONTEXT() REPRESENTATION_CONTEXT('2D SPACE',''
  ) );
#4679 = ADVANCED_FACE('',(#4680),#4616,.F.);
#4680 = FACE_BOUND('',#4681,.F.);
#4681 = EDGE_LOOP('',(#4682,#4683));
#4682 = ORIENTED_EDGE('',*,*,#4595,.T.);
#4683 = ORIENTED_EDGE('',*,*,#4684,.T.);
#4684 = EDGE_CURVE('',#4260,#4596,#4685,.T.);
#4685 = SURFACE_CURVE('',#4686,(#4690,#4697),.PCURVE_S1.);
#4686 = LINE('',#4687,#4688);
#4687 = CARTESIAN_POINT('',(-6.277596578002E-03,-4.194555804133E-03,
    1.186756533571E-03));
#4688 = VECTOR('',#4689,1.);
#4689 = DIRECTION('',(-0.428985866643,-0.903311201204,0.));
#4690 = PCURVE('',#4616,#4691);
#4691 = DEFINITIONAL_REPRESENTATION('',(#4692),#4696);
#4692 = LINE('',#4693,#4694);
#4693 = CARTESIAN_POINT('',(-9.41963866353E-04,1.983483787626E-03));
#4694 = VECTOR('',#4695,1.);
#4695 = DIRECTION('',(0.428985866643,-0.903311201204));
#4696 = ( GEOMETRIC_REPRESENTATION_CONTEXT(2) 
PARAMETRIC_REPRESENTATION_CONTEXT() REPRESENTATION_CONTEXT('2D SPACE',''
  ) );
#4697 = PCURVE('',#4698,#4703);
#4698 = PLANE('',#4699);
#4699 = AXIS2_PLACEMENT_3D('',#4700,#4701,#4702);
#4700 = CARTESIAN_POINT('',(-7.374700215372E-03,-6.203461677651E-03,
    1.186756533571E-03));
#4701 = DIRECTION('',(-2.436911802288E-30,1.283144371359E-30,-1.));
#4702 = DIRECTION('',(-1.,0.,2.436911802288E-30));
#4703 = DEFINITIONAL_REPRESENTATION('',(#4704),#4708);
#4704 = LINE('',#4705,#4706);
#4705 = CARTESIAN_POINT('',(-1.09710363737E-03,2.008905873518E-03));
#4706 = VECTOR('',#4707,1.);
#4707 = DIRECTION('',(0.428985866643,-0.903311201204));
#4708 = ( GEOMETRIC_REPRESENTATION_CONTEXT(2) 
PARAMETRIC_REPRESENTATION_CONTEXT() REPRESENTATION_CONTEXT('2D SPACE',''
  ) );
#4709 = ADVANCED_FACE('',(#4710),#4698,.T.);
#4710 = FACE_BOUND('',#4711,.T.);
#4711 = EDGE_LOOP('',(#4712,#4734,#4735));
#4712 = ORIENTED_EDGE('',*,*,#4713,.T.);
#4713 = EDGE_CURVE('',#4714,#4260,#4716,.T.);
#4714 = VERTEX_POINT('',#4715);
#4715 = CARTESIAN_POINT('',(-8.555519394577E-03,-7.838180288672E-03,
    1.186756533571E-03));
#4716 = SURFACE_CURVE('',#4717,(#4721,#4728),.PCURVE_S1.);
#4717 = LINE('',#4718,#4719);
#4718 = CARTESIAN_POINT('',(-8.555519394577E-03,-7.838180288672E-03,
    1.186756533571E-03));
#4719 = VECTOR('',#4720,1.);
#4720 = DIRECTION('',(0.530108968033,0.84792952656,0.));
#4721 = PCURVE('',#4698,#4722);
#4722 = DEFINITIONAL_REPRESENTATION('',(#4723),#4727);
#4723 = LINE('',#4724,#4725);
#4724 = CARTESIAN_POINT('',(1.180819179205E-03,-1.634718611021E-03));
#4725 = VECTOR('',#4726,1.);
#4726 = DIRECTION('',(-0.530108968033,0.84792952656));
#4727 = ( GEOMETRIC_REPRESENTATION_CONTEXT(2) 
PARAMETRIC_REPRESENTATION_CONTEXT() REPRESENTATION_CONTEXT('2D SPACE',''
  ) );
#4728 = PCURVE('',#4555,#4729);
#4729 = DEFINITIONAL_REPRESENTATION('',(#4730),#4733);
#4730 = B_SPLINE_CURVE_WITH_KNOTS('',1,(#4731,#4732),.UNSPECIFIED.,.F.,
  .F.,(2,2),(0.,4.297084097688E-03),.PIECEWISE_BEZIER_KNOTS.);
#4731 = CARTESIAN_POINT('',(9.562306999344E-04,-1.784358611582E-03));
#4732 = CARTESIAN_POINT('',(-1.32169211664E-03,1.859265872957E-03));
#4733 = ( GEOMETRIC_REPRESENTATION_CONTEXT(2) 
PARAMETRIC_REPRESENTATION_CONTEXT() REPRESENTATION_CONTEXT('2D SPACE',''
  ) );
#4734 = ORIENTED_EDGE('',*,*,#4684,.T.);
#4735 = ORIENTED_EDGE('',*,*,#4736,.T.);
#4736 = EDGE_CURVE('',#4596,#4714,#4737,.T.);
#4737 = SURFACE_CURVE('',#4738,(#4742,#4749),.PCURVE_S1.);
#4738 = LINE('',#4739,#4740);
#4739 = CARTESIAN_POINT('',(-8.161524310708E-03,-8.161523379385E-03,
    1.186756533571E-03));
#4740 = VECTOR('',#4741,1.);
#4741 = DIRECTION('',(-0.77301075962,0.634392910987,0.));
#4742 = PCURVE('',#4698,#4743);
#4743 = DEFINITIONAL_REPRESENTATION('',(#4744),#4748);
#4744 = LINE('',#4745,#4746);
#4745 = CARTESIAN_POINT('',(7.868240953363E-04,-1.958061701734E-03));
#4746 = VECTOR('',#4747,1.);
#4747 = DIRECTION('',(0.77301075962,0.634392910987));
#4748 = ( GEOMETRIC_REPRESENTATION_CONTEXT(2) 
PARAMETRIC_REPRESENTATION_CONTEXT() REPRESENTATION_CONTEXT('2D SPACE',''
  ) );
#4749 = PCURVE('',#4750,#4755);
#4750 = PLANE('',#4751);
#4751 = AXIS2_PLACEMENT_3D('',#4752,#4753,#4754);
#4752 = CARTESIAN_POINT('',(-8.438576440083E-03,-7.934152796684E-03,
    1.739816294262E-03));
#4753 = DIRECTION('',(-0.634392910987,-0.77301075962,-3.960743562294E-17
    ));
#4754 = DIRECTION('',(-0.77301075962,0.634392910987,0.));
#4755 = DEFINITIONAL_REPRESENTATION('',(#4756),#4759);
#4756 = B_SPLINE_CURVE_WITH_KNOTS('',1,(#4757,#4758),.UNSPECIFIED.,.F.,
  .F.,(2,2),(0.,5.09689003633E-04),.PIECEWISE_BEZIER_KNOTS.);
#4757 = CARTESIAN_POINT('',(-3.584065628156E-04,5.530597606913E-04));
#4758 = CARTESIAN_POINT('',(1.512824408174E-04,5.530597606913E-04));
#4759 = ( GEOMETRIC_REPRESENTATION_CONTEXT(2) 
PARAMETRIC_REPRESENTATION_CONTEXT() REPRESENTATION_CONTEXT('2D SPACE',''
  ) );
#4760 = ADVANCED_FACE('',(#4761),#4555,.T.);
#4761 = FACE_BOUND('',#4762,.T.);
#4762 = EDGE_LOOP('',(#4763,#4764,#4765));
#4763 = ORIENTED_EDGE('',*,*,#4540,.T.);
#4764 = ORIENTED_EDGE('',*,*,#4713,.F.);
#4765 = ORIENTED_EDGE('',*,*,#4766,.T.);
#4766 = EDGE_CURVE('',#4714,#4541,#4767,.T.);
#4767 = SURFACE_CURVE('',#4768,(#4772,#4779),.PCURVE_S1.);
#4768 = LINE('',#4769,#4770);
#4769 = CARTESIAN_POINT('',(-8.555519394577E-03,-7.838180288672E-03,
    1.186756533571E-03));
#4770 = VECTOR('',#4771,1.);
#4771 = DIRECTION('',(-0.881921190891,0.471396874256,0.));
#4772 = PCURVE('',#4555,#4773);
#4773 = DEFINITIONAL_REPRESENTATION('',(#4774),#4778);
#4774 = LINE('',#4775,#4776);
#4775 = CARTESIAN_POINT('',(9.562306999344E-04,-1.784358611582E-03));
#4776 = VECTOR('',#4777,1.);
#4777 = DIRECTION('',(0.881921190891,0.471396874256));
#4778 = ( GEOMETRIC_REPRESENTATION_CONTEXT(2) 
PARAMETRIC_REPRESENTATION_CONTEXT() REPRESENTATION_CONTEXT('2D SPACE',''
  ) );
#4779 = PCURVE('',#4780,#4785);
#4780 = PLANE('',#4781);
#4781 = AXIS2_PLACEMENT_3D('',#4782,#4783,#4784);
#4782 = CARTESIAN_POINT('',(-8.871605804247E-03,-7.669228519453E-03,
    1.739816275893E-03));
#4783 = DIRECTION('',(-0.471396874256,-0.881921190891,-0.));
#4784 = DIRECTION('',(-0.881921190891,0.471396874256,0.));
#4785 = DEFINITIONAL_REPRESENTATION('',(#4786),#4789);
#4786 = B_SPLINE_CURVE_WITH_KNOTS('',1,(#4787,#4788),.UNSPECIFIED.,.F.,
  .F.,(2,2),(0.,5.096891187657E-04),.PIECEWISE_BEZIER_KNOTS.);
#4787 = CARTESIAN_POINT('',(-3.584066387508E-04,5.530597423224E-04));
#4788 = CARTESIAN_POINT('',(1.512824800149E-04,5.530597423224E-04));
#4789 = ( GEOMETRIC_REPRESENTATION_CONTEXT(2) 
PARAMETRIC_REPRESENTATION_CONTEXT() REPRESENTATION_CONTEXT('2D SPACE',''
  ) );
#4790 = ADVANCED_FACE('',(#4791),#4669,.T.);
#4791 = FACE_BOUND('',#4792,.T.);
#4792 = EDGE_LOOP('',(#4793,#4820,#4845));
#4793 = ORIENTED_EDGE('',*,*,#4794,.T.);
#4794 = EDGE_CURVE('',#4629,#4795,#4797,.T.);
#4795 = VERTEX_POINT('',#4796);
#4796 = CARTESIAN_POINT('',(-7.838180288672E-03,-8.555518463254E-03,
    1.186756533571E-03));
#4797 = SURFACE_CURVE('',#4798,(#4802,#4809),.PCURVE_S1.);
#4798 = LINE('',#4799,#4800);
#4799 = CARTESIAN_POINT('',(-5.338656716049E-03,-5.338656716049E-03,
    1.186756533571E-03));
#4800 = VECTOR('',#4801,1.);
#4801 = DIRECTION('',(-0.613561231563,-0.78964714596,0.));
#4802 = PCURVE('',#4669,#4803);
#4803 = DEFINITIONAL_REPRESENTATION('',(#4804),#4808);
#4804 = LINE('',#4805,#4806);
#4805 = CARTESIAN_POINT('',(-1.408911295388E-03,1.600612426694E-03));
#4806 = VECTOR('',#4807,1.);
#4807 = DIRECTION('',(0.613561231563,-0.78964714596));
#4808 = ( GEOMETRIC_REPRESENTATION_CONTEXT(2) 
PARAMETRIC_REPRESENTATION_CONTEXT() REPRESENTATION_CONTEXT('2D SPACE',''
  ) );
#4809 = PCURVE('',#4810,#4815);
#4810 = PLANE('',#4811);
#4811 = AXIS2_PLACEMENT_3D('',#4812,#4813,#4814);
#4812 = CARTESIAN_POINT('',(-6.065165074078E-03,-6.980751409826E-03,
    1.186756533571E-03));
#4813 = DIRECTION('',(-3.651099391218E-31,-8.932404897007E-32,-1.));
#4814 = DIRECTION('',(-1.,0.,3.651099391218E-31));
#4815 = DEFINITIONAL_REPRESENTATION('',(#4816),#4819);
#4816 = B_SPLINE_CURVE_WITH_KNOTS('',1,(#4817,#4818),.UNSPECIFIED.,.F.,
  .F.,(2,2),(0.,4.073796459169E-03),.PIECEWISE_BEZIER_KNOTS.);
#4817 = CARTESIAN_POINT('',(-7.265083580296E-04,1.642094693778E-03));
#4818 = CARTESIAN_POINT('',(1.773015214594E-03,-1.574767053428E-03));
#4819 = ( GEOMETRIC_REPRESENTATION_CONTEXT(2) 
PARAMETRIC_REPRESENTATION_CONTEXT() REPRESENTATION_CONTEXT('2D SPACE',''
  ) );
#4820 = ORIENTED_EDGE('',*,*,#4821,.T.);
#4821 = EDGE_CURVE('',#4795,#4596,#4822,.T.);
#4822 = SURFACE_CURVE('',#4823,(#4827,#4834),.PCURVE_S1.);
#4823 = LINE('',#4824,#4825);
#4824 = CARTESIAN_POINT('',(-7.838180288672E-03,-8.555518463254E-03,
    1.186756533571E-03));
#4825 = VECTOR('',#4826,1.);
#4826 = DIRECTION('',(-0.634393807052,0.773010024239,0.));
#4827 = PCURVE('',#4669,#4828);
#4828 = DEFINITIONAL_REPRESENTATION('',(#4829),#4833);
#4829 = LINE('',#4830,#4831);
#4830 = CARTESIAN_POINT('',(1.090612277236E-03,-1.616249320511E-03));
#4831 = VECTOR('',#4832,1.);
#4832 = DIRECTION('',(0.634393807052,0.773010024239));
#4833 = ( GEOMETRIC_REPRESENTATION_CONTEXT(2) 
PARAMETRIC_REPRESENTATION_CONTEXT() REPRESENTATION_CONTEXT('2D SPACE',''
  ) );
#4834 = PCURVE('',#4835,#4840);
#4835 = PLANE('',#4836);
#4836 = AXIS2_PLACEMENT_3D('',#4837,#4838,#4839);
#4837 = CARTESIAN_POINT('',(-7.934152776752E-03,-8.438575809476E-03,
    1.739816409122E-03));
#4838 = DIRECTION('',(-0.773010024239,-0.634393807052,3.96074391874E-17)
  );
#4839 = DIRECTION('',(0.634393807052,-0.773010024239,0.));
#4840 = DEFINITIONAL_REPRESENTATION('',(#4841),#4844);
#4841 = B_SPLINE_CURVE_WITH_KNOTS('',1,(#4842,#4843),.UNSPECIFIED.,.F.,
  .F.,(2,2),(0.,5.09688283711E-04),.PIECEWISE_BEZIER_KNOTS.);
#4842 = CARTESIAN_POINT('',(1.512821957165E-04,-5.530598755514E-04));
#4843 = CARTESIAN_POINT('',(-3.584060879944E-04,-5.530598755514E-04));
#4844 = ( GEOMETRIC_REPRESENTATION_CONTEXT(2) 
PARAMETRIC_REPRESENTATION_CONTEXT() REPRESENTATION_CONTEXT('2D SPACE',''
  ) );
#4845 = ORIENTED_EDGE('',*,*,#4655,.F.);
#4846 = ADVANCED_FACE('',(#4847),#4810,.T.);
#4847 = FACE_BOUND('',#4848,.T.);
#4848 = EDGE_LOOP('',(#4849,#4876,#4877));
#4849 = ORIENTED_EDGE('',*,*,#4850,.T.);
#4850 = EDGE_CURVE('',#4851,#4795,#4853,.T.);
#4851 = VERTEX_POINT('',#4852);
#4852 = CARTESIAN_POINT('',(-4.194555804133E-03,-6.277595646679E-03,
    1.186756533571E-03));
#4853 = SURFACE_CURVE('',#4854,(#4858,#4865),.PCURVE_S1.);
#4854 = LINE('',#4855,#4856);
#4855 = CARTESIAN_POINT('',(-4.194555804133E-03,-6.277595646679E-03,
    1.186756533571E-03));
#4856 = VECTOR('',#4857,1.);
#4857 = DIRECTION('',(-0.84792952656,-0.530108968033,0.));
#4858 = PCURVE('',#4810,#4859);
#4859 = DEFINITIONAL_REPRESENTATION('',(#4860),#4864);
#4860 = LINE('',#4861,#4862);
#4861 = CARTESIAN_POINT('',(-1.870609269945E-03,7.031557631471E-04));
#4862 = VECTOR('',#4863,1.);
#4863 = DIRECTION('',(0.84792952656,-0.530108968033));
#4864 = ( GEOMETRIC_REPRESENTATION_CONTEXT(2) 
PARAMETRIC_REPRESENTATION_CONTEXT() REPRESENTATION_CONTEXT('2D SPACE',''
  ) );
#4865 = PCURVE('',#4866,#4871);
#4866 = PLANE('',#4867);
#4867 = AXIS2_PLACEMENT_3D('',#4868,#4869,#4870);
#4868 = CARTESIAN_POINT('',(-6.053821893786E-03,-7.599288092588E-03,
    1.186756533571E-03));
#4869 = DIRECTION('',(1.865495707091E-30,-2.760519844272E-30,-1.));
#4870 = DIRECTION('',(0.,-1.,2.760519844272E-30));
#4871 = DEFINITIONAL_REPRESENTATION('',(#4872),#4875);
#4872 = B_SPLINE_CURVE_WITH_KNOTS('',1,(#4873,#4874),.UNSPECIFIED.,.F.,
  .F.,(2,2),(0.,4.297084097688E-03),.PIECEWISE_BEZIER_KNOTS.);
#4873 = CARTESIAN_POINT('',(-1.321692445908E-03,-1.859266089652E-03));
#4874 = CARTESIAN_POINT('',(9.562303706664E-04,1.784358394887E-03));
#4875 = ( GEOMETRIC_REPRESENTATION_CONTEXT(2) 
PARAMETRIC_REPRESENTATION_CONTEXT() REPRESENTATION_CONTEXT('2D SPACE',''
  ) );
#4876 = ORIENTED_EDGE('',*,*,#4794,.F.);
#4877 = ORIENTED_EDGE('',*,*,#4878,.T.);
#4878 = EDGE_CURVE('',#4629,#4851,#4879,.T.);
#4879 = SURFACE_CURVE('',#4880,(#4884,#4891),.PCURVE_S1.);
#4880 = LINE('',#4881,#4882);
#4881 = CARTESIAN_POINT('',(-5.338656716049E-03,-5.338656716049E-03,
    1.186756533571E-03));
#4882 = VECTOR('',#4883,1.);
#4883 = DIRECTION('',(0.7730105933,-0.63439311365,0.));
#4884 = PCURVE('',#4810,#4885);
#4885 = DEFINITIONAL_REPRESENTATION('',(#4886),#4890);
#4886 = LINE('',#4887,#4888);
#4887 = CARTESIAN_POINT('',(-7.265083580296E-04,1.642094693778E-03));
#4888 = VECTOR('',#4889,1.);
#4889 = DIRECTION('',(-0.7730105933,-0.63439311365));
#4890 = ( GEOMETRIC_REPRESENTATION_CONTEXT(2) 
PARAMETRIC_REPRESENTATION_CONTEXT() REPRESENTATION_CONTEXT('2D SPACE',''
  ) );
#4891 = PCURVE('',#4892,#4897);
#4892 = PLANE('',#4893);
#4893 = AXIS2_PLACEMENT_3D('',#4894,#4895,#4896);
#4894 = CARTESIAN_POINT('',(-4.648854720366E-03,-5.904762329136E-03,
    1.445678726048E-03));
#4895 = DIRECTION('',(0.63439311365,0.7730105933,1.102157420146E-16));
#4896 = DIRECTION('',(0.7730105933,-0.63439311365,-6.162975822039E-33));
#4897 = DEFINITIONAL_REPRESENTATION('',(#4898),#4901);
#4898 = B_SPLINE_CURVE_WITH_KNOTS('',1,(#4899,#4900),.UNSPECIFIED.,.F.,
  .F.,(2,2),(0.,1.480058516444E-03),.PIECEWISE_BEZIER_KNOTS.);
#4899 = CARTESIAN_POINT('',(-8.923577524835E-04,2.589221924772E-04));
#4900 = CARTESIAN_POINT('',(5.877007639608E-04,2.589221924772E-04));
#4901 = ( GEOMETRIC_REPRESENTATION_CONTEXT(2) 
PARAMETRIC_REPRESENTATION_CONTEXT() REPRESENTATION_CONTEXT('2D SPACE',''
  ) );
#4902 = ADVANCED_FACE('',(#4903),#4866,.T.);
#4903 = FACE_BOUND('',#4904,.T.);
#4904 = EDGE_LOOP('',(#4905,#4932,#4957));
#4905 = ORIENTED_EDGE('',*,*,#4906,.T.);
#4906 = EDGE_CURVE('',#4851,#4907,#4909,.T.);
#4907 = VERTEX_POINT('',#4908);
#4908 = CARTESIAN_POINT('',(-7.597914896905E-03,-9.005025029182E-03,
    1.186756533571E-03));
#4909 = SURFACE_CURVE('',#4910,(#4914,#4921),.PCURVE_S1.);
#4910 = LINE('',#4911,#4912);
#4911 = CARTESIAN_POINT('',(-4.194555804133E-03,-6.277595646679E-03,
    1.186756533571E-03));
#4912 = VECTOR('',#4913,1.);
#4913 = DIRECTION('',(-0.780338141246,-0.625357805834,0.));
#4914 = PCURVE('',#4866,#4915);
#4915 = DEFINITIONAL_REPRESENTATION('',(#4916),#4920);
#4916 = LINE('',#4917,#4918);
#4917 = CARTESIAN_POINT('',(-1.321692445908E-03,-1.859266089652E-03));
#4918 = VECTOR('',#4919,1.);
#4919 = DIRECTION('',(0.625357805834,0.780338141246));
#4920 = ( GEOMETRIC_REPRESENTATION_CONTEXT(2) 
PARAMETRIC_REPRESENTATION_CONTEXT() REPRESENTATION_CONTEXT('2D SPACE',''
  ) );
#4921 = PCURVE('',#4922,#4927);
#4922 = PLANE('',#4923);
#4923 = AXIS2_PLACEMENT_3D('',#4924,#4925,#4926);
#4924 = CARTESIAN_POINT('',(-5.273478056418E-03,-7.667443446303E-03,
    1.186756533571E-03));
#4925 = DIRECTION('',(4.555121600692E-32,-3.87724605255E-31,-1.));
#4926 = DIRECTION('',(0.,-1.,3.87724605255E-31));
#4927 = DEFINITIONAL_REPRESENTATION('',(#4928),#4931);
#4928 = B_SPLINE_CURVE_WITH_KNOTS('',1,(#4929,#4930),.UNSPECIFIED.,.F.,
  .F.,(2,2),(0.,4.361390162654E-03),.PIECEWISE_BEZIER_KNOTS.);
#4929 = CARTESIAN_POINT('',(-1.389847799623E-03,-1.078922252284E-03));
#4930 = CARTESIAN_POINT('',(1.33758158288E-03,2.324436840488E-03));
#4931 = ( GEOMETRIC_REPRESENTATION_CONTEXT(2) 
PARAMETRIC_REPRESENTATION_CONTEXT() REPRESENTATION_CONTEXT('2D SPACE',''
  ) );
#4932 = ORIENTED_EDGE('',*,*,#4933,.T.);
#4933 = EDGE_CURVE('',#4907,#4795,#4934,.T.);
#4934 = SURFACE_CURVE('',#4935,(#4939,#4946),.PCURVE_S1.);
#4935 = LINE('',#4936,#4937);
#4936 = CARTESIAN_POINT('',(-7.597914896905E-03,-9.005025029182E-03,
    1.186756533571E-03));
#4937 = VECTOR('',#4938,1.);
#4938 = DIRECTION('',(-0.471395404012,0.881921976751,0.));
#4939 = PCURVE('',#4866,#4940);
#4940 = DEFINITIONAL_REPRESENTATION('',(#4941),#4945);
#4941 = LINE('',#4942,#4943);
#4942 = CARTESIAN_POINT('',(1.405736936595E-03,1.54409300312E-03));
#4943 = VECTOR('',#4944,1.);
#4944 = DIRECTION('',(-0.881921976751,0.471395404012));
#4945 = ( GEOMETRIC_REPRESENTATION_CONTEXT(2) 
PARAMETRIC_REPRESENTATION_CONTEXT() REPRESENTATION_CONTEXT('2D SPACE',''
  ) );
#4946 = PCURVE('',#4947,#4952);
#4947 = PLANE('',#4948);
#4948 = AXIS2_PLACEMENT_3D('',#4949,#4950,#4951);
#4949 = CARTESIAN_POINT('',(-7.766866326297E-03,-8.688937987782E-03,
    1.739816179872E-03));
#4950 = DIRECTION('',(-0.881921976751,-0.471395404012,3.960743207309E-17
    ));
#4951 = DIRECTION('',(0.471395404012,-0.881921976751,0.));
#4952 = DEFINITIONAL_REPRESENTATION('',(#4953),#4956);
#4953 = B_SPLINE_CURVE_WITH_KNOTS('',1,(#4954,#4955),.UNSPECIFIED.,.F.,
  .F.,(2,2),(0.,5.096897206083E-04),.PIECEWISE_BEZIER_KNOTS.);
#4954 = CARTESIAN_POINT('',(3.584070356932E-04,-5.530596463013E-04));
#4955 = CARTESIAN_POINT('',(-1.512826849151E-04,-5.530596463013E-04));
#4956 = ( GEOMETRIC_REPRESENTATION_CONTEXT(2) 
PARAMETRIC_REPRESENTATION_CONTEXT() REPRESENTATION_CONTEXT('2D SPACE',''
  ) );
#4957 = ORIENTED_EDGE('',*,*,#4850,.F.);
#4958 = ADVANCED_FACE('',(#4959),#4922,.T.);
#4959 = FACE_BOUND('',#4960,.T.);
#4960 = EDGE_LOOP('',(#4961,#4988,#4989));
#4961 = ORIENTED_EDGE('',*,*,#4962,.T.);
#4962 = EDGE_CURVE('',#4963,#4907,#4965,.T.);
#4963 = VERTEX_POINT('',#4964);
#4964 = CARTESIAN_POINT('',(-2.889260649681E-03,-6.975290831178E-03,
    1.186756533571E-03));
#4965 = SURFACE_CURVE('',#4966,(#4970,#4977),.PCURVE_S1.);
#4966 = LINE('',#4967,#4968);
#4967 = CARTESIAN_POINT('',(-2.889260649681E-03,-6.975290831178E-03,
    1.186756533571E-03));
#4968 = VECTOR('',#4969,1.);
#4969 = DIRECTION('',(-0.918314030009,-0.395852677506,0.));
#4970 = PCURVE('',#4922,#4971);
#4971 = DEFINITIONAL_REPRESENTATION('',(#4972),#4976);
#4972 = LINE('',#4973,#4974);
#4973 = CARTESIAN_POINT('',(-6.921526151244E-04,-2.384217406737E-03));
#4974 = VECTOR('',#4975,1.);
#4975 = DIRECTION('',(0.395852677506,0.918314030009));
#4976 = ( GEOMETRIC_REPRESENTATION_CONTEXT(2) 
PARAMETRIC_REPRESENTATION_CONTEXT() REPRESENTATION_CONTEXT('2D SPACE',''
  ) );
#4977 = PCURVE('',#4978,#4983);
#4978 = PLANE('',#4979);
#4979 = AXIS2_PLACEMENT_3D('',#4980,#4981,#4982);
#4980 = CARTESIAN_POINT('',(-5.315213467418E-03,-8.166433213304E-03,
    1.186756533571E-03));
#4981 = DIRECTION('',(-0.,-0.,-1.));
#4982 = DIRECTION('',(-1.,0.,0.));
#4983 = DEFINITIONAL_REPRESENTATION('',(#4984),#4987);
#4984 = B_SPLINE_CURVE_WITH_KNOTS('',1,(#4985,#4986),.UNSPECIFIED.,.F.,
  .F.,(2,2),(0.,5.127498974593E-03),.PIECEWISE_BEZIER_KNOTS.);
#4985 = CARTESIAN_POINT('',(-2.425952817737E-03,1.191142382125E-03));
#4986 = CARTESIAN_POINT('',(2.282701429487E-03,-8.385918158787E-04));
#4987 = ( GEOMETRIC_REPRESENTATION_CONTEXT(2) 
PARAMETRIC_REPRESENTATION_CONTEXT() REPRESENTATION_CONTEXT('2D SPACE',''
  ) );
#4988 = ORIENTED_EDGE('',*,*,#4906,.F.);
#4989 = ORIENTED_EDGE('',*,*,#4990,.T.);
#4990 = EDGE_CURVE('',#4851,#4963,#4991,.T.);
#4991 = SURFACE_CURVE('',#4992,(#4996,#5003),.PCURVE_S1.);
#4992 = LINE('',#4993,#4994);
#4993 = CARTESIAN_POINT('',(-4.194555804133E-03,-6.277595646679E-03,
    1.186756533571E-03));
#4994 = VECTOR('',#4995,1.);
#4995 = DIRECTION('',(0.881921155154,-0.471396941113,0.));
#4996 = PCURVE('',#4922,#4997);
#4997 = DEFINITIONAL_REPRESENTATION('',(#4998),#5002);
#4998 = LINE('',#4999,#5000);
#4999 = CARTESIAN_POINT('',(-1.389847799623E-03,-1.078922252284E-03));
#5000 = VECTOR('',#5001,1.);
#5001 = DIRECTION('',(0.471396941113,-0.881921155154));
#5002 = ( GEOMETRIC_REPRESENTATION_CONTEXT(2) 
PARAMETRIC_REPRESENTATION_CONTEXT() REPRESENTATION_CONTEXT('2D SPACE',''
  ) );
#5003 = PCURVE('',#5004,#5009);
#5004 = PLANE('',#5005);
#5005 = AXIS2_PLACEMENT_3D('',#5006,#5007,#5008);
#5006 = CARTESIAN_POINT('',(-3.407566497796E-03,-6.698250429171E-03,
    1.445678717556E-03));
#5007 = DIRECTION('',(0.471396941113,0.881921155154,0.));
#5008 = DIRECTION('',(0.881921155154,-0.471396941113,0.));
#5009 = DEFINITIONAL_REPRESENTATION('',(#5010),#5013);
#5010 = B_SPLINE_CURVE_WITH_KNOTS('',1,(#5011,#5012),.UNSPECIFIED.,.F.,
  .F.,(2,2),(0.,1.480058786234E-03),.PIECEWISE_BEZIER_KNOTS.);
#5011 = CARTESIAN_POINT('',(-8.923578958706E-04,2.589221839853E-04));
#5012 = CARTESIAN_POINT('',(5.877008903639E-04,2.589221839853E-04));
#5013 = ( GEOMETRIC_REPRESENTATION_CONTEXT(2) 
PARAMETRIC_REPRESENTATION_CONTEXT() REPRESENTATION_CONTEXT('2D SPACE',''
  ) );
#5014 = ADVANCED_FACE('',(#5015),#4978,.T.);
#5015 = FACE_BOUND('',#5016,.T.);
#5016 = EDGE_LOOP('',(#5017,#5044,#5069));
#5017 = ORIENTED_EDGE('',*,*,#5018,.T.);
#5018 = EDGE_CURVE('',#4963,#5019,#5021,.T.);
#5019 = VERTEX_POINT('',#5020);
#5020 = CARTESIAN_POINT('',(-7.449960336089E-03,-9.492767043412E-03,
    1.186756533571E-03));
#5021 = SURFACE_CURVE('',#5022,(#5026,#5033),.PCURVE_S1.);
#5022 = LINE('',#5023,#5024);
#5023 = CARTESIAN_POINT('',(-2.889260649681E-03,-6.975290831178E-03,
    1.186756533571E-03));
#5024 = VECTOR('',#5025,1.);
#5025 = DIRECTION('',(-0.875477949995,-0.483258066743,0.));
#5026 = PCURVE('',#4978,#5027);
#5027 = DEFINITIONAL_REPRESENTATION('',(#5028),#5032);
#5028 = LINE('',#5029,#5030);
#5029 = CARTESIAN_POINT('',(-2.425952817737E-03,1.191142382125E-03));
#5030 = VECTOR('',#5031,1.);
#5031 = DIRECTION('',(0.875477949995,-0.483258066743));
#5032 = ( GEOMETRIC_REPRESENTATION_CONTEXT(2) 
PARAMETRIC_REPRESENTATION_CONTEXT() REPRESENTATION_CONTEXT('2D SPACE',''
  ) );
#5033 = PCURVE('',#5034,#5039);
#5034 = PLANE('',#5035);
#5035 = AXIS2_PLACEMENT_3D('',#5036,#5037,#5038);
#5036 = CARTESIAN_POINT('',(-4.485565340296E-03,-8.219820559961E-03,
    1.186756533571E-03));
#5037 = DIRECTION('',(-0.,-0.,-1.));
#5038 = DIRECTION('',(-1.,0.,0.));
#5039 = DEFINITIONAL_REPRESENTATION('',(#5040),#5043);
#5040 = B_SPLINE_CURVE_WITH_KNOTS('',1,(#5041,#5042),.UNSPECIFIED.,.F.,
  .F.,(2,2),(0.,5.209382699396E-03),.PIECEWISE_BEZIER_KNOTS.);
#5041 = CARTESIAN_POINT('',(-1.596304690615E-03,1.244529728782E-03));
#5042 = CARTESIAN_POINT('',(2.964394995793E-03,-1.272946483451E-03));
#5043 = ( GEOMETRIC_REPRESENTATION_CONTEXT(2) 
PARAMETRIC_REPRESENTATION_CONTEXT() REPRESENTATION_CONTEXT('2D SPACE',''
  ) );
#5044 = ORIENTED_EDGE('',*,*,#5045,.T.);
#5045 = EDGE_CURVE('',#5019,#4907,#5046,.T.);
#5046 = SURFACE_CURVE('',#5047,(#5051,#5058),.PCURVE_S1.);
#5047 = LINE('',#5048,#5049);
#5048 = CARTESIAN_POINT('',(-7.449960336089E-03,-9.492767043412E-03,
    1.186756533571E-03));
#5049 = VECTOR('',#5050,1.);
#5050 = DIRECTION('',(-0.290284027483,0.956940532838,0.));
#5051 = PCURVE('',#4978,#5052);
#5052 = DEFINITIONAL_REPRESENTATION('',(#5053),#5057);
#5053 = LINE('',#5054,#5055);
#5054 = CARTESIAN_POINT('',(2.134746868671E-03,-1.326333830108E-03));
#5055 = VECTOR('',#5056,1.);
#5056 = DIRECTION('',(0.290284027483,0.956940532838));
#5057 = ( GEOMETRIC_REPRESENTATION_CONTEXT(2) 
PARAMETRIC_REPRESENTATION_CONTEXT() REPRESENTATION_CONTEXT('2D SPACE',''
  ) );
#5058 = PCURVE('',#5059,#5064);
#5059 = PLANE('',#5060);
#5060 = AXIS2_PLACEMENT_3D('',#5061,#5062,#5063);
#5061 = CARTESIAN_POINT('',(-7.554000026118E-03,-9.149793310837E-03,
    1.739816303013E-03));
#5062 = DIRECTION('',(-0.956940532838,-0.290284027483,-0.));
#5063 = DIRECTION('',(0.290284027483,-0.956940532838,0.));
#5064 = DEFINITIONAL_REPRESENTATION('',(#5065),#5068);
#5065 = B_SPLINE_CURVE_WITH_KNOTS('',1,(#5066,#5067),.UNSPECIFIED.,.F.,
  .F.,(2,2),(0.,5.096889487823E-04),.PIECEWISE_BEZIER_KNOTS.);
#5066 = CARTESIAN_POINT('',(3.584065266391E-04,-5.530597694424E-04));
#5067 = CARTESIAN_POINT('',(-1.512824221432E-04,-5.530597694424E-04));
#5068 = ( GEOMETRIC_REPRESENTATION_CONTEXT(2) 
PARAMETRIC_REPRESENTATION_CONTEXT() REPRESENTATION_CONTEXT('2D SPACE',''
  ) );
#5069 = ORIENTED_EDGE('',*,*,#4962,.F.);
#5070 = ADVANCED_FACE('',(#5071),#5034,.T.);
#5071 = FACE_BOUND('',#5072,.T.);
#5072 = EDGE_LOOP('',(#5073,#5100,#5101));
#5073 = ORIENTED_EDGE('',*,*,#5074,.T.);
#5074 = EDGE_CURVE('',#5075,#5019,#5077,.T.);
#5075 = VERTEX_POINT('',#5076);
#5076 = CARTESIAN_POINT('',(-1.472932170145E-03,-7.404929026961E-03,
    1.186756533571E-03));
#5077 = SURFACE_CURVE('',#5078,(#5082,#5089),.PCURVE_S1.);
#5078 = LINE('',#5079,#5080);
#5079 = CARTESIAN_POINT('',(-1.472932170145E-03,-7.404929026961E-03,
    1.186756533571E-03));
#5080 = VECTOR('',#5081,1.);
#5081 = DIRECTION('',(-0.944061174332,-0.32977037332,0.));
#5082 = PCURVE('',#5034,#5083);
#5083 = DEFINITIONAL_REPRESENTATION('',(#5084),#5088);
#5084 = LINE('',#5085,#5086);
#5085 = CARTESIAN_POINT('',(-3.012633170151E-03,8.148915329993E-04));
#5086 = VECTOR('',#5087,1.);
#5087 = DIRECTION('',(0.944061174332,-0.32977037332));
#5088 = ( GEOMETRIC_REPRESENTATION_CONTEXT(2) 
PARAMETRIC_REPRESENTATION_CONTEXT() REPRESENTATION_CONTEXT('2D SPACE',''
  ) );
#5089 = PCURVE('',#5090,#5095);
#5090 = PLANE('',#5091);
#5091 = AXIS2_PLACEMENT_3D('',#5092,#5093,#5094);
#5092 = CARTESIAN_POINT('',(-4.56277902978E-03,-8.621809344965E-03,
    1.186756533571E-03));
#5093 = DIRECTION('',(3.211200620961E-30,-8.220858828253E-30,-1.));
#5094 = DIRECTION('',(0.,-1.,8.220858828253E-30));
#5095 = DEFINITIONAL_REPRESENTATION('',(#5096),#5099);
#5096 = B_SPLINE_CURVE_WITH_KNOTS('',1,(#5097,#5098),.UNSPECIFIED.,.F.,
  .F.,(2,2),(0.,6.331187351471E-03),.PIECEWISE_BEZIER_KNOTS.);
#5097 = CARTESIAN_POINT('',(-1.216880318004E-03,-3.089846859635E-03));
#5098 = CARTESIAN_POINT('',(8.709576984465E-04,2.887181306309E-03));
#5099 = ( GEOMETRIC_REPRESENTATION_CONTEXT(2) 
PARAMETRIC_REPRESENTATION_CONTEXT() REPRESENTATION_CONTEXT('2D SPACE',''
  ) );
#5100 = ORIENTED_EDGE('',*,*,#5018,.F.);
#5101 = ORIENTED_EDGE('',*,*,#5102,.T.);
#5102 = EDGE_CURVE('',#4963,#5075,#5103,.T.);
#5103 = SURFACE_CURVE('',#5104,(#5108,#5115),.PCURVE_S1.);
#5104 = LINE('',#5105,#5106);
#5105 = CARTESIAN_POINT('',(-2.889260649681E-03,-6.975290831178E-03,
    1.186756533571E-03));
#5106 = VECTOR('',#5107,1.);
#5107 = DIRECTION('',(0.956940401682,-0.290284459849,0.));
#5108 = PCURVE('',#5034,#5109);
#5109 = DEFINITIONAL_REPRESENTATION('',(#5110),#5114);
#5110 = LINE('',#5111,#5112);
#5111 = CARTESIAN_POINT('',(-1.596304690615E-03,1.244529728782E-03));
#5112 = VECTOR('',#5113,1.);
#5113 = DIRECTION('',(-0.956940401682,-0.290284459849));
#5114 = ( GEOMETRIC_REPRESENTATION_CONTEXT(2) 
PARAMETRIC_REPRESENTATION_CONTEXT() REPRESENTATION_CONTEXT('2D SPACE',''
  ) );
#5115 = PCURVE('',#5116,#5121);
#5116 = PLANE('',#5117);
#5117 = AXIS2_PLACEMENT_3D('',#5118,#5119,#5120);
#5118 = CARTESIAN_POINT('',(-2.035327097762E-03,-7.234328530318E-03,
    1.445678703408E-03));
#5119 = DIRECTION('',(0.290284459849,0.956940401682,-1.653236276992E-16)
  );
#5120 = DIRECTION('',(0.956940401682,-0.290284459849,0.));
#5121 = DEFINITIONAL_REPRESENTATION('',(#5122),#5125);
#5122 = B_SPLINE_CURVE_WITH_KNOTS('',1,(#5123,#5124),.UNSPECIFIED.,.F.,
  .F.,(2,2),(0.,1.480059235713E-03),.PIECEWISE_BEZIER_KNOTS.);
#5123 = CARTESIAN_POINT('',(-8.923581347578E-04,2.589221698374E-04));
#5124 = CARTESIAN_POINT('',(5.877011009554E-04,2.589221698374E-04));
#5125 = ( GEOMETRIC_REPRESENTATION_CONTEXT(2) 
PARAMETRIC_REPRESENTATION_CONTEXT() REPRESENTATION_CONTEXT('2D SPACE',''
  ) );
#5126 = ADVANCED_FACE('',(#5127),#5090,.T.);
#5127 = FACE_BOUND('',#5128,.T.);
#5128 = EDGE_LOOP('',(#5129,#5156,#5181));
#5129 = ORIENTED_EDGE('',*,*,#5130,.T.);
#5130 = EDGE_CURVE('',#5075,#5131,#5133,.T.);
#5131 = VERTEX_POINT('',#5132);
#5132 = CARTESIAN_POINT('',(-7.400001399219E-03,-1.000000163913E-02,
    1.186756533571E-03));
#5133 = SURFACE_CURVE('',#5134,(#5138,#5145),.PCURVE_S1.);
#5134 = LINE('',#5135,#5136);
#5135 = CARTESIAN_POINT('',(-1.472932170145E-03,-7.404929026961E-03,
    1.186756533571E-03));
#5136 = VECTOR('',#5137,1.);
#5137 = DIRECTION('',(-0.916044936339,-0.40107564699,0.));
#5138 = PCURVE('',#5090,#5139);
#5139 = DEFINITIONAL_REPRESENTATION('',(#5140),#5144);
#5140 = LINE('',#5141,#5142);
#5141 = CARTESIAN_POINT('',(-1.216880318004E-03,-3.089846859635E-03));
#5142 = VECTOR('',#5143,1.);
#5143 = DIRECTION('',(0.40107564699,0.916044936339));
#5144 = ( GEOMETRIC_REPRESENTATION_CONTEXT(2) 
PARAMETRIC_REPRESENTATION_CONTEXT() REPRESENTATION_CONTEXT('2D SPACE',''
  ) );
#5145 = PCURVE('',#5146,#5151);
#5146 = PLANE('',#5147);
#5147 = AXIS2_PLACEMENT_3D('',#5148,#5149,#5150);
#5148 = CARTESIAN_POINT('',(-3.724067260705E-03,-8.623225927557E-03,
    1.186756533571E-03));
#5149 = DIRECTION('',(-0.,-0.,-1.));
#5150 = DIRECTION('',(-1.,0.,0.));
#5151 = DEFINITIONAL_REPRESENTATION('',(#5152),#5155);
#5152 = B_SPLINE_CURVE_WITH_KNOTS('',1,(#5153,#5154),.UNSPECIFIED.,.F.,
  .F.,(2,2),(0.,6.470282181532E-03),.PIECEWISE_BEZIER_KNOTS.);
#5153 = CARTESIAN_POINT('',(-2.25113509056E-03,1.218296900596E-03));
#5154 = CARTESIAN_POINT('',(3.675934138514E-03,-1.376775711571E-03));
#5155 = ( GEOMETRIC_REPRESENTATION_CONTEXT(2) 
PARAMETRIC_REPRESENTATION_CONTEXT() REPRESENTATION_CONTEXT('2D SPACE',''
  ) );
#5156 = ORIENTED_EDGE('',*,*,#5157,.T.);
#5157 = EDGE_CURVE('',#5131,#5019,#5158,.T.);
#5158 = SURFACE_CURVE('',#5159,(#5163,#5170),.PCURVE_S1.);
#5159 = LINE('',#5160,#5161);
#5160 = CARTESIAN_POINT('',(-7.400001399219E-03,-1.000000163913E-02,
    1.186756533571E-03));
#5161 = VECTOR('',#5162,1.);
#5162 = DIRECTION('',(-9.80184805203E-02,0.995184594674,0.));
#5163 = PCURVE('',#5090,#5164);
#5164 = DEFINITIONAL_REPRESENTATION('',(#5165),#5169);
#5165 = LINE('',#5166,#5167);
#5166 = CARTESIAN_POINT('',(1.378192294163E-03,2.837222369439E-03));
#5167 = VECTOR('',#5168,1.);
#5168 = DIRECTION('',(-0.995184594674,9.80184805203E-02));
#5169 = ( GEOMETRIC_REPRESENTATION_CONTEXT(2) 
PARAMETRIC_REPRESENTATION_CONTEXT() REPRESENTATION_CONTEXT('2D SPACE',''
  ) );
#5170 = PCURVE('',#5171,#5176);
#5171 = PLANE('',#5172);
#5172 = AXIS2_PLACEMENT_3D('',#5173,#5174,#5175);
#5173 = CARTESIAN_POINT('',(-7.435131862746E-03,-9.643320981352E-03,
    1.739816302081E-03));
#5174 = DIRECTION('',(-0.995184594674,-9.80184805203E-02,-0.));
#5175 = DIRECTION('',(9.80184805203E-02,-0.995184594674,0.));
#5176 = DEFINITIONAL_REPRESENTATION('',(#5177),#5180);
#5177 = B_SPLINE_CURVE_WITH_KNOTS('',1,(#5178,#5179),.UNSPECIFIED.,.F.,
  .F.,(2,2),(0.,5.096889546227E-04),.PIECEWISE_BEZIER_KNOTS.);
#5178 = CARTESIAN_POINT('',(3.584065304911E-04,-5.530597685106E-04));
#5179 = CARTESIAN_POINT('',(-1.512824241316E-04,-5.530597685106E-04));
#5180 = ( GEOMETRIC_REPRESENTATION_CONTEXT(2) 
PARAMETRIC_REPRESENTATION_CONTEXT() REPRESENTATION_CONTEXT('2D SPACE',''
  ) );
#5181 = ORIENTED_EDGE('',*,*,#5074,.F.);
#5182 = ADVANCED_FACE('',(#5183),#5146,.T.);
#5183 = FACE_BOUND('',#5184,.T.);
#5184 = EDGE_LOOP('',(#5185,#5212,#5213));
#5185 = ORIENTED_EDGE('',*,*,#5186,.T.);
#5186 = EDGE_CURVE('',#5187,#5131,#5189,.T.);
#5187 = VERTEX_POINT('',#5188);
#5188 = CARTESIAN_POINT('',(0.,-7.550000678748E-03,1.186756533571E-03));
#5189 = SURFACE_CURVE('',#5190,(#5194,#5201),.PCURVE_S1.);
#5190 = LINE('',#5191,#5192);
#5191 = CARTESIAN_POINT('',(0.,-7.550000678748E-03,1.186756533571E-03));
#5192 = VECTOR('',#5193,1.);
#5193 = DIRECTION('',(-0.949322761709,-0.314302870016,0.));
#5194 = PCURVE('',#5146,#5195);
#5195 = DEFINITIONAL_REPRESENTATION('',(#5196),#5200);
#5196 = LINE('',#5197,#5198);
#5197 = CARTESIAN_POINT('',(-3.724067260705E-03,1.073225248809E-03));
#5198 = VECTOR('',#5199,1.);
#5199 = DIRECTION('',(0.949322761709,-0.314302870016));
#5200 = ( GEOMETRIC_REPRESENTATION_CONTEXT(2) 
PARAMETRIC_REPRESENTATION_CONTEXT() REPRESENTATION_CONTEXT('2D SPACE',''
  ) );
#5201 = PCURVE('',#5202,#5207);
#5202 = PLANE('',#5203);
#5203 = AXIS2_PLACEMENT_3D('',#5204,#5205,#5206);
#5204 = CARTESIAN_POINT('',(-3.828602586199E-03,-8.945740204748E-03,
    1.186756533571E-03));
#5205 = DIRECTION('',(-0.,-0.,-1.));
#5206 = DIRECTION('',(-1.,0.,0.));
#5207 = DEFINITIONAL_REPRESENTATION('',(#5208),#5211);
#5208 = B_SPLINE_CURVE_WITH_KNOTS('',1,(#5209,#5210),.UNSPECIFIED.,.F.,
  .F.,(2,2),(0.,7.79503209835E-03),.PIECEWISE_BEZIER_KNOTS.);
#5209 = CARTESIAN_POINT('',(-3.828602586199E-03,1.395739526E-03));
#5210 = CARTESIAN_POINT('',(3.57139881302E-03,-1.05426143438E-03));
#5211 = ( GEOMETRIC_REPRESENTATION_CONTEXT(2) 
PARAMETRIC_REPRESENTATION_CONTEXT() REPRESENTATION_CONTEXT('2D SPACE',''
  ) );
#5212 = ORIENTED_EDGE('',*,*,#5130,.F.);
#5213 = ORIENTED_EDGE('',*,*,#5214,.T.);
#5214 = EDGE_CURVE('',#5075,#5187,#5215,.T.);
#5215 = SURFACE_CURVE('',#5216,(#5220,#5227),.PCURVE_S1.);
#5216 = LINE('',#5217,#5218);
#5217 = CARTESIAN_POINT('',(-1.472932170145E-03,-7.404929026961E-03,
    1.186756533571E-03));
#5218 = VECTOR('',#5219,1.);
#5219 = DIRECTION('',(0.995184694029,-9.801747176263E-02,0.));
#5220 = PCURVE('',#5146,#5221);
#5221 = DEFINITIONAL_REPRESENTATION('',(#5222),#5226);
#5222 = LINE('',#5223,#5224);
#5223 = CARTESIAN_POINT('',(-2.25113509056E-03,1.218296900596E-03));
#5224 = VECTOR('',#5225,1.);
#5225 = DIRECTION('',(-0.995184694029,-9.801747176263E-02));
#5226 = ( GEOMETRIC_REPRESENTATION_CONTEXT(2) 
PARAMETRIC_REPRESENTATION_CONTEXT() REPRESENTATION_CONTEXT('2D SPACE',''
  ) );
#5227 = PCURVE('',#5228,#5233);
#5228 = PLANE('',#5229);
#5229 = AXIS2_PLACEMENT_3D('',#5230,#5231,#5232);
#5230 = CARTESIAN_POINT('',(-5.848710806014E-04,-7.492395708563E-03,
    1.44567870744E-03));
#5231 = DIRECTION('',(9.801747176263E-02,0.995184694029,
    5.510787502833E-17));
#5232 = DIRECTION('',(0.995184694029,-9.801747176263E-02,
    -7.703719777549E-34));
#5233 = DEFINITIONAL_REPRESENTATION('',(#5234),#5237);
#5234 = B_SPLINE_CURVE_WITH_KNOTS('',1,(#5235,#5236),.UNSPECIFIED.,.F.,
  .F.,(2,2),(0.,1.480059107604E-03),.PIECEWISE_BEZIER_KNOTS.);
#5235 = CARTESIAN_POINT('',(-8.923580666707E-04,2.589221738698E-04));
#5236 = CARTESIAN_POINT('',(5.877010409331E-04,2.589221738698E-04));
#5237 = ( GEOMETRIC_REPRESENTATION_CONTEXT(2) 
PARAMETRIC_REPRESENTATION_CONTEXT() REPRESENTATION_CONTEXT('2D SPACE',''
  ) );
#5238 = ADVANCED_FACE('',(#5239),#5202,.T.);
#5239 = FACE_BOUND('',#5240,.T.);
#5240 = EDGE_LOOP('',(#5241,#5268,#5293));
#5241 = ORIENTED_EDGE('',*,*,#5242,.T.);
#5242 = EDGE_CURVE('',#5187,#5243,#5245,.T.);
#5243 = VERTEX_POINT('',#5244);
#5244 = CARTESIAN_POINT('',(-7.449960336089E-03,-1.050723623484E-02,
    1.186756533571E-03));
#5245 = SURFACE_CURVE('',#5246,(#5250,#5257),.PCURVE_S1.);
#5246 = LINE('',#5247,#5248);
#5247 = CARTESIAN_POINT('',(0.,-7.550000678748E-03,1.186756533571E-03));
#5248 = VECTOR('',#5249,1.);
#5249 = DIRECTION('',(-0.929452121643,-0.368942751077,0.));
#5250 = PCURVE('',#5202,#5251);
#5251 = DEFINITIONAL_REPRESENTATION('',(#5252),#5256);
#5252 = LINE('',#5253,#5254);
#5253 = CARTESIAN_POINT('',(-3.828602586199E-03,1.395739526E-03));
#5254 = VECTOR('',#5255,1.);
#5255 = DIRECTION('',(0.929452121643,-0.368942751077));
#5256 = ( GEOMETRIC_REPRESENTATION_CONTEXT(2) 
PARAMETRIC_REPRESENTATION_CONTEXT() REPRESENTATION_CONTEXT('2D SPACE',''
  ) );
#5257 = PCURVE('',#5258,#5263);
#5258 = PLANE('',#5259);
#5259 = AXIS2_PLACEMENT_3D('',#5260,#5261,#5262);
#5260 = CARTESIAN_POINT('',(-3.009097798412E-03,-8.871244191565E-03,
    1.186756533571E-03));
#5261 = DIRECTION('',(-0.,-0.,-1.));
#5262 = DIRECTION('',(-1.,0.,0.));
#5263 = DEFINITIONAL_REPRESENTATION('',(#5264),#5267);
#5264 = B_SPLINE_CURVE_WITH_KNOTS('',1,(#5265,#5266),.UNSPECIFIED.,.F.,
  .F.,(2,2),(0.,8.015432062187E-03),.PIECEWISE_BEZIER_KNOTS.);
#5265 = CARTESIAN_POINT('',(-3.009097798412E-03,1.321243512817E-03));
#5266 = CARTESIAN_POINT('',(4.440862537677E-03,-1.635992043279E-03));
#5267 = ( GEOMETRIC_REPRESENTATION_CONTEXT(2) 
PARAMETRIC_REPRESENTATION_CONTEXT() REPRESENTATION_CONTEXT('2D SPACE',''
  ) );
#5268 = ORIENTED_EDGE('',*,*,#5269,.T.);
#5269 = EDGE_CURVE('',#5243,#5131,#5270,.T.);
#5270 = SURFACE_CURVE('',#5271,(#5275,#5282),.PCURVE_S1.);
#5271 = LINE('',#5272,#5273);
#5272 = CARTESIAN_POINT('',(-7.449960336089E-03,-1.050723623484E-02,
    1.186756533571E-03));
#5273 = VECTOR('',#5274,1.);
#5274 = DIRECTION('',(9.80184805203E-02,0.995184594674,0.));
#5275 = PCURVE('',#5202,#5276);
#5276 = DEFINITIONAL_REPRESENTATION('',(#5277),#5281);
#5277 = LINE('',#5278,#5279);
#5278 = CARTESIAN_POINT('',(3.621357749891E-03,-1.561496030096E-03));
#5279 = VECTOR('',#5280,1.);
#5280 = DIRECTION('',(-9.80184805203E-02,0.995184594674));
#5281 = ( GEOMETRIC_REPRESENTATION_CONTEXT(2) 
PARAMETRIC_REPRESENTATION_CONTEXT() REPRESENTATION_CONTEXT('2D SPACE',''
  ) );
#5282 = PCURVE('',#5283,#5288);
#5283 = PLANE('',#5284);
#5284 = AXIS2_PLACEMENT_3D('',#5285,#5286,#5287);
#5285 = CARTESIAN_POINT('',(-7.414829872562E-03,-1.015055557707E-02,
    1.739816302081E-03));
#5286 = DIRECTION('',(-0.995184594674,9.80184805203E-02,
    -9.9018589664E-18));
#5287 = DIRECTION('',(-9.80184805203E-02,-0.995184594674,0.));
#5288 = DEFINITIONAL_REPRESENTATION('',(#5289),#5292);
#5289 = B_SPLINE_CURVE_WITH_KNOTS('',1,(#5290,#5291),.UNSPECIFIED.,.F.,
  .F.,(2,2),(0.,5.096889546227E-04),.PIECEWISE_BEZIER_KNOTS.);
#5290 = CARTESIAN_POINT('',(3.584065304911E-04,-5.530597685106E-04));
#5291 = CARTESIAN_POINT('',(-1.512824241316E-04,-5.530597685106E-04));
#5292 = ( GEOMETRIC_REPRESENTATION_CONTEXT(2) 
PARAMETRIC_REPRESENTATION_CONTEXT() REPRESENTATION_CONTEXT('2D SPACE',''
  ) );
#5293 = ORIENTED_EDGE('',*,*,#5186,.F.);
#5294 = ADVANCED_FACE('',(#5295),#5258,.T.);
#5295 = FACE_BOUND('',#5296,.T.);
#5296 = EDGE_LOOP('',(#5297,#5324,#5325));
#5297 = ORIENTED_EDGE('',*,*,#5298,.T.);
#5298 = EDGE_CURVE('',#5299,#5243,#5301,.T.);
#5299 = VERTEX_POINT('',#5300);
#5300 = CARTESIAN_POINT('',(1.472932170145E-03,-7.404929026961E-03,
    1.186756533571E-03));
#5301 = SURFACE_CURVE('',#5302,(#5306,#5313),.PCURVE_S1.);
#5302 = LINE('',#5303,#5304);
#5303 = CARTESIAN_POINT('',(1.472932170145E-03,-7.404929026961E-03,
    1.186756533571E-03));
#5304 = VECTOR('',#5305,1.);
#5305 = DIRECTION('',(-0.944539736832,-0.328397146067,0.));
#5306 = PCURVE('',#5258,#5307);
#5307 = DEFINITIONAL_REPRESENTATION('',(#5308),#5312);
#5308 = LINE('',#5309,#5310);
#5309 = CARTESIAN_POINT('',(-4.482029968557E-03,1.466315164603E-03));
#5310 = VECTOR('',#5311,1.);
#5311 = DIRECTION('',(0.944539736832,-0.328397146067));
#5312 = ( GEOMETRIC_REPRESENTATION_CONTEXT(2) 
PARAMETRIC_REPRESENTATION_CONTEXT() REPRESENTATION_CONTEXT('2D SPACE',''
  ) );
#5313 = PCURVE('',#5314,#5319);
#5314 = PLANE('',#5315);
#5315 = AXIS2_PLACEMENT_3D('',#5316,#5317,#5318);
#5316 = CARTESIAN_POINT('',(-3.142397214544E-03,-9.123188095745E-03,
    1.186756533571E-03));
#5317 = DIRECTION('',(-0.,-0.,-1.));
#5318 = DIRECTION('',(-1.,0.,0.));
#5319 = DEFINITIONAL_REPRESENTATION('',(#5320),#5323);
#5320 = B_SPLINE_CURVE_WITH_KNOTS('',1,(#5321,#5322),.UNSPECIFIED.,.F.,
  .F.,(2,2),(0.,9.446815372912E-03),.PIECEWISE_BEZIER_KNOTS.);
#5321 = CARTESIAN_POINT('',(-4.615329384689E-03,1.718259068783E-03));
#5322 = CARTESIAN_POINT('',(4.307563121546E-03,-1.384048139099E-03));
#5323 = ( GEOMETRIC_REPRESENTATION_CONTEXT(2) 
PARAMETRIC_REPRESENTATION_CONTEXT() REPRESENTATION_CONTEXT('2D SPACE',''
  ) );
#5324 = ORIENTED_EDGE('',*,*,#5242,.F.);
#5325 = ORIENTED_EDGE('',*,*,#5326,.T.);
#5326 = EDGE_CURVE('',#5187,#5299,#5327,.T.);
#5327 = SURFACE_CURVE('',#5328,(#5332,#5339),.PCURVE_S1.);
#5328 = LINE('',#5329,#5330);
#5329 = CARTESIAN_POINT('',(0.,-7.550000678748E-03,1.186756533571E-03));
#5330 = VECTOR('',#5331,1.);
#5331 = DIRECTION('',(0.995184694029,9.801747176263E-02,0.));
#5332 = PCURVE('',#5258,#5333);
#5333 = DEFINITIONAL_REPRESENTATION('',(#5334),#5338);
#5334 = LINE('',#5335,#5336);
#5335 = CARTESIAN_POINT('',(-3.009097798412E-03,1.321243512817E-03));
#5336 = VECTOR('',#5337,1.);
#5337 = DIRECTION('',(-0.995184694029,9.801747176263E-02));
#5338 = ( GEOMETRIC_REPRESENTATION_CONTEXT(2) 
PARAMETRIC_REPRESENTATION_CONTEXT() REPRESENTATION_CONTEXT('2D SPACE',''
  ) );
#5339 = PCURVE('',#5340,#5345);
#5340 = PLANE('',#5341);
#5341 = AXIS2_PLACEMENT_3D('',#5342,#5343,#5344);
#5342 = CARTESIAN_POINT('',(8.880610895438E-04,-7.462533997146E-03,
    1.44567870744E-03));
#5343 = DIRECTION('',(-9.801747176263E-02,0.995184694029,
    -8.266181254249E-17));
#5344 = DIRECTION('',(0.995184694029,9.801747176263E-02,0.));
#5345 = DEFINITIONAL_REPRESENTATION('',(#5346),#5349);
#5346 = B_SPLINE_CURVE_WITH_KNOTS('',1,(#5347,#5348),.UNSPECIFIED.,.F.,
  .F.,(2,2),(0.,1.480059107604E-03),.PIECEWISE_BEZIER_KNOTS.);
#5347 = CARTESIAN_POINT('',(-8.923580666707E-04,2.589221738698E-04));
#5348 = CARTESIAN_POINT('',(5.877010409331E-04,2.589221738698E-04));
#5349 = ( GEOMETRIC_REPRESENTATION_CONTEXT(2) 
PARAMETRIC_REPRESENTATION_CONTEXT() REPRESENTATION_CONTEXT('2D SPACE',''
  ) );
#5350 = ADVANCED_FACE('',(#5351),#5314,.T.);
#5351 = FACE_BOUND('',#5352,.T.);
#5352 = EDGE_LOOP('',(#5353,#5380,#5405));
#5353 = ORIENTED_EDGE('',*,*,#5354,.T.);
#5354 = EDGE_CURVE('',#5299,#5355,#5357,.T.);
#5355 = VERTEX_POINT('',#5356);
#5356 = CARTESIAN_POINT('',(-7.597914896905E-03,-1.099497824907E-02,
    1.186756533571E-03));
#5357 = SURFACE_CURVE('',#5358,(#5362,#5369),.PCURVE_S1.);
#5358 = LINE('',#5359,#5360);
#5359 = CARTESIAN_POINT('',(1.472932170145E-03,-7.404929026961E-03,
    1.186756533571E-03));
#5360 = VECTOR('',#5361,1.);
#5361 = DIRECTION('',(-0.92982395553,-0.368004635463,0.));
#5362 = PCURVE('',#5314,#5363);
#5363 = DEFINITIONAL_REPRESENTATION('',(#5364),#5368);
#5364 = LINE('',#5365,#5366);
#5365 = CARTESIAN_POINT('',(-4.615329384689E-03,1.718259068783E-03));
#5366 = VECTOR('',#5367,1.);
#5367 = DIRECTION('',(0.92982395553,-0.368004635463));
#5368 = ( GEOMETRIC_REPRESENTATION_CONTEXT(2) 
PARAMETRIC_REPRESENTATION_CONTEXT() REPRESENTATION_CONTEXT('2D SPACE',''
  ) );
#5369 = PCURVE('',#5370,#5375);
#5370 = PLANE('',#5371);
#5371 = AXIS2_PLACEMENT_3D('',#5372,#5373,#5374);
#5372 = CARTESIAN_POINT('',(-2.363040582084E-03,-8.960160341115E-03,
    1.186756533571E-03));
#5373 = DIRECTION('',(2.453860057259E-29,-6.331592461747E-29,-1.));
#5374 = DIRECTION('',(0.,-1.,6.331592461747E-29));
#5375 = DEFINITIONAL_REPRESENTATION('',(#5376),#5379);
#5376 = B_SPLINE_CURVE_WITH_KNOTS('',1,(#5377,#5378),.UNSPECIFIED.,.F.,
  .F.,(2,2),(0.,9.755445655172E-03),.PIECEWISE_BEZIER_KNOTS.);
#5377 = CARTESIAN_POINT('',(-1.555231314154E-03,-3.835972752229E-03));
#5378 = CARTESIAN_POINT('',(2.034817907958E-03,5.234874314821E-03));
#5379 = ( GEOMETRIC_REPRESENTATION_CONTEXT(2) 
PARAMETRIC_REPRESENTATION_CONTEXT() REPRESENTATION_CONTEXT('2D SPACE',''
  ) );
#5380 = ORIENTED_EDGE('',*,*,#5381,.T.);
#5381 = EDGE_CURVE('',#5355,#5243,#5382,.T.);
#5382 = SURFACE_CURVE('',#5383,(#5387,#5394),.PCURVE_S1.);
#5383 = LINE('',#5384,#5385);
#5384 = CARTESIAN_POINT('',(-7.597914896905E-03,-1.099497824907E-02,
    1.186756533571E-03));
#5385 = VECTOR('',#5386,1.);
#5386 = DIRECTION('',(0.290284027483,0.956940532838,0.));
#5387 = PCURVE('',#5314,#5388);
#5388 = DEFINITIONAL_REPRESENTATION('',(#5389),#5393);
#5389 = LINE('',#5390,#5391);
#5390 = CARTESIAN_POINT('',(4.455517682362E-03,-1.871790153329E-03));
#5391 = VECTOR('',#5392,1.);
#5392 = DIRECTION('',(-0.290284027483,0.956940532838));
#5393 = ( GEOMETRIC_REPRESENTATION_CONTEXT(2) 
PARAMETRIC_REPRESENTATION_CONTEXT() REPRESENTATION_CONTEXT('2D SPACE',''
  ) );
#5394 = PCURVE('',#5395,#5400);
#5395 = PLANE('',#5396);
#5396 = AXIS2_PLACEMENT_3D('',#5397,#5398,#5399);
#5397 = CARTESIAN_POINT('',(-7.554000026118E-03,-1.085020996742E-02,
    1.739816303013E-03));
#5398 = DIRECTION('',(-0.956940532838,0.290284027483,-0.));
#5399 = DIRECTION('',(-0.290284027483,-0.956940532838,0.));
#5400 = DEFINITIONAL_REPRESENTATION('',(#5401),#5404);
#5401 = B_SPLINE_CURVE_WITH_KNOTS('',1,(#5402,#5403),.UNSPECIFIED.,.F.,
  .F.,(2,2),(0.,5.096889487823E-04),.PIECEWISE_BEZIER_KNOTS.);
#5402 = CARTESIAN_POINT('',(1.512824221432E-04,-5.530597694424E-04));
#5403 = CARTESIAN_POINT('',(-3.584065266391E-04,-5.530597694424E-04));
#5404 = ( GEOMETRIC_REPRESENTATION_CONTEXT(2) 
PARAMETRIC_REPRESENTATION_CONTEXT() REPRESENTATION_CONTEXT('2D SPACE',''
  ) );
#5405 = ORIENTED_EDGE('',*,*,#5298,.F.);
#5406 = ADVANCED_FACE('',(#5407),#5370,.T.);
#5407 = FACE_BOUND('',#5408,.T.);
#5408 = EDGE_LOOP('',(#5409,#5436,#5437));
#5409 = ORIENTED_EDGE('',*,*,#5410,.T.);
#5410 = EDGE_CURVE('',#5411,#5355,#5413,.T.);
#5411 = VERTEX_POINT('',#5412);
#5412 = CARTESIAN_POINT('',(2.889260649681E-03,-6.975290831178E-03,
    1.186756533571E-03));
#5413 = SURFACE_CURVE('',#5414,(#5418,#5425),.PCURVE_S1.);
#5414 = LINE('',#5415,#5416);
#5415 = CARTESIAN_POINT('',(2.889260649681E-03,-6.975290831178E-03,
    1.186756533571E-03));
#5416 = VECTOR('',#5417,1.);
#5417 = DIRECTION('',(-0.93375791725,-0.357905227642,0.));
#5418 = PCURVE('',#5370,#5419);
#5419 = DEFINITIONAL_REPRESENTATION('',(#5420),#5424);
#5420 = LINE('',#5421,#5422);
#5421 = CARTESIAN_POINT('',(-1.984869509937E-03,-5.252301231765E-03));
#5422 = VECTOR('',#5423,1.);
#5423 = DIRECTION('',(0.357905227642,0.93375791725));
#5424 = ( GEOMETRIC_REPRESENTATION_CONTEXT(2) 
PARAMETRIC_REPRESENTATION_CONTEXT() REPRESENTATION_CONTEXT('2D SPACE',''
  ) );
#5425 = PCURVE('',#5426,#5431);
#5426 = PLANE('',#5427);
#5427 = AXIS2_PLACEMENT_3D('',#5428,#5429,#5430);
#5428 = CARTESIAN_POINT('',(-2.531106237866E-03,-9.145687826003E-03,
    1.186756533571E-03));
#5429 = DIRECTION('',(1.024440556766E-29,-2.554742067297E-29,-1.));
#5430 = DIRECTION('',(0.,-1.,2.554742067297E-29));
#5431 = DEFINITIONAL_REPRESENTATION('',(#5432),#5435);
#5432 = B_SPLINE_CURVE_WITH_KNOTS('',1,(#5433,#5434),.UNSPECIFIED.,.F.,
  .F.,(2,2),(0.,1.123115033656E-02),.PIECEWISE_BEZIER_KNOTS.);
#5433 = CARTESIAN_POINT('',(-2.170396994825E-03,-5.420366887547E-03));
#5434 = CARTESIAN_POINT('',(1.84929042307E-03,5.06680865904E-03));
#5435 = ( GEOMETRIC_REPRESENTATION_CONTEXT(2) 
PARAMETRIC_REPRESENTATION_CONTEXT() REPRESENTATION_CONTEXT('2D SPACE',''
  ) );
#5436 = ORIENTED_EDGE('',*,*,#5354,.F.);
#5437 = ORIENTED_EDGE('',*,*,#5438,.T.);
#5438 = EDGE_CURVE('',#5299,#5411,#5439,.T.);
#5439 = SURFACE_CURVE('',#5440,(#5444,#5451),.PCURVE_S1.);
#5440 = LINE('',#5441,#5442);
#5441 = CARTESIAN_POINT('',(1.472932170145E-03,-7.404929026961E-03,
    1.186756533571E-03));
#5442 = VECTOR('',#5443,1.);
#5443 = DIRECTION('',(0.956940401682,0.290284459849,0.));
#5444 = PCURVE('',#5370,#5445);
#5445 = DEFINITIONAL_REPRESENTATION('',(#5446),#5450);
#5446 = LINE('',#5447,#5448);
#5447 = CARTESIAN_POINT('',(-1.555231314154E-03,-3.835972752229E-03));
#5448 = VECTOR('',#5449,1.);
#5449 = DIRECTION('',(-0.290284459849,-0.956940401682));
#5450 = ( GEOMETRIC_REPRESENTATION_CONTEXT(2) 
PARAMETRIC_REPRESENTATION_CONTEXT() REPRESENTATION_CONTEXT('2D SPACE',''
  ) );
#5451 = PCURVE('',#5452,#5457);
#5452 = PLANE('',#5453);
#5453 = AXIS2_PLACEMENT_3D('',#5454,#5455,#5456);
#5454 = CARTESIAN_POINT('',(2.326865722064E-03,-7.145891327822E-03,
    1.445678703408E-03));
#5455 = DIRECTION('',(-0.290284459849,0.956940401682,1.102157517994E-16)
  );
#5456 = DIRECTION('',(0.956940401682,0.290284459849,0.));
#5457 = DEFINITIONAL_REPRESENTATION('',(#5458),#5461);
#5458 = B_SPLINE_CURVE_WITH_KNOTS('',1,(#5459,#5460),.UNSPECIFIED.,.F.,
  .F.,(2,2),(0.,1.480059235713E-03),.PIECEWISE_BEZIER_KNOTS.);
#5459 = CARTESIAN_POINT('',(-8.923581347578E-04,2.589221698374E-04));
#5460 = CARTESIAN_POINT('',(5.877011009554E-04,2.589221698374E-04));
#5461 = ( GEOMETRIC_REPRESENTATION_CONTEXT(2) 
PARAMETRIC_REPRESENTATION_CONTEXT() REPRESENTATION_CONTEXT('2D SPACE',''
  ) );
#5462 = ADVANCED_FACE('',(#5463),#5426,.T.);
#5463 = FACE_BOUND('',#5464,.T.);
#5464 = EDGE_LOOP('',(#5465,#5492,#5517));
#5465 = ORIENTED_EDGE('',*,*,#5466,.T.);
#5466 = EDGE_CURVE('',#5411,#5467,#5469,.T.);
#5467 = VERTEX_POINT('',#5468);
#5468 = CARTESIAN_POINT('',(-7.838180288672E-03,-1.1444484815E-02,
    1.186756533571E-03));
#5469 = SURFACE_CURVE('',#5470,(#5474,#5481),.PCURVE_S1.);
#5470 = LINE('',#5471,#5472);
#5471 = CARTESIAN_POINT('',(2.889260649681E-03,-6.975290831178E-03,
    1.186756533571E-03));
#5472 = VECTOR('',#5473,1.);
#5473 = DIRECTION('',(-0.92309442966,-0.384573366122,0.));
#5474 = PCURVE('',#5426,#5475);
#5475 = DEFINITIONAL_REPRESENTATION('',(#5476),#5480);
#5476 = LINE('',#5477,#5478);
#5477 = CARTESIAN_POINT('',(-2.170396994825E-03,-5.420366887547E-03));
#5478 = VECTOR('',#5479,1.);
#5479 = DIRECTION('',(0.384573366122,0.92309442966));
#5480 = ( GEOMETRIC_REPRESENTATION_CONTEXT(2) 
PARAMETRIC_REPRESENTATION_CONTEXT() REPRESENTATION_CONTEXT('2D SPACE',''
  ) );
#5481 = PCURVE('',#5482,#5487);
#5482 = PLANE('',#5483);
#5483 = AXIS2_PLACEMENT_3D('',#5484,#5485,#5486);
#5484 = CARTESIAN_POINT('',(-2.67145655222E-03,-9.359357166594E-03,
    1.186756533571E-03));
#5485 = DIRECTION('',(9.850816391382E-30,-2.296120918808E-29,-1.));
#5486 = DIRECTION('',(0.,-1.,2.296120918808E-29));
#5487 = DEFINITIONAL_REPRESENTATION('',(#5488),#5491);
#5488 = B_SPLINE_CURVE_WITH_KNOTS('',1,(#5489,#5490),.UNSPECIFIED.,.F.,
  .F.,(2,2),(0.,1.162117394891E-02),.PIECEWISE_BEZIER_KNOTS.);
#5489 = CARTESIAN_POINT('',(-2.384066335415E-03,-5.560717201901E-03));
#5490 = CARTESIAN_POINT('',(2.085127648408E-03,5.166723736452E-03));
#5491 = ( GEOMETRIC_REPRESENTATION_CONTEXT(2) 
PARAMETRIC_REPRESENTATION_CONTEXT() REPRESENTATION_CONTEXT('2D SPACE',''
  ) );
#5492 = ORIENTED_EDGE('',*,*,#5493,.T.);
#5493 = EDGE_CURVE('',#5467,#5355,#5494,.T.);
#5494 = SURFACE_CURVE('',#5495,(#5499,#5506),.PCURVE_S1.);
#5495 = LINE('',#5496,#5497);
#5496 = CARTESIAN_POINT('',(-7.838180288672E-03,-1.1444484815E-02,
    1.186756533571E-03));
#5497 = VECTOR('',#5498,1.);
#5498 = DIRECTION('',(0.471395404012,0.881921976751,0.));
#5499 = PCURVE('',#5426,#5500);
#5500 = DEFINITIONAL_REPRESENTATION('',(#5501),#5505);
#5501 = LINE('',#5502,#5503);
#5502 = CARTESIAN_POINT('',(2.298796988998E-03,5.307074050807E-03));
#5503 = VECTOR('',#5504,1.);
#5504 = DIRECTION('',(-0.881921976751,-0.471395404012));
#5505 = ( GEOMETRIC_REPRESENTATION_CONTEXT(2) 
PARAMETRIC_REPRESENTATION_CONTEXT() REPRESENTATION_CONTEXT('2D SPACE',''
  ) );
#5506 = PCURVE('',#5507,#5512);
#5507 = PLANE('',#5508);
#5508 = AXIS2_PLACEMENT_3D('',#5509,#5510,#5511);
#5509 = CARTESIAN_POINT('',(-7.766866326297E-03,-1.131106529047E-02,
    1.739816179872E-03));
#5510 = DIRECTION('',(-0.881921976751,0.471395404012,5.941114810963E-17)
  );
#5511 = DIRECTION('',(-0.471395404012,-0.881921976751,-3.08148791102E-33
    ));
#5512 = DEFINITIONAL_REPRESENTATION('',(#5513),#5516);
#5513 = B_SPLINE_CURVE_WITH_KNOTS('',1,(#5514,#5515),.UNSPECIFIED.,.F.,
  .F.,(2,2),(0.,5.096897206083E-04),.PIECEWISE_BEZIER_KNOTS.);
#5514 = CARTESIAN_POINT('',(1.512826849151E-04,-5.530596463013E-04));
#5515 = CARTESIAN_POINT('',(-3.584070356932E-04,-5.530596463013E-04));
#5516 = ( GEOMETRIC_REPRESENTATION_CONTEXT(2) 
PARAMETRIC_REPRESENTATION_CONTEXT() REPRESENTATION_CONTEXT('2D SPACE',''
  ) );
#5517 = ORIENTED_EDGE('',*,*,#5410,.F.);
#5518 = ADVANCED_FACE('',(#5519),#5482,.T.);
#5519 = FACE_BOUND('',#5520,.T.);
#5520 = EDGE_LOOP('',(#5521,#5548,#5573));
#5521 = ORIENTED_EDGE('',*,*,#5522,.T.);
#5522 = EDGE_CURVE('',#5411,#5523,#5525,.T.);
#5523 = VERTEX_POINT('',#5524);
#5524 = CARTESIAN_POINT('',(-8.161524310708E-03,-1.183847989887E-02,
    1.186756533571E-03));
#5525 = SURFACE_CURVE('',#5526,(#5530,#5537),.PCURVE_S1.);
#5526 = LINE('',#5527,#5528);
#5527 = CARTESIAN_POINT('',(2.889260649681E-03,-6.975290831178E-03,
    1.186756533571E-03));
#5528 = VECTOR('',#5529,1.);
#5529 = DIRECTION('',(-0.915289270928,-0.40279715804,0.));
#5530 = PCURVE('',#5482,#5531);
#5531 = DEFINITIONAL_REPRESENTATION('',(#5532),#5536);
#5532 = LINE('',#5533,#5534);
#5533 = CARTESIAN_POINT('',(-2.384066335415E-03,-5.560717201901E-03));
#5534 = VECTOR('',#5535,1.);
#5535 = DIRECTION('',(0.40279715804,0.915289270928));
#5536 = ( GEOMETRIC_REPRESENTATION_CONTEXT(2) 
PARAMETRIC_REPRESENTATION_CONTEXT() REPRESENTATION_CONTEXT('2D SPACE',''
  ) );
#5537 = PCURVE('',#5538,#5543);
#5538 = PLANE('',#5539);
#5539 = AXIS2_PLACEMENT_3D('',#5540,#5541,#5542);
#5540 = CARTESIAN_POINT('',(-2.850536855413E-03,-9.540221136239E-03,
    1.186756533571E-03));
#5541 = DIRECTION('',(-2.999525954563E-30,6.702187219356E-30,-1.));
#5542 = DIRECTION('',(0.,-1.,-6.702187219356E-30));
#5543 = DEFINITIONAL_REPRESENTATION('',(#5544),#5547);
#5544 = B_SPLINE_CURVE_WITH_KNOTS('',1,(#5545,#5546),.UNSPECIFIED.,.F.,
  .F.,(2,2),(0.,1.207354364505E-02),.PIECEWISE_BEZIER_KNOTS.);
#5545 = CARTESIAN_POINT('',(-2.564930305061E-03,-5.739797505094E-03));
#5546 = CARTESIAN_POINT('',(2.298258762631E-03,5.310987455295E-03));
#5547 = ( GEOMETRIC_REPRESENTATION_CONTEXT(2) 
PARAMETRIC_REPRESENTATION_CONTEXT() REPRESENTATION_CONTEXT('2D SPACE',''
  ) );
#5548 = ORIENTED_EDGE('',*,*,#5549,.T.);
#5549 = EDGE_CURVE('',#5523,#5467,#5550,.T.);
#5550 = SURFACE_CURVE('',#5551,(#5555,#5562),.PCURVE_S1.);
#5551 = LINE('',#5552,#5553);
#5552 = CARTESIAN_POINT('',(-8.161524310708E-03,-1.183847989887E-02,
    1.186756533571E-03));
#5553 = VECTOR('',#5554,1.);
#5554 = DIRECTION('',(0.634394002843,0.773009863557,0.));
#5555 = PCURVE('',#5482,#5556);
#5556 = DEFINITIONAL_REPRESENTATION('',(#5557),#5561);
#5557 = LINE('',#5558,#5559);
#5558 = CARTESIAN_POINT('',(2.479122732276E-03,5.490067758488E-03));
#5559 = VECTOR('',#5560,1.);
#5560 = DIRECTION('',(-0.773009863557,-0.634394002843));
#5561 = ( GEOMETRIC_REPRESENTATION_CONTEXT(2) 
PARAMETRIC_REPRESENTATION_CONTEXT() REPRESENTATION_CONTEXT('2D SPACE',''
  ) );
#5562 = PCURVE('',#5563,#5568);
#5563 = PLANE('',#5564);
#5564 = AXIS2_PLACEMENT_3D('',#5565,#5566,#5567);
#5565 = CARTESIAN_POINT('',(-8.06555150991E-03,-1.172153692444E-02,
    1.739816199999E-03));
#5566 = DIRECTION('',(-0.773009863557,0.634394002843,-3.960743269768E-17
    ));
#5567 = DIRECTION('',(-0.634394002843,-0.773009863557,0.));
#5568 = DEFINITIONAL_REPRESENTATION('',(#5569),#5572);
#5569 = B_SPLINE_CURVE_WITH_KNOTS('',1,(#5570,#5571),.UNSPECIFIED.,.F.,
  .F.,(2,2),(0.,5.096895944579E-04),.PIECEWISE_BEZIER_KNOTS.);
#5570 = CARTESIAN_POINT('',(1.512826419666E-04,-5.53059666428E-04));
#5571 = CARTESIAN_POINT('',(-3.584069524913E-04,-5.53059666428E-04));
#5572 = ( GEOMETRIC_REPRESENTATION_CONTEXT(2) 
PARAMETRIC_REPRESENTATION_CONTEXT() REPRESENTATION_CONTEXT('2D SPACE',''
  ) );
#5573 = ORIENTED_EDGE('',*,*,#5466,.F.);
#5574 = ADVANCED_FACE('',(#5575),#5538,.T.);
#5575 = FACE_BOUND('',#5576,.T.);
#5576 = EDGE_LOOP('',(#5577,#5604,#5629));
#5577 = ORIENTED_EDGE('',*,*,#5578,.T.);
#5578 = EDGE_CURVE('',#5411,#5579,#5581,.T.);
#5579 = VERTEX_POINT('',#5580);
#5580 = CARTESIAN_POINT('',(-8.555519394577E-03,-1.216182205826E-02,
    1.186756533571E-03));
#5581 = SURFACE_CURVE('',#5582,(#5586,#5593),.PCURVE_S1.);
#5582 = LINE('',#5583,#5584);
#5583 = CARTESIAN_POINT('',(2.889260649681E-03,-6.975290831178E-03,
    1.186756533571E-03));
#5584 = VECTOR('',#5585,1.);
#5585 = DIRECTION('',(-0.910834836881,-0.412771001796,0.));
#5586 = PCURVE('',#5538,#5587);
#5587 = DEFINITIONAL_REPRESENTATION('',(#5588),#5592);
#5588 = LINE('',#5589,#5590);
#5589 = CARTESIAN_POINT('',(-2.564930305061E-03,-5.739797505094E-03));
#5590 = VECTOR('',#5591,1.);
#5591 = DIRECTION('',(0.412771001796,0.910834836881));
#5592 = ( GEOMETRIC_REPRESENTATION_CONTEXT(2) 
PARAMETRIC_REPRESENTATION_CONTEXT() REPRESENTATION_CONTEXT('2D SPACE',''
  ) );
#5593 = PCURVE('',#5594,#5599);
#5594 = PLANE('',#5595);
#5595 = AXIS2_PLACEMENT_3D('',#5596,#5597,#5598);
#5596 = CARTESIAN_POINT('',(-3.061423001403E-03,-9.681510194799E-03,
    1.186756533571E-03));
#5597 = DIRECTION('',(1.378995750398E-27,-3.031864052092E-27,-1.));
#5598 = DIRECTION('',(0.,-1.,3.031864052092E-27));
#5599 = DEFINITIONAL_REPRESENTATION('',(#5600),#5603);
#5600 = B_SPLINE_CURVE_WITH_KNOTS('',1,(#5601,#5602),.UNSPECIFIED.,.F.,
  .F.,(2,2),(0.,1.25651540552E-02),.PIECEWISE_BEZIER_KNOTS.);
#5601 = CARTESIAN_POINT('',(-2.70621936362E-03,-5.950683651084E-03));
#5602 = CARTESIAN_POINT('',(2.480311863462E-03,5.494096393173E-03));
#5603 = ( GEOMETRIC_REPRESENTATION_CONTEXT(2) 
PARAMETRIC_REPRESENTATION_CONTEXT() REPRESENTATION_CONTEXT('2D SPACE',''
  ) );
#5604 = ORIENTED_EDGE('',*,*,#5605,.T.);
#5605 = EDGE_CURVE('',#5579,#5523,#5606,.T.);
#5606 = SURFACE_CURVE('',#5607,(#5611,#5618),.PCURVE_S1.);
#5607 = LINE('',#5608,#5609);
#5608 = CARTESIAN_POINT('',(-8.555519394577E-03,-1.216182205826E-02,
    1.186756533571E-03));
#5609 = VECTOR('',#5610,1.);
#5610 = DIRECTION('',(0.773011655684,0.634391819128,0.));
#5611 = PCURVE('',#5538,#5612);
#5612 = DEFINITIONAL_REPRESENTATION('',(#5613),#5617);
#5613 = LINE('',#5614,#5615);
#5614 = CARTESIAN_POINT('',(2.621600922021E-03,5.704982539164E-03));
#5615 = VECTOR('',#5616,1.);
#5616 = DIRECTION('',(-0.634391819128,-0.773011655684));
#5617 = ( GEOMETRIC_REPRESENTATION_CONTEXT(2) 
PARAMETRIC_REPRESENTATION_CONTEXT() REPRESENTATION_CONTEXT('2D SPACE',''
  ) );
#5618 = PCURVE('',#5619,#5624);
#5619 = PLANE('',#5620);
#5620 = AXIS2_PLACEMENT_3D('',#5621,#5622,#5623);
#5621 = CARTESIAN_POINT('',(-8.27846724527E-03,-1.19344521141E-02,
    1.739816388525E-03));
#5622 = DIRECTION('',(-0.634391819128,0.773011655684,-3.960743854821E-17
    ));
#5623 = DIRECTION('',(0.773011655684,0.634391819128,-3.08148791102E-33)
  );
#5624 = DEFINITIONAL_REPRESENTATION('',(#5625),#5628);
#5625 = B_SPLINE_CURVE_WITH_KNOTS('',1,(#5626,#5627),.UNSPECIFIED.,.F.,
  .F.,(2,2),(0.,5.096884128091E-04),.PIECEWISE_BEZIER_KNOTS.);
#5626 = CARTESIAN_POINT('',(-3.584061731405E-04,5.530598549544E-04));
#5627 = CARTESIAN_POINT('',(1.512822396686E-04,5.530598549544E-04));
#5628 = ( GEOMETRIC_REPRESENTATION_CONTEXT(2) 
PARAMETRIC_REPRESENTATION_CONTEXT() REPRESENTATION_CONTEXT('2D SPACE',''
  ) );
#5629 = ORIENTED_EDGE('',*,*,#5522,.F.);
#5630 = ADVANCED_FACE('',(#5631),#5594,.T.);
#5631 = FACE_BOUND('',#5632,.T.);
#5632 = EDGE_LOOP('',(#5633,#5660,#5685));
#5633 = ORIENTED_EDGE('',*,*,#5634,.T.);
#5634 = EDGE_CURVE('',#5411,#5635,#5637,.T.);
#5635 = VERTEX_POINT('',#5636);
#5636 = CARTESIAN_POINT('',(-9.005025029182E-03,-1.240208838135E-02,
    1.186756533571E-03));
#5637 = SURFACE_CURVE('',#5638,(#5642,#5649),.PCURVE_S1.);
#5638 = LINE('',#5639,#5640);
#5639 = CARTESIAN_POINT('',(2.889260649681E-03,-6.975290831178E-03,
    1.186756533571E-03));
#5640 = VECTOR('',#5641,1.);
#5641 = DIRECTION('',(-0.90978052028,-0.4150896348,0.));
#5642 = PCURVE('',#5594,#5643);
#5643 = DEFINITIONAL_REPRESENTATION('',(#5644),#5648);
#5644 = LINE('',#5645,#5646);
#5645 = CARTESIAN_POINT('',(-2.70621936362E-03,-5.950683651084E-03));
#5646 = VECTOR('',#5647,1.);
#5647 = DIRECTION('',(0.4150896348,0.90978052028));
#5648 = ( GEOMETRIC_REPRESENTATION_CONTEXT(2) 
PARAMETRIC_REPRESENTATION_CONTEXT() REPRESENTATION_CONTEXT('2D SPACE',''
  ) );
#5649 = PCURVE('',#5650,#5655);
#5650 = PLANE('',#5651);
#5651 = AXIS2_PLACEMENT_3D('',#5652,#5653,#5654);
#5652 = CARTESIAN_POINT('',(2.29747578081E-03,-1.130010068855E-02,
    1.186756533571E-03));
#5653 = DIRECTION('',(-2.670188854912E-33,-7.454268773799E-32,-1.));
#5654 = DIRECTION('',(0.,-1.,7.454268773799E-32));
#5655 = DEFINITIONAL_REPRESENTATION('',(#5656),#5659);
#5656 = B_SPLINE_CURVE_WITH_KNOTS('',1,(#5657,#5658),.UNSPECIFIED.,.F.,
  .F.,(2,2),(0.,1.307379682651E-02),.PIECEWISE_BEZIER_KNOTS.);
#5657 = CARTESIAN_POINT('',(-4.324809857367E-03,-5.917848688708E-04));
#5658 = CARTESIAN_POINT('',(1.101987692804E-03,1.130250080999E-02));
#5659 = ( GEOMETRIC_REPRESENTATION_CONTEXT(2) 
PARAMETRIC_REPRESENTATION_CONTEXT() REPRESENTATION_CONTEXT('2D SPACE',''
  ) );
#5660 = ORIENTED_EDGE('',*,*,#5661,.T.);
#5661 = EDGE_CURVE('',#5635,#5579,#5662,.T.);
#5662 = SURFACE_CURVE('',#5663,(#5667,#5674),.PCURVE_S1.);
#5663 = LINE('',#5664,#5665);
#5664 = CARTESIAN_POINT('',(-9.005025029182E-03,-1.240208838135E-02,
    1.186756533571E-03));
#5665 = VECTOR('',#5666,1.);
#5666 = DIRECTION('',(0.881920811068,0.471397584854,0.));
#5667 = PCURVE('',#5594,#5668);
#5668 = DEFINITIONAL_REPRESENTATION('',(#5669),#5673);
#5669 = LINE('',#5670,#5671);
#5670 = CARTESIAN_POINT('',(2.720578186551E-03,5.943602027779E-03));
#5671 = VECTOR('',#5672,1.);
#5672 = DIRECTION('',(-0.471397584854,-0.881920811068));
#5673 = ( GEOMETRIC_REPRESENTATION_CONTEXT(2) 
PARAMETRIC_REPRESENTATION_CONTEXT() REPRESENTATION_CONTEXT('2D SPACE',''
  ) );
#5674 = PCURVE('',#5675,#5680);
#5675 = PLANE('',#5676);
#5676 = AXIS2_PLACEMENT_3D('',#5677,#5678,#5679);
#5677 = CARTESIAN_POINT('',(-8.871605795798E-03,-1.233077415041E-02,
    1.739816240871E-03));
#5678 = DIRECTION('',(-0.471397584854,0.881920811068,1.980371698303E-17)
  );
#5679 = DIRECTION('',(0.881920811068,0.471397584854,0.));
#5680 = DEFINITIONAL_REPRESENTATION('',(#5681),#5684);
#5681 = B_SPLINE_CURVE_WITH_KNOTS('',1,(#5682,#5683),.UNSPECIFIED.,.F.,
  .F.,(2,2),(0.,5.096893382772E-04),.PIECEWISE_BEZIER_KNOTS.);
#5682 = CARTESIAN_POINT('',(-1.512825547486E-04,5.530597073004E-04));
#5683 = CARTESIAN_POINT('',(3.584067835286E-04,5.530597073004E-04));
#5684 = ( GEOMETRIC_REPRESENTATION_CONTEXT(2) 
PARAMETRIC_REPRESENTATION_CONTEXT() REPRESENTATION_CONTEXT('2D SPACE',''
  ) );
#5685 = ORIENTED_EDGE('',*,*,#5578,.F.);
#5686 = ADVANCED_FACE('',(#5687),#353,.T.);
#5687 = FACE_BOUND('',#5688,.T.);
#5688 = EDGE_LOOP('',(#5689,#5716,#5717));
#5689 = ORIENTED_EDGE('',*,*,#5690,.T.);
#5690 = EDGE_CURVE('',#5691,#279,#5693,.T.);
#5691 = VERTEX_POINT('',#5692);
#5692 = CARTESIAN_POINT('',(-1.183847989887E-02,-1.183847989887E-02,
    1.186756533571E-03));
#5693 = SURFACE_CURVE('',#5694,(#5698,#5705),.PCURVE_S1.);
#5694 = LINE('',#5695,#5696);
#5695 = CARTESIAN_POINT('',(-1.183847989887E-02,-1.183847989887E-02,
    1.186756533571E-03));
#5696 = VECTOR('',#5697,1.);
#5697 = DIRECTION('',(-0.726919425383,-0.686722759926,0.));
#5698 = PCURVE('',#353,#5699);
#5699 = DEFINITIONAL_REPRESENTATION('',(#5700),#5704);
#5700 = LINE('',#5701,#5702);
#5701 = CARTESIAN_POINT('',(-7.462718838856E-04,-7.904604838604E-04));
#5702 = VECTOR('',#5703,1.);
#5703 = DIRECTION('',(0.686722759926,0.726919425383));
#5704 = ( GEOMETRIC_REPRESENTATION_CONTEXT(2) 
PARAMETRIC_REPRESENTATION_CONTEXT() REPRESENTATION_CONTEXT('2D SPACE',''
  ) );
#5705 = PCURVE('',#5706,#5711);
#5706 = PLANE('',#5707);
#5707 = AXIS2_PLACEMENT_3D('',#5708,#5709,#5710);
#5708 = CARTESIAN_POINT('',(-1.24371047107E-02,-1.259990129696E-02,
    1.186756533571E-03));
#5709 = DIRECTION('',(1.456134135514E-30,-2.726998726551E-30,-1.));
#5710 = DIRECTION('',(0.,-1.,2.726998726551E-30));
#5711 = DEFINITIONAL_REPRESENTATION('',(#5712),#5715);
#5712 = B_SPLINE_CURVE_WITH_KNOTS('',1,(#5713,#5714),.UNSPECIFIED.,.F.,
  .F.,(2,2),(0.,2.174911286979E-03),.PIECEWISE_BEZIER_KNOTS.);
#5713 = CARTESIAN_POINT('',(-7.614213980895E-04,-5.986248118267E-04));
#5714 = CARTESIAN_POINT('',(7.321396834987E-04,9.823604511633E-04));
#5715 = ( GEOMETRIC_REPRESENTATION_CONTEXT(2) 
PARAMETRIC_REPRESENTATION_CONTEXT() REPRESENTATION_CONTEXT('2D SPACE',''
  ) );
#5716 = ORIENTED_EDGE('',*,*,#339,.F.);
#5717 = ORIENTED_EDGE('',*,*,#5718,.T.);
#5718 = EDGE_CURVE('',#313,#5691,#5719,.T.);
#5719 = SURFACE_CURVE('',#5720,(#5724,#5731),.PCURVE_S1.);
#5720 = LINE('',#5721,#5722);
#5721 = CARTESIAN_POINT('',(-1.183936372399E-02,-1.183740235865E-02,
    1.186756533571E-03));
#5722 = VECTOR('',#5723,1.);
#5723 = DIRECTION('',(0.634183474434,-0.773182592118,0.));
#5724 = PCURVE('',#353,#5725);
#5725 = DEFINITIONAL_REPRESENTATION('',(#5726),#5730);
#5726 = LINE('',#5727,#5728);
#5727 = CARTESIAN_POINT('',(-7.473494241044E-04,-7.895766587371E-04));
#5728 = VECTOR('',#5729,1.);
#5729 = DIRECTION('',(0.773182592118,-0.634183474434));
#5730 = ( GEOMETRIC_REPRESENTATION_CONTEXT(2) 
PARAMETRIC_REPRESENTATION_CONTEXT() REPRESENTATION_CONTEXT('2D SPACE',''
  ) );
#5731 = PCURVE('',#5732,#5737);
#5732 = PLANE('',#5733);
#5733 = AXIS2_PLACEMENT_3D('',#5734,#5735,#5736);
#5734 = CARTESIAN_POINT('',(-1.183892855994E-02,-1.18379325186E-02,
    1.843030129426E-03));
#5735 = DIRECTION('',(0.773182592118,0.634183474434,-3.696563185459E-07)
  );
#5736 = DIRECTION('',(-0.634183474434,0.773182592118,2.64697796017E-23)
  );
#5737 = DEFINITIONAL_REPRESENTATION('',(#5738),#5741);
#5738 = B_SPLINE_CURVE_WITH_KNOTS('',1,(#5739,#5740),.UNSPECIFIED.,.F.,
  .F.,(2,2),(0.,1.393642627E-06),.PIECEWISE_BEZIER_KNOTS.);
#5739 = CARTESIAN_POINT('',(6.858842946093E-07,-6.562735958551E-04));
#5740 = CARTESIAN_POINT('',(-7.077583323904E-07,-6.562735958551E-04));
#5741 = ( GEOMETRIC_REPRESENTATION_CONTEXT(2) 
PARAMETRIC_REPRESENTATION_CONTEXT() REPRESENTATION_CONTEXT('2D SPACE',''
  ) );
#5742 = ADVANCED_FACE('',(#5743),#5706,.T.);
#5743 = FACE_BOUND('',#5744,.T.);
#5744 = EDGE_LOOP('',(#5745,#5772,#5773));
#5745 = ORIENTED_EDGE('',*,*,#5746,.T.);
#5746 = EDGE_CURVE('',#5747,#279,#5749,.T.);
#5747 = VERTEX_POINT('',#5748);
#5748 = CARTESIAN_POINT('',(-1.1444484815E-02,-1.216182205826E-02,
    1.186756533571E-03));
#5749 = SURFACE_CURVE('',#5750,(#5754,#5761),.PCURVE_S1.);
#5750 = LINE('',#5751,#5752);
#5751 = CARTESIAN_POINT('',(-1.1444484815E-02,-1.216182205826E-02,
    1.186756533571E-03));
#5752 = VECTOR('',#5753,1.);
#5753 = DIRECTION('',(-0.860318241405,-0.509757318246,0.));
#5754 = PCURVE('',#5706,#5755);
#5755 = DEFINITIONAL_REPRESENTATION('',(#5756),#5760);
#5756 = LINE('',#5757,#5758);
#5757 = CARTESIAN_POINT('',(-4.380792386991E-04,-9.926198956952E-04));
#5758 = VECTOR('',#5759,1.);
#5759 = DIRECTION('',(0.509757318246,0.860318241405));
#5760 = ( GEOMETRIC_REPRESENTATION_CONTEXT(2) 
PARAMETRIC_REPRESENTATION_CONTEXT() REPRESENTATION_CONTEXT('2D SPACE',''
  ) );
#5761 = PCURVE('',#5762,#5767);
#5762 = PLANE('',#5763);
#5763 = AXIS2_PLACEMENT_3D('',#5764,#5765,#5766);
#5764 = CARTESIAN_POINT('',(-1.220956168859E-02,-1.276080745945E-02,
    1.186756533571E-03));
#5765 = DIRECTION('',(5.707303650729E-30,-1.244450678337E-29,-1.));
#5766 = DIRECTION('',(0.,-1.,1.244450678337E-29));
#5767 = DEFINITIONAL_REPRESENTATION('',(#5768),#5771);
#5768 = B_SPLINE_CURVE_WITH_KNOTS('',1,(#5769,#5770),.UNSPECIFIED.,.F.,
  .F.,(2,2),(0.,2.29563927836E-03),.PIECEWISE_BEZIER_KNOTS.);
#5769 = CARTESIAN_POINT('',(-5.989854011885E-04,-7.650768735882E-04));
#5770 = CARTESIAN_POINT('',(5.712335210093E-04,1.20990347327E-03));
#5771 = ( GEOMETRIC_REPRESENTATION_CONTEXT(2) 
PARAMETRIC_REPRESENTATION_CONTEXT() REPRESENTATION_CONTEXT('2D SPACE',''
  ) );
#5772 = ORIENTED_EDGE('',*,*,#5690,.F.);
#5773 = ORIENTED_EDGE('',*,*,#5774,.T.);
#5774 = EDGE_CURVE('',#5691,#5747,#5775,.T.);
#5775 = SURFACE_CURVE('',#5776,(#5780,#5787),.PCURVE_S1.);
#5776 = LINE('',#5777,#5778);
#5777 = CARTESIAN_POINT('',(-1.183847989887E-02,-1.183847989887E-02,
    1.186756533571E-03));
#5778 = VECTOR('',#5779,1.);
#5779 = DIRECTION('',(0.773011655684,-0.634391819128,0.));
#5780 = PCURVE('',#5706,#5781);
#5781 = DEFINITIONAL_REPRESENTATION('',(#5782),#5786);
#5782 = LINE('',#5783,#5784);
#5783 = CARTESIAN_POINT('',(-7.614213980895E-04,-5.986248118267E-04));
#5784 = VECTOR('',#5785,1.);
#5785 = DIRECTION('',(0.634391819128,-0.773011655684));
#5786 = ( GEOMETRIC_REPRESENTATION_CONTEXT(2) 
PARAMETRIC_REPRESENTATION_CONTEXT() REPRESENTATION_CONTEXT('2D SPACE',''
  ) );
#5787 = PCURVE('',#5788,#5793);
#5788 = PLANE('',#5789);
#5789 = AXIS2_PLACEMENT_3D('',#5790,#5791,#5792);
#5790 = CARTESIAN_POINT('',(-1.172153696431E-02,-1.19344521141E-02,
    1.739816388525E-03));
#5791 = DIRECTION('',(0.634391819128,0.773011655684,3.960743854821E-17)
  );
#5792 = DIRECTION('',(0.773011655684,-0.634391819128,0.));
#5793 = DEFINITIONAL_REPRESENTATION('',(#5794),#5797);
#5794 = B_SPLINE_CURVE_WITH_KNOTS('',1,(#5795,#5796),.UNSPECIFIED.,.F.,
  .F.,(2,2),(0.,5.096884128091E-04),.PIECEWISE_BEZIER_KNOTS.);
#5795 = CARTESIAN_POINT('',(-1.512822396686E-04,5.530598549544E-04));
#5796 = CARTESIAN_POINT('',(3.584061731405E-04,5.530598549544E-04));
#5797 = ( GEOMETRIC_REPRESENTATION_CONTEXT(2) 
PARAMETRIC_REPRESENTATION_CONTEXT() REPRESENTATION_CONTEXT('2D SPACE',''
  ) );
#5798 = ADVANCED_FACE('',(#5799),#5762,.T.);
#5799 = FACE_BOUND('',#5800,.T.);
#5800 = EDGE_LOOP('',(#5801,#5828,#5829));
#5801 = ORIENTED_EDGE('',*,*,#5802,.T.);
#5802 = EDGE_CURVE('',#5803,#279,#5805,.T.);
#5803 = VERTEX_POINT('',#5804);
#5804 = CARTESIAN_POINT('',(-1.09949791804E-02,-1.240208838135E-02,
    1.186756533571E-03));
#5805 = SURFACE_CURVE('',#5806,(#5810,#5817),.PCURVE_S1.);
#5806 = LINE('',#5807,#5808);
#5807 = CARTESIAN_POINT('',(-1.09949791804E-02,-1.240208838135E-02,
    1.186756533571E-03));
#5808 = VECTOR('',#5809,1.);
#5809 = DIRECTION('',(-0.93367320915,-0.358126148885,0.));
#5810 = PCURVE('',#5762,#5811);
#5811 = DEFINITIONAL_REPRESENTATION('',(#5812),#5816);
#5812 = LINE('',#5813,#5814);
#5813 = CARTESIAN_POINT('',(-3.587190780989E-04,-1.214582508194E-03));
#5814 = VECTOR('',#5815,1.);
#5815 = DIRECTION('',(0.358126148885,0.93367320915));
#5816 = ( GEOMETRIC_REPRESENTATION_CONTEXT(2) 
PARAMETRIC_REPRESENTATION_CONTEXT() REPRESENTATION_CONTEXT('2D SPACE',''
  ) );
#5817 = PCURVE('',#5818,#5823);
#5818 = PLANE('',#5819);
#5819 = AXIS2_PLACEMENT_3D('',#5820,#5821,#5822);
#5820 = CARTESIAN_POINT('',(-1.196586633392E-02,-1.287094959552E-02,
    1.186756533571E-03));
#5821 = DIRECTION('',(7.165187128972E-30,-2.462066447716E-29,-1.));
#5822 = DIRECTION('',(0.,-1.,2.462066447716E-29));
#5823 = DEFINITIONAL_REPRESENTATION('',(#5824),#5827);
#5824 = B_SPLINE_CURVE_WITH_KNOTS('',1,(#5825,#5826),.UNSPECIFIED.,.F.,
  .F.,(2,2),(0.,2.596717949818E-03),.PIECEWISE_BEZIER_KNOTS.);
#5825 = CARTESIAN_POINT('',(-4.688612141685E-04,-9.708871535245E-04));
#5826 = CARTESIAN_POINT('',(4.610913849397E-04,1.45359882794E-03));
#5827 = ( GEOMETRIC_REPRESENTATION_CONTEXT(2) 
PARAMETRIC_REPRESENTATION_CONTEXT() REPRESENTATION_CONTEXT('2D SPACE',''
  ) );
#5828 = ORIENTED_EDGE('',*,*,#5746,.F.);
#5829 = ORIENTED_EDGE('',*,*,#5830,.T.);
#5830 = EDGE_CURVE('',#5747,#5803,#5831,.T.);
#5831 = SURFACE_CURVE('',#5832,(#5836,#5843),.PCURVE_S1.);
#5832 = LINE('',#5833,#5834);
#5833 = CARTESIAN_POINT('',(-1.1444484815E-02,-1.216182205826E-02,
    1.186756533571E-03));
#5834 = VECTOR('',#5835,1.);
#5835 = DIRECTION('',(0.881920811068,-0.471397584854,0.));
#5836 = PCURVE('',#5762,#5837);
#5837 = DEFINITIONAL_REPRESENTATION('',(#5838),#5842);
#5838 = LINE('',#5839,#5840);
#5839 = CARTESIAN_POINT('',(-5.989854011885E-04,-7.650768735882E-04));
#5840 = VECTOR('',#5841,1.);
#5841 = DIRECTION('',(0.471397584854,-0.881920811068));
#5842 = ( GEOMETRIC_REPRESENTATION_CONTEXT(2) 
PARAMETRIC_REPRESENTATION_CONTEXT() REPRESENTATION_CONTEXT('2D SPACE',''
  ) );
#5843 = PCURVE('',#5844,#5849);
#5844 = PLANE('',#5845);
#5845 = AXIS2_PLACEMENT_3D('',#5846,#5847,#5848);
#5846 = CARTESIAN_POINT('',(-1.131106558162E-02,-1.22331362892E-02,
    1.739816240871E-03));
#5847 = DIRECTION('',(0.471397584854,0.881920811068,0.));
#5848 = DIRECTION('',(0.881920811068,-0.471397584854,0.));
#5849 = DEFINITIONAL_REPRESENTATION('',(#5850),#5853);
#5850 = B_SPLINE_CURVE_WITH_KNOTS('',1,(#5851,#5852),.UNSPECIFIED.,.F.,
  .F.,(2,2),(0.,5.096893382772E-04),.PIECEWISE_BEZIER_KNOTS.);
#5851 = CARTESIAN_POINT('',(-1.512825547486E-04,5.530597073004E-04));
#5852 = CARTESIAN_POINT('',(3.584067835286E-04,5.530597073004E-04));
#5853 = ( GEOMETRIC_REPRESENTATION_CONTEXT(2) 
PARAMETRIC_REPRESENTATION_CONTEXT() REPRESENTATION_CONTEXT('2D SPACE',''
  ) );
#5854 = ADVANCED_FACE('',(#5855),#5818,.T.);
#5855 = FACE_BOUND('',#5856,.T.);
#5856 = EDGE_LOOP('',(#5857,#5884,#5885));
#5857 = ORIENTED_EDGE('',*,*,#5858,.T.);
#5858 = EDGE_CURVE('',#5859,#279,#5861,.T.);
#5859 = VERTEX_POINT('',#5860);
#5860 = CARTESIAN_POINT('',(-1.050723716617E-02,-1.255004294217E-02,
    1.186756533571E-03));
#5861 = SURFACE_CURVE('',#5862,(#5866,#5873),.PCURVE_S1.);
#5862 = LINE('',#5863,#5864);
#5863 = CARTESIAN_POINT('',(-1.050723716617E-02,-1.255004294217E-02,
    1.186756533571E-03));
#5864 = VECTOR('',#5865,1.);
#5865 = DIRECTION('',(-0.965787323304,-0.259335393159,0.));
#5866 = PCURVE('',#5818,#5867);
#5867 = DEFINITIONAL_REPRESENTATION('',(#5868),#5872);
#5868 = LINE('',#5869,#5870);
#5869 = CARTESIAN_POINT('',(-3.209066533522E-04,-1.458629167754E-03));
#5870 = VECTOR('',#5871,1.);
#5871 = DIRECTION('',(0.259335393159,0.965787323304));
#5872 = ( GEOMETRIC_REPRESENTATION_CONTEXT(2) 
PARAMETRIC_REPRESENTATION_CONTEXT() REPRESENTATION_CONTEXT('2D SPACE',''
  ) );
#5873 = PCURVE('',#5874,#5879);
#5874 = PLANE('',#5875);
#5875 = AXIS2_PLACEMENT_3D('',#5876,#5877,#5878);
#5876 = CARTESIAN_POINT('',(-1.171295050189E-02,-1.292691431762E-02,
    1.186756533571E-03));
#5877 = DIRECTION('',(-0.,-0.,-1.));
#5878 = DIRECTION('',(-1.,0.,0.));
#5879 = DEFINITIONAL_REPRESENTATION('',(#5880),#5883);
#5880 = B_SPLINE_CURVE_WITH_KNOTS('',1,(#5881,#5882),.UNSPECIFIED.,.F.,
  .F.,(2,2),(0.,3.015392649523E-03),.PIECEWISE_BEZIER_KNOTS.);
#5881 = CARTESIAN_POINT('',(-1.205713335729E-03,3.768713754523E-04));
#5882 = CARTESIAN_POINT('',(1.706514659965E-03,-4.051266628397E-04));
#5883 = ( GEOMETRIC_REPRESENTATION_CONTEXT(2) 
PARAMETRIC_REPRESENTATION_CONTEXT() REPRESENTATION_CONTEXT('2D SPACE',''
  ) );
#5884 = ORIENTED_EDGE('',*,*,#5802,.F.);
#5885 = ORIENTED_EDGE('',*,*,#5886,.T.);
#5886 = EDGE_CURVE('',#5803,#5859,#5887,.T.);
#5887 = SURFACE_CURVE('',#5888,(#5892,#5899),.PCURVE_S1.);
#5888 = LINE('',#5889,#5890);
#5889 = CARTESIAN_POINT('',(-1.09949791804E-02,-1.240208838135E-02,
    1.186756533571E-03));
#5890 = VECTOR('',#5891,1.);
#5891 = DIRECTION('',(0.956940532838,-0.290284027483,0.));
#5892 = PCURVE('',#5818,#5893);
#5893 = DEFINITIONAL_REPRESENTATION('',(#5894),#5898);
#5894 = LINE('',#5895,#5896);
#5895 = CARTESIAN_POINT('',(-4.688612141685E-04,-9.708871535245E-04));
#5896 = VECTOR('',#5897,1.);
#5897 = DIRECTION('',(0.290284027483,-0.956940532838));
#5898 = ( GEOMETRIC_REPRESENTATION_CONTEXT(2) 
PARAMETRIC_REPRESENTATION_CONTEXT() REPRESENTATION_CONTEXT('2D SPACE',''
  ) );
#5899 = PCURVE('',#5900,#5905);
#5900 = PLANE('',#5901);
#5901 = AXIS2_PLACEMENT_3D('',#5902,#5903,#5904);
#5902 = CARTESIAN_POINT('',(-1.085021089874E-02,-1.244600325214E-02,
    1.739816303013E-03));
#5903 = DIRECTION('',(0.290284027483,0.956940532838,0.));
#5904 = DIRECTION('',(0.956940532838,-0.290284027483,0.));
#5905 = DEFINITIONAL_REPRESENTATION('',(#5906),#5909);
#5906 = B_SPLINE_CURVE_WITH_KNOTS('',1,(#5907,#5908),.UNSPECIFIED.,.F.,
  .F.,(2,2),(0.,5.096889487823E-04),.PIECEWISE_BEZIER_KNOTS.);
#5907 = CARTESIAN_POINT('',(-1.512824221432E-04,5.530597694424E-04));
#5908 = CARTESIAN_POINT('',(3.584065266391E-04,5.530597694424E-04));
#5909 = ( GEOMETRIC_REPRESENTATION_CONTEXT(2) 
PARAMETRIC_REPRESENTATION_CONTEXT() REPRESENTATION_CONTEXT('2D SPACE',''
  ) );
#5910 = ADVANCED_FACE('',(#5911),#238,.T.);
#5911 = FACE_BOUND('',#5912,.T.);
#5912 = EDGE_LOOP('',(#5913,#5940,#5965));
#5913 = ORIENTED_EDGE('',*,*,#5914,.T.);
#5914 = EDGE_CURVE('',#223,#5915,#5917,.T.);
#5915 = VERTEX_POINT('',#5916);
#5916 = CARTESIAN_POINT('',(7.550001144409E-03,0.,1.186756533571E-03));
#5917 = SURFACE_CURVE('',#5918,(#5922,#5929),.PCURVE_S1.);
#5918 = LINE('',#5919,#5920);
#5919 = CARTESIAN_POINT('',(1.341946516186E-02,-1.333204098046E-02,
    1.186756533571E-03));
#5920 = VECTOR('',#5921,1.);
#5921 = DIRECTION('',(-0.40293219709,0.915229831544,0.));
#5922 = PCURVE('',#238,#5923);
#5923 = DEFINITIONAL_REPRESENTATION('',(#5924),#5928);
#5924 = LINE('',#5925,#5926);
#5925 = CARTESIAN_POINT('',(-3.10989867084E-03,-7.375574617327E-03));
#5926 = VECTOR('',#5927,1.);
#5927 = DIRECTION('',(0.40293219709,0.915229831544));
#5928 = ( GEOMETRIC_REPRESENTATION_CONTEXT(2) 
PARAMETRIC_REPRESENTATION_CONTEXT() REPRESENTATION_CONTEXT('2D SPACE',''
  ) );
#5929 = PCURVE('',#5930,#5935);
#5930 = PLANE('',#5931);
#5931 = AXIS2_PLACEMENT_3D('',#5932,#5933,#5934);
#5932 = CARTESIAN_POINT('',(1.030018291543E-02,-6.700670740665E-03,
    1.186756533571E-03));
#5933 = DIRECTION('',(-0.,-0.,-1.));
#5934 = DIRECTION('',(-1.,0.,0.));
#5935 = DEFINITIONAL_REPRESENTATION('',(#5936),#5939);
#5936 = B_SPLINE_CURVE_WITH_KNOTS('',1,(#5937,#5938),.UNSPECIFIED.,.F.,
  .F.,(2,2),(0.,1.456687765298E-02),.PIECEWISE_BEZIER_KNOTS.);
#5937 = CARTESIAN_POINT('',(-3.119282246431E-03,-6.631370239793E-03));
#5938 = CARTESIAN_POINT('',(2.75018177102E-03,6.700670740665E-03));
#5939 = ( GEOMETRIC_REPRESENTATION_CONTEXT(2) 
PARAMETRIC_REPRESENTATION_CONTEXT() REPRESENTATION_CONTEXT('2D SPACE',''
  ) );
#5940 = ORIENTED_EDGE('',*,*,#5941,.T.);
#5941 = EDGE_CURVE('',#5915,#167,#5942,.T.);
#5942 = SURFACE_CURVE('',#5943,(#5947,#5954),.PCURVE_S1.);
#5943 = LINE('',#5944,#5945);
#5944 = CARTESIAN_POINT('',(7.550001144409E-03,0.,1.186756533571E-03));
#5945 = VECTOR('',#5946,1.);
#5946 = DIRECTION('',(-9.801747943515E-02,0.995184693273,0.));
#5947 = PCURVE('',#238,#5948);
#5948 = DEFINITIONAL_REPRESENTATION('',(#5949),#5953);
#5949 = LINE('',#5950,#5951);
#5950 = CARTESIAN_POINT('',(2.759565346611E-03,5.956466363132E-03));
#5951 = VECTOR('',#5952,1.);
#5952 = DIRECTION('',(9.801747943515E-02,0.995184693273));
#5953 = ( GEOMETRIC_REPRESENTATION_CONTEXT(2) 
PARAMETRIC_REPRESENTATION_CONTEXT() REPRESENTATION_CONTEXT('2D SPACE',''
  ) );
#5954 = PCURVE('',#5955,#5960);
#5955 = PLANE('',#5956);
#5956 = AXIS2_PLACEMENT_3D('',#5957,#5958,#5959);
#5957 = CARTESIAN_POINT('',(7.462534461996E-03,8.880610275919E-04,
    1.445678711087E-03));
#5958 = DIRECTION('',(-0.995184693273,-9.801747943515E-02,
    2.755393712015E-17));
#5959 = DIRECTION('',(9.801747943515E-02,-0.995184693273,0.));
#5960 = DEFINITIONAL_REPRESENTATION('',(#5961),#5964);
#5961 = B_SPLINE_CURVE_WITH_KNOTS('',1,(#5962,#5963),.UNSPECIFIED.,.F.,
  .F.,(2,2),(0.,1.480058991749E-03),.PIECEWISE_BEZIER_KNOTS.);
#5962 = CARTESIAN_POINT('',(8.923580050966E-04,-2.589221775165E-04));
#5963 = CARTESIAN_POINT('',(-5.877009866523E-04,-2.589221775165E-04));
#5964 = ( GEOMETRIC_REPRESENTATION_CONTEXT(2) 
PARAMETRIC_REPRESENTATION_CONTEXT() REPRESENTATION_CONTEXT('2D SPACE',''
  ) );
#5965 = ORIENTED_EDGE('',*,*,#222,.F.);
#5966 = ADVANCED_FACE('',(#5967),#5874,.T.);
#5967 = FACE_BOUND('',#5968,.T.);
#5968 = EDGE_LOOP('',(#5969,#5996,#5997));
#5969 = ORIENTED_EDGE('',*,*,#5970,.T.);
#5970 = EDGE_CURVE('',#5971,#279,#5973,.T.);
#5971 = VERTEX_POINT('',#5972);
#5972 = CARTESIAN_POINT('',(-1.000000163913E-02,-1.260000187904E-02,
    1.186756533571E-03));
#5973 = SURFACE_CURVE('',#5974,(#5978,#5985),.PCURVE_S1.);
#5974 = LINE('',#5975,#5976);
#5975 = CARTESIAN_POINT('',(-1.000000163913E-02,-1.260000187904E-02,
    1.186756533571E-03));
#5976 = VECTOR('',#5977,1.);
#5977 = DIRECTION('',(-0.977843587178,-0.209336855366,0.));
#5978 = PCURVE('',#5874,#5979);
#5979 = DEFINITIONAL_REPRESENTATION('',(#5980),#5984);
#5980 = LINE('',#5981,#5982);
#5981 = CARTESIAN_POINT('',(-1.712948862767E-03,3.269124385822E-04));
#5982 = VECTOR('',#5983,1.);
#5983 = DIRECTION('',(0.977843587178,-0.209336855366));
#5984 = ( GEOMETRIC_REPRESENTATION_CONTEXT(2) 
PARAMETRIC_REPRESENTATION_CONTEXT() REPRESENTATION_CONTEXT('2D SPACE',''
  ) );
#5985 = PCURVE('',#5986,#5991);
#5986 = PLANE('',#5987);
#5987 = AXIS2_PLACEMENT_3D('',#5988,#5989,#5990);
#5988 = CARTESIAN_POINT('',(-1.145804532261E-02,-1.292865758098E-02,
    1.186756533571E-03));
#5989 = DIRECTION('',(-0.,-0.,-1.));
#5990 = DIRECTION('',(-1.,0.,0.));
#5991 = DEFINITIONAL_REPRESENTATION('',(#5992),#5995);
#5992 = B_SPLINE_CURVE_WITH_KNOTS('',1,(#5993,#5994),.UNSPECIFIED.,.F.,
  .F.,(2,2),(0.,3.49694324079E-03),.PIECEWISE_BEZIER_KNOTS.);
#5993 = CARTESIAN_POINT('',(-1.458043683482E-03,3.286557019411E-04));
#5994 = CARTESIAN_POINT('',(1.96141983925E-03,-4.033833994807E-04));
#5995 = ( GEOMETRIC_REPRESENTATION_CONTEXT(2) 
PARAMETRIC_REPRESENTATION_CONTEXT() REPRESENTATION_CONTEXT('2D SPACE',''
  ) );
#5996 = ORIENTED_EDGE('',*,*,#5858,.F.);
#5997 = ORIENTED_EDGE('',*,*,#5998,.T.);
#5998 = EDGE_CURVE('',#5859,#5971,#5999,.T.);
#5999 = SURFACE_CURVE('',#6000,(#6004,#6011),.PCURVE_S1.);
#6000 = LINE('',#6001,#6002);
#6001 = CARTESIAN_POINT('',(-1.050723716617E-02,-1.255004294217E-02,
    1.186756533571E-03));
#6002 = VECTOR('',#6003,1.);
#6003 = DIRECTION('',(0.995184612229,-9.801830228008E-02,0.));
#6004 = PCURVE('',#5874,#6005);
#6005 = DEFINITIONAL_REPRESENTATION('',(#6006),#6010);
#6006 = LINE('',#6007,#6008);
#6007 = CARTESIAN_POINT('',(-1.205713335729E-03,3.768713754523E-04));
#6008 = VECTOR('',#6009,1.);
#6009 = DIRECTION('',(-0.995184612229,-9.801830228008E-02));
#6010 = ( GEOMETRIC_REPRESENTATION_CONTEXT(2) 
PARAMETRIC_REPRESENTATION_CONTEXT() REPRESENTATION_CONTEXT('2D SPACE',''
  ) );
#6011 = PCURVE('',#6012,#6017);
#6012 = PLANE('',#6013);
#6013 = AXIS2_PLACEMENT_3D('',#6014,#6015,#6016);
#6014 = CARTESIAN_POINT('',(-1.035668291154E-02,-1.256487141947E-02,
    1.739816154209E-03));
#6015 = DIRECTION('',(9.801830228008E-02,0.995184612229,
    9.901857819172E-18));
#6016 = DIRECTION('',(0.995184612229,-9.801830228008E-02,0.));
#6017 = DEFINITIONAL_REPRESENTATION('',(#6018),#6021);
#6018 = B_SPLINE_CURVE_WITH_KNOTS('',1,(#6019,#6020),.UNSPECIFIED.,.F.,
  .F.,(2,2),(0.,5.096898814606E-04),.PIECEWISE_BEZIER_KNOTS.);
#6019 = CARTESIAN_POINT('',(-1.512827396781E-04,5.530596206381E-04));
#6020 = CARTESIAN_POINT('',(3.584071417825E-04,5.530596206381E-04));
#6021 = ( GEOMETRIC_REPRESENTATION_CONTEXT(2) 
PARAMETRIC_REPRESENTATION_CONTEXT() REPRESENTATION_CONTEXT('2D SPACE',''
  ) );
#6022 = ADVANCED_FACE('',(#6023),#5986,.T.);
#6023 = FACE_BOUND('',#6024,.T.);
#6024 = EDGE_LOOP('',(#6025,#6047,#6048));
#6025 = ORIENTED_EDGE('',*,*,#6026,.T.);
#6026 = EDGE_CURVE('',#6027,#279,#6029,.T.);
#6027 = VERTEX_POINT('',#6028);
#6028 = CARTESIAN_POINT('',(-9.492767043412E-03,-1.255004294217E-02,
    1.186756533571E-03));
#6029 = SURFACE_CURVE('',#6030,(#6034,#6041),.PCURVE_S1.);
#6030 = LINE('',#6031,#6032);
#6031 = CARTESIAN_POINT('',(-9.492767043412E-03,-1.255004294217E-02,
    1.186756533571E-03));
#6032 = VECTOR('',#6033,1.);
#6033 = DIRECTION('',(-0.980740847654,-0.195313567737,0.));
#6034 = PCURVE('',#5986,#6035);
#6035 = DEFINITIONAL_REPRESENTATION('',(#6036),#6040);
#6036 = LINE('',#6037,#6038);
#6037 = CARTESIAN_POINT('',(-1.965278279198E-03,3.786146388112E-04));
#6038 = VECTOR('',#6039,1.);
#6039 = DIRECTION('',(0.980740847654,-0.195313567737));
#6040 = ( GEOMETRIC_REPRESENTATION_CONTEXT(2) 
PARAMETRIC_REPRESENTATION_CONTEXT() REPRESENTATION_CONTEXT('2D SPACE',''
  ) );
#6041 = PCURVE('',#3623,#6042);
#6042 = DEFINITIONAL_REPRESENTATION('',(#6043),#6046);
#6043 = B_SPLINE_CURVE_WITH_KNOTS('',1,(#6044,#6045),.UNSPECIFIED.,.F.,
  .F.,(2,2),(0.,4.003808067992E-03),.PIECEWISE_BEZIER_KNOTS.);
#6044 = CARTESIAN_POINT('',(9.476824799319E-03,5.861696526484E-04));
#6045 = CARTESIAN_POINT('',(1.340352291777E-02,-1.958283856436E-04));
#6046 = ( GEOMETRIC_REPRESENTATION_CONTEXT(2) 
PARAMETRIC_REPRESENTATION_CONTEXT() REPRESENTATION_CONTEXT('2D SPACE',''
  ) );
#6047 = ORIENTED_EDGE('',*,*,#5970,.F.);
#6048 = ORIENTED_EDGE('',*,*,#6049,.T.);
#6049 = EDGE_CURVE('',#5971,#6027,#6050,.T.);
#6050 = SURFACE_CURVE('',#6051,(#6055,#6062),.PCURVE_S1.);
#6051 = LINE('',#6052,#6053);
#6052 = CARTESIAN_POINT('',(-1.000000163913E-02,-1.260000187904E-02,
    1.186756533571E-03));
#6053 = VECTOR('',#6054,1.);
#6054 = DIRECTION('',(0.995184594674,9.80184805203E-02,0.));
#6055 = PCURVE('',#5986,#6056);
#6056 = DEFINITIONAL_REPRESENTATION('',(#6057),#6061);
#6057 = LINE('',#6058,#6059);
#6058 = CARTESIAN_POINT('',(-1.458043683482E-03,3.286557019411E-04));
#6059 = VECTOR('',#6060,1.);
#6060 = DIRECTION('',(-0.995184594674,9.80184805203E-02));
#6061 = ( GEOMETRIC_REPRESENTATION_CONTEXT(2) 
PARAMETRIC_REPRESENTATION_CONTEXT() REPRESENTATION_CONTEXT('2D SPACE',''
  ) );
#6062 = PCURVE('',#6063,#6068);
#6063 = PLANE('',#6064);
#6064 = AXIS2_PLACEMENT_3D('',#6065,#6066,#6067);
#6065 = CARTESIAN_POINT('',(-9.849447701187E-03,-1.258517340569E-02,
    1.739816302081E-03));
#6066 = DIRECTION('',(-9.80184805203E-02,0.995184594674,
    -4.9509294832E-18));
#6067 = DIRECTION('',(0.995184594674,9.80184805203E-02,
    -9.629649721936E-35));
#6068 = DEFINITIONAL_REPRESENTATION('',(#6069),#6072);
#6069 = B_SPLINE_CURVE_WITH_KNOTS('',1,(#6070,#6071),.UNSPECIFIED.,.F.,
  .F.,(2,2),(0.,5.096889546227E-04),.PIECEWISE_BEZIER_KNOTS.);
#6070 = CARTESIAN_POINT('',(-1.512824241316E-04,5.530597685106E-04));
#6071 = CARTESIAN_POINT('',(3.584065304911E-04,5.530597685106E-04));
#6072 = ( GEOMETRIC_REPRESENTATION_CONTEXT(2) 
PARAMETRIC_REPRESENTATION_CONTEXT() REPRESENTATION_CONTEXT('2D SPACE',''
  ) );
#6073 = ADVANCED_FACE('',(#6074),#5930,.T.);
#6074 = FACE_BOUND('',#6075,.T.);
#6075 = EDGE_LOOP('',(#6076,#6103,#6128));
#6076 = ORIENTED_EDGE('',*,*,#6077,.T.);
#6077 = EDGE_CURVE('',#223,#6078,#6080,.T.);
#6078 = VERTEX_POINT('',#6079);
#6079 = CARTESIAN_POINT('',(7.404929492623E-03,-1.47293205373E-03,
    1.186756533571E-03));
#6080 = SURFACE_CURVE('',#6081,(#6085,#6092),.PCURVE_S1.);
#6081 = LINE('',#6082,#6083);
#6082 = CARTESIAN_POINT('',(1.341946516186E-02,-1.333204098046E-02,
    1.186756533571E-03));
#6083 = VECTOR('',#6084,1.);
#6084 = DIRECTION('',(-0.452319051883,0.891856196538,0.));
#6085 = PCURVE('',#5930,#6086);
#6086 = DEFINITIONAL_REPRESENTATION('',(#6087),#6091);
#6087 = LINE('',#6088,#6089);
#6088 = CARTESIAN_POINT('',(-3.119282246431E-03,-6.631370239793E-03));
#6089 = VECTOR('',#6090,1.);
#6090 = DIRECTION('',(0.452319051883,0.891856196538));
#6091 = ( GEOMETRIC_REPRESENTATION_CONTEXT(2) 
PARAMETRIC_REPRESENTATION_CONTEXT() REPRESENTATION_CONTEXT('2D SPACE',''
  ) );
#6092 = PCURVE('',#6093,#6098);
#6093 = PLANE('',#6094);
#6094 = AXIS2_PLACEMENT_3D('',#6095,#6096,#6097);
#6095 = CARTESIAN_POINT('',(1.013842941538E-02,-7.438051226718E-03,
    1.186756533571E-03));
#6096 = DIRECTION('',(1.610238597603E-30,8.920918340785E-31,-1.));
#6097 = DIRECTION('',(-1.,0.,-1.610238597603E-30));
#6098 = DEFINITIONAL_REPRESENTATION('',(#6099),#6102);
#6099 = B_SPLINE_CURVE_WITH_KNOTS('',1,(#6100,#6101),.UNSPECIFIED.,.F.,
  .F.,(2,2),(0.,1.329710885315E-02),.PIECEWISE_BEZIER_KNOTS.);
#6100 = CARTESIAN_POINT('',(-3.281035746478E-03,-5.89398975374E-03));
#6101 = CARTESIAN_POINT('',(2.73349992276E-03,5.965119172988E-03));
#6102 = ( GEOMETRIC_REPRESENTATION_CONTEXT(2) 
PARAMETRIC_REPRESENTATION_CONTEXT() REPRESENTATION_CONTEXT('2D SPACE',''
  ) );
#6103 = ORIENTED_EDGE('',*,*,#6104,.T.);
#6104 = EDGE_CURVE('',#6078,#5915,#6105,.T.);
#6105 = SURFACE_CURVE('',#6106,(#6110,#6117),.PCURVE_S1.);
#6106 = LINE('',#6107,#6108);
#6107 = CARTESIAN_POINT('',(7.404929492623E-03,-1.47293205373E-03,
    1.186756533571E-03));
#6108 = VECTOR('',#6109,1.);
#6109 = DIRECTION('',(9.801747943515E-02,0.995184693273,0.));
#6110 = PCURVE('',#5930,#6111);
#6111 = DEFINITIONAL_REPRESENTATION('',(#6112),#6116);
#6112 = LINE('',#6113,#6114);
#6113 = CARTESIAN_POINT('',(2.895253422806E-03,5.227738686935E-03));
#6114 = VECTOR('',#6115,1.);
#6115 = DIRECTION('',(-9.801747943515E-02,0.995184693273));
#6116 = ( GEOMETRIC_REPRESENTATION_CONTEXT(2) 
PARAMETRIC_REPRESENTATION_CONTEXT() REPRESENTATION_CONTEXT('2D SPACE',''
  ) );
#6117 = PCURVE('',#6118,#6123);
#6118 = PLANE('',#6119);
#6119 = AXIS2_PLACEMENT_3D('',#6120,#6121,#6122);
#6120 = CARTESIAN_POINT('',(7.492396175036E-03,-5.848710261379E-04,
    1.445678711087E-03));
#6121 = DIRECTION('',(-0.995184693273,9.801747943515E-02,-0.));
#6122 = DIRECTION('',(-9.801747943515E-02,-0.995184693273,0.));
#6123 = DEFINITIONAL_REPRESENTATION('',(#6124),#6127);
#6124 = B_SPLINE_CURVE_WITH_KNOTS('',1,(#6125,#6126),.UNSPECIFIED.,.F.,
  .F.,(2,2),(0.,1.480058991749E-03),.PIECEWISE_BEZIER_KNOTS.);
#6125 = CARTESIAN_POINT('',(8.923580050966E-04,-2.589221775165E-04));
#6126 = CARTESIAN_POINT('',(-5.877009866523E-04,-2.589221775165E-04));
#6127 = ( GEOMETRIC_REPRESENTATION_CONTEXT(2) 
PARAMETRIC_REPRESENTATION_CONTEXT() REPRESENTATION_CONTEXT('2D SPACE',''
  ) );
#6128 = ORIENTED_EDGE('',*,*,#5914,.F.);
#6129 = ADVANCED_FACE('',(#6130),#6093,.T.);
#6130 = FACE_BOUND('',#6131,.T.);
#6131 = EDGE_LOOP('',(#6132,#6159,#6184));
#6132 = ORIENTED_EDGE('',*,*,#6133,.T.);
#6133 = EDGE_CURVE('',#223,#6134,#6136,.T.);
#6134 = VERTEX_POINT('',#6135);
#6135 = CARTESIAN_POINT('',(6.97529129684E-03,-2.88926041685E-03,
    1.186756533571E-03));
#6136 = SURFACE_CURVE('',#6137,(#6141,#6148),.PCURVE_S1.);
#6137 = LINE('',#6138,#6139);
#6138 = CARTESIAN_POINT('',(1.341946516186E-02,-1.333204098046E-02,
    1.186756533571E-03));
#6139 = VECTOR('',#6140,1.);
#6140 = DIRECTION('',(-0.525151951083,0.851008477204,0.));
#6141 = PCURVE('',#6093,#6142);
#6142 = DEFINITIONAL_REPRESENTATION('',(#6143),#6147);
#6143 = LINE('',#6144,#6145);
#6144 = CARTESIAN_POINT('',(-3.281035746478E-03,-5.89398975374E-03));
#6145 = VECTOR('',#6146,1.);
#6146 = DIRECTION('',(0.525151951083,0.851008477204));
#6147 = ( GEOMETRIC_REPRESENTATION_CONTEXT(2) 
PARAMETRIC_REPRESENTATION_CONTEXT() REPRESENTATION_CONTEXT('2D SPACE',''
  ) );
#6148 = PCURVE('',#6149,#6154);
#6149 = PLANE('',#6150);
#6150 = AXIS2_PLACEMENT_3D('',#6151,#6152,#6153);
#6151 = CARTESIAN_POINT('',(9.829273373195E-03,-8.142487468252E-03,
    1.186756533571E-03));
#6152 = DIRECTION('',(6.970973043787E-31,4.705327583097E-31,-1.));
#6153 = DIRECTION('',(-1.,0.,-6.970973043787E-31));
#6154 = DEFINITIONAL_REPRESENTATION('',(#6155),#6158);
#6155 = B_SPLINE_CURVE_WITH_KNOTS('',1,(#6156,#6157),.UNSPECIFIED.,.F.,
  .F.,(2,2),(0.,1.227106526355E-02),.PIECEWISE_BEZIER_KNOTS.);
#6156 = CARTESIAN_POINT('',(-3.590191788665E-03,-5.189553512207E-03));
#6157 = CARTESIAN_POINT('',(2.853982076355E-03,5.253227051401E-03));
#6158 = ( GEOMETRIC_REPRESENTATION_CONTEXT(2) 
PARAMETRIC_REPRESENTATION_CONTEXT() REPRESENTATION_CONTEXT('2D SPACE',''
  ) );
#6159 = ORIENTED_EDGE('',*,*,#6160,.T.);
#6160 = EDGE_CURVE('',#6134,#6078,#6161,.T.);
#6161 = SURFACE_CURVE('',#6162,(#6166,#6173),.PCURVE_S1.);
#6162 = LINE('',#6163,#6164);
#6163 = CARTESIAN_POINT('',(6.97529129684E-03,-2.88926041685E-03,
    1.186756533571E-03));
#6164 = VECTOR('',#6165,1.);
#6165 = DIRECTION('',(0.290284481698,0.956940395054,0.));
#6166 = PCURVE('',#6093,#6167);
#6167 = DEFINITIONAL_REPRESENTATION('',(#6168),#6172);
#6168 = LINE('',#6169,#6170);
#6169 = CARTESIAN_POINT('',(3.163138118543E-03,4.548790809868E-03));
#6170 = VECTOR('',#6171,1.);
#6171 = DIRECTION('',(-0.290284481698,0.956940395054));
#6172 = ( GEOMETRIC_REPRESENTATION_CONTEXT(2) 
PARAMETRIC_REPRESENTATION_CONTEXT() REPRESENTATION_CONTEXT('2D SPACE',''
  ) );
#6173 = PCURVE('',#6174,#6179);
#6174 = PLANE('',#6175);
#6175 = AXIS2_PLACEMENT_3D('',#6176,#6177,#6178);
#6176 = CARTESIAN_POINT('',(7.23432899829E-03,-2.035326927504E-03,
    1.445678706915E-03));
#6177 = DIRECTION('',(-0.956940395054,0.290284481698,-0.));
#6178 = DIRECTION('',(-0.290284481698,-0.956940395054,0.));
#6179 = DEFINITIONAL_REPRESENTATION('',(#6180),#6183);
#6180 = B_SPLINE_CURVE_WITH_KNOTS('',1,(#6181,#6182),.UNSPECIFIED.,.F.,
  .F.,(2,2),(0.,1.480059124311E-03),.PIECEWISE_BEZIER_KNOTS.);
#6181 = CARTESIAN_POINT('',(8.9235807555E-04,-2.58922173344E-04));
#6182 = CARTESIAN_POINT('',(-5.877010487607E-04,-2.58922173344E-04));
#6183 = ( GEOMETRIC_REPRESENTATION_CONTEXT(2) 
PARAMETRIC_REPRESENTATION_CONTEXT() REPRESENTATION_CONTEXT('2D SPACE',''
  ) );
#6184 = ORIENTED_EDGE('',*,*,#6077,.F.);
#6185 = ADVANCED_FACE('',(#6186),#3623,.T.);
#6186 = FACE_BOUND('',#6187,.T.);
#6187 = EDGE_LOOP('',(#6188,#6213,#6214));
#6188 = ORIENTED_EDGE('',*,*,#6189,.T.);
#6189 = EDGE_CURVE('',#6027,#223,#6190,.T.);
#6190 = SURFACE_CURVE('',#6191,(#6195,#6202),.PCURVE_S1.);
#6191 = LINE('',#6192,#6193);
#6192 = CARTESIAN_POINT('',(-9.492767043412E-03,-1.255004294217E-02,
    1.186756533571E-03));
#6193 = VECTOR('',#6194,1.);
#6194 = DIRECTION('',(0.999418074607,-3.411029387161E-02,0.));
#6195 = PCURVE('',#3623,#6196);
#6196 = DEFINITIONAL_REPRESENTATION('',(#6197),#6201);
#6197 = LINE('',#6198,#6199);
#6198 = CARTESIAN_POINT('',(9.476824799319E-03,5.861696526484E-04));
#6199 = VECTOR('',#6200,1.);
#6200 = DIRECTION('',(-0.999418074607,-3.411029387161E-02));
#6201 = ( GEOMETRIC_REPRESENTATION_CONTEXT(2) 
PARAMETRIC_REPRESENTATION_CONTEXT() REPRESENTATION_CONTEXT('2D SPACE',''
  ) );
#6202 = PCURVE('',#6203,#6208);
#6203 = PLANE('',#6204);
#6204 = AXIS2_PLACEMENT_3D('',#6205,#6206,#6207);
#6205 = CARTESIAN_POINT('',(1.958087964084E-03,-1.289968707465E-02,
    1.186756533571E-03));
#6206 = DIRECTION('',(-2.003912020865E-29,-5.324221246903E-28,-1.));
#6207 = DIRECTION('',(0.,-1.,5.324221246903E-28));
#6208 = DEFINITIONAL_REPRESENTATION('',(#6209),#6212);
#6209 = B_SPLINE_CURVE_WITH_KNOTS('',1,(#6210,#6211),.UNSPECIFIED.,.F.,
  .F.,(2,2),(0.,2.292557317844E-02),.PIECEWISE_BEZIER_KNOTS.);
#6210 = CARTESIAN_POINT('',(-3.496441324821E-04,1.14508550075E-02));
#6211 = CARTESIAN_POINT('',(4.323539058098E-04,-1.146137719778E-02));
#6212 = ( GEOMETRIC_REPRESENTATION_CONTEXT(2) 
PARAMETRIC_REPRESENTATION_CONTEXT() REPRESENTATION_CONTEXT('2D SPACE',''
  ) );
#6213 = ORIENTED_EDGE('',*,*,#3609,.F.);
#6214 = ORIENTED_EDGE('',*,*,#6026,.F.);
#6215 = ADVANCED_FACE('',(#6216),#6203,.T.);
#6216 = FACE_BOUND('',#6217,.T.);
#6217 = EDGE_LOOP('',(#6218,#6238,#6239));
#6218 = ORIENTED_EDGE('',*,*,#6219,.T.);
#6219 = EDGE_CURVE('',#5635,#223,#6220,.T.);
#6220 = SURFACE_CURVE('',#6221,(#6225,#6232),.PCURVE_S1.);
#6221 = LINE('',#6222,#6223);
#6222 = CARTESIAN_POINT('',(-9.005025029182E-03,-1.240208838135E-02,
    1.186756533571E-03));
#6223 = VECTOR('',#6224,1.);
#6224 = DIRECTION('',(0.99914121047,-4.143478659435E-02,0.));
#6225 = PCURVE('',#6203,#6226);
#6226 = DEFINITIONAL_REPRESENTATION('',(#6227),#6231);
#6227 = LINE('',#6228,#6229);
#6228 = CARTESIAN_POINT('',(-4.975986932984E-04,1.096311299327E-02));
#6229 = VECTOR('',#6230,1.);
#6230 = DIRECTION('',(4.143478659435E-02,-0.99914121047));
#6231 = ( GEOMETRIC_REPRESENTATION_CONTEXT(2) 
PARAMETRIC_REPRESENTATION_CONTEXT() REPRESENTATION_CONTEXT('2D SPACE',''
  ) );
#6232 = PCURVE('',#5650,#6233);
#6233 = DEFINITIONAL_REPRESENTATION('',(#6234),#6237);
#6234 = B_SPLINE_CURVE_WITH_KNOTS('',1,(#6235,#6236),.UNSPECIFIED.,.F.,
  .F.,(2,2),(0.,2.244376466114E-02),.PIECEWISE_BEZIER_KNOTS.);
#6235 = CARTESIAN_POINT('',(1.101987692804E-03,1.130250080999E-02));
#6236 = CARTESIAN_POINT('',(2.031940291912E-03,-1.112198938105E-02));
#6237 = ( GEOMETRIC_REPRESENTATION_CONTEXT(2) 
PARAMETRIC_REPRESENTATION_CONTEXT() REPRESENTATION_CONTEXT('2D SPACE',''
  ) );
#6238 = ORIENTED_EDGE('',*,*,#6189,.F.);
#6239 = ORIENTED_EDGE('',*,*,#6240,.T.);
#6240 = EDGE_CURVE('',#6027,#5635,#6241,.T.);
#6241 = SURFACE_CURVE('',#6242,(#6246,#6253),.PCURVE_S1.);
#6242 = LINE('',#6243,#6244);
#6243 = CARTESIAN_POINT('',(-9.492767043412E-03,-1.255004294217E-02,
    1.186756533571E-03));
#6244 = VECTOR('',#6245,1.);
#6245 = DIRECTION('',(0.956940532838,0.290284027483,0.));
#6246 = PCURVE('',#6203,#6247);
#6247 = DEFINITIONAL_REPRESENTATION('',(#6248),#6252);
#6248 = LINE('',#6249,#6250);
#6249 = CARTESIAN_POINT('',(-3.496441324821E-04,1.14508550075E-02));
#6250 = VECTOR('',#6251,1.);
#6251 = DIRECTION('',(-0.290284027483,-0.956940532838));
#6252 = ( GEOMETRIC_REPRESENTATION_CONTEXT(2) 
PARAMETRIC_REPRESENTATION_CONTEXT() REPRESENTATION_CONTEXT('2D SPACE',''
  ) );
#6253 = PCURVE('',#6254,#6259);
#6254 = PLANE('',#6255);
#6255 = AXIS2_PLACEMENT_3D('',#6256,#6257,#6258);
#6256 = CARTESIAN_POINT('',(-9.347998761757E-03,-1.250612807138E-02,
    1.739816303013E-03));
#6257 = DIRECTION('',(-0.290284027483,0.956940532838,0.));
#6258 = DIRECTION('',(0.956940532838,0.290284027483,0.));
#6259 = DEFINITIONAL_REPRESENTATION('',(#6260),#6263);
#6260 = B_SPLINE_CURVE_WITH_KNOTS('',1,(#6261,#6262),.UNSPECIFIED.,.F.,
  .F.,(2,2),(0.,5.096889487823E-04),.PIECEWISE_BEZIER_KNOTS.);
#6261 = CARTESIAN_POINT('',(-1.512824221432E-04,5.530597694424E-04));
#6262 = CARTESIAN_POINT('',(3.584065266391E-04,5.530597694424E-04));
#6263 = ( GEOMETRIC_REPRESENTATION_CONTEXT(2) 
PARAMETRIC_REPRESENTATION_CONTEXT() REPRESENTATION_CONTEXT('2D SPACE',''
  ) );
#6264 = ADVANCED_FACE('',(#6265),#6149,.T.);
#6265 = FACE_BOUND('',#6266,.T.);
#6266 = EDGE_LOOP('',(#6267,#6294,#6319));
#6267 = ORIENTED_EDGE('',*,*,#6268,.T.);
#6268 = EDGE_CURVE('',#223,#6269,#6271,.T.);
#6269 = VERTEX_POINT('',#6270);
#6270 = CARTESIAN_POINT('',(6.277596578002E-03,-4.194555804133E-03,
    1.186756533571E-03));
#6271 = SURFACE_CURVE('',#6272,(#6276,#6283),.PCURVE_S1.);
#6272 = LINE('',#6273,#6274);
#6273 = CARTESIAN_POINT('',(1.341946516186E-02,-1.333204098046E-02,
    1.186756533571E-03));
#6274 = VECTOR('',#6275,1.);
#6275 = DIRECTION('',(-0.615815814971,0.787890145916,0.));
#6276 = PCURVE('',#6149,#6277);
#6277 = DEFINITIONAL_REPRESENTATION('',(#6278),#6282);
#6278 = LINE('',#6279,#6280);
#6279 = CARTESIAN_POINT('',(-3.590191788665E-03,-5.189553512207E-03));
#6280 = VECTOR('',#6281,1.);
#6281 = DIRECTION('',(0.615815814971,0.787890145916));
#6282 = ( GEOMETRIC_REPRESENTATION_CONTEXT(2) 
PARAMETRIC_REPRESENTATION_CONTEXT() REPRESENTATION_CONTEXT('2D SPACE',''
  ) );
#6283 = PCURVE('',#6284,#6289);
#6284 = PLANE('',#6285);
#6285 = AXIS2_PLACEMENT_3D('',#6286,#6287,#6288);
#6286 = CARTESIAN_POINT('',(9.385583716534E-03,-8.787303600016E-03,
    1.186756533571E-03));
#6287 = DIRECTION('',(-0.,-0.,-1.));
#6288 = DIRECTION('',(-1.,0.,0.));
#6289 = DEFINITIONAL_REPRESENTATION('',(#6290),#6293);
#6290 = B_SPLINE_CURVE_WITH_KNOTS('',1,(#6291,#6292),.UNSPECIFIED.,.F.,
  .F.,(2,2),(0.,1.159741015126E-02),.PIECEWISE_BEZIER_KNOTS.);
#6291 = CARTESIAN_POINT('',(-4.033881445326E-03,-4.544737380443E-03));
#6292 = CARTESIAN_POINT('',(3.107987138532E-03,4.592747795882E-03));
#6293 = ( GEOMETRIC_REPRESENTATION_CONTEXT(2) 
PARAMETRIC_REPRESENTATION_CONTEXT() REPRESENTATION_CONTEXT('2D SPACE',''
  ) );
#6294 = ORIENTED_EDGE('',*,*,#6295,.T.);
#6295 = EDGE_CURVE('',#6269,#6134,#6296,.T.);
#6296 = SURFACE_CURVE('',#6297,(#6301,#6308),.PCURVE_S1.);
#6297 = LINE('',#6298,#6299);
#6298 = CARTESIAN_POINT('',(6.277596578002E-03,-4.194555804133E-03,
    1.186756533571E-03));
#6299 = VECTOR('',#6300,1.);
#6300 = DIRECTION('',(0.471396631004,0.881921320911,0.));
#6301 = PCURVE('',#6149,#6302);
#6302 = DEFINITIONAL_REPRESENTATION('',(#6303),#6307);
#6303 = LINE('',#6304,#6305);
#6304 = CARTESIAN_POINT('',(3.551676795193E-03,3.947931664118E-03));
#6305 = VECTOR('',#6306,1.);
#6306 = DIRECTION('',(-0.471396631004,0.881921320911));
#6307 = ( GEOMETRIC_REPRESENTATION_CONTEXT(2) 
PARAMETRIC_REPRESENTATION_CONTEXT() REPRESENTATION_CONTEXT('2D SPACE',''
  ) );
#6308 = PCURVE('',#6309,#6314);
#6309 = PLANE('',#6310);
#6310 = AXIS2_PLACEMENT_3D('',#6311,#6312,#6313);
#6311 = CARTESIAN_POINT('',(6.698251080214E-03,-3.407566356525E-03,
    1.445678718002E-03));
#6312 = DIRECTION('',(-0.881921320911,0.471396631004,1.10215745492E-16)
  );
#6313 = DIRECTION('',(-0.471396631004,-0.881921320911,
    -6.162975822039E-33));
#6314 = DEFINITIONAL_REPRESENTATION('',(#6315),#6318);
#6315 = B_SPLINE_CURVE_WITH_KNOTS('',1,(#6316,#6317),.UNSPECIFIED.,.F.,
  .F.,(2,2),(0.,1.480058772062E-03),.PIECEWISE_BEZIER_KNOTS.);
#6316 = CARTESIAN_POINT('',(8.92357888338E-04,-2.589221844314E-04));
#6317 = CARTESIAN_POINT('',(-5.877008837235E-04,-2.589221844314E-04));
#6318 = ( GEOMETRIC_REPRESENTATION_CONTEXT(2) 
PARAMETRIC_REPRESENTATION_CONTEXT() REPRESENTATION_CONTEXT('2D SPACE',''
  ) );
#6319 = ORIENTED_EDGE('',*,*,#6133,.F.);
#6320 = ADVANCED_FACE('',(#6321),#6284,.T.);
#6321 = FACE_BOUND('',#6322,.T.);
#6322 = EDGE_LOOP('',(#6323,#6350,#6375));
#6323 = ORIENTED_EDGE('',*,*,#6324,.T.);
#6324 = EDGE_CURVE('',#223,#6325,#6327,.T.);
#6325 = VERTEX_POINT('',#6326);
#6326 = CARTESIAN_POINT('',(5.338656716049E-03,-5.338656716049E-03,
    1.186756533571E-03));
#6327 = SURFACE_CURVE('',#6328,(#6332,#6339),.PCURVE_S1.);
#6328 = LINE('',#6329,#6330);
#6329 = CARTESIAN_POINT('',(1.341946516186E-02,-1.333204098046E-02,
    1.186756533571E-03));
#6330 = VECTOR('',#6331,1.);
#6331 = DIRECTION('',(-0.710942072565,0.703250573734,0.));
#6332 = PCURVE('',#6284,#6333);
#6333 = DEFINITIONAL_REPRESENTATION('',(#6334),#6338);
#6334 = LINE('',#6335,#6336);
#6335 = CARTESIAN_POINT('',(-4.033881445326E-03,-4.544737380443E-03));
#6336 = VECTOR('',#6337,1.);
#6337 = DIRECTION('',(0.710942072565,0.703250573734));
#6338 = ( GEOMETRIC_REPRESENTATION_CONTEXT(2) 
PARAMETRIC_REPRESENTATION_CONTEXT() REPRESENTATION_CONTEXT('2D SPACE',''
  ) );
#6339 = PCURVE('',#6340,#6345);
#6340 = PLANE('',#6341);
#6341 = AXIS2_PLACEMENT_3D('',#6342,#6343,#6344);
#6342 = CARTESIAN_POINT('',(8.828355342916E-03,-9.344813519011E-03,
    1.186756533571E-03));
#6343 = DIRECTION('',(-0.,-0.,-1.));
#6344 = DIRECTION('',(-1.,0.,0.));
#6345 = DEFINITIONAL_REPRESENTATION('',(#6346),#6349);
#6346 = B_SPLINE_CURVE_WITH_KNOTS('',1,(#6347,#6348),.UNSPECIFIED.,.F.,
  .F.,(2,2),(0.,1.136633877449E-02),.PIECEWISE_BEZIER_KNOTS.);
#6347 = CARTESIAN_POINT('',(-4.591109818944E-03,-3.987227461447E-03));
#6348 = CARTESIAN_POINT('',(3.489698626867E-03,4.006156802963E-03));
#6349 = ( GEOMETRIC_REPRESENTATION_CONTEXT(2) 
PARAMETRIC_REPRESENTATION_CONTEXT() REPRESENTATION_CONTEXT('2D SPACE',''
  ) );
#6350 = ORIENTED_EDGE('',*,*,#6351,.T.);
#6351 = EDGE_CURVE('',#6325,#6269,#6352,.T.);
#6352 = SURFACE_CURVE('',#6353,(#6357,#6364),.PCURVE_S1.);
#6353 = LINE('',#6354,#6355);
#6354 = CARTESIAN_POINT('',(5.338656716049E-03,-5.338656716049E-03,
    1.186756533571E-03));
#6355 = VECTOR('',#6356,1.);
#6356 = DIRECTION('',(0.634393489653,0.773010284722,0.));
#6357 = PCURVE('',#6284,#6358);
#6358 = DEFINITIONAL_REPRESENTATION('',(#6359),#6363);
#6359 = LINE('',#6360,#6361);
#6360 = CARTESIAN_POINT('',(4.046927000485E-03,3.448646883967E-03));
#6361 = VECTOR('',#6362,1.);
#6362 = DIRECTION('',(-0.634393489653,0.773010284722));
#6363 = ( GEOMETRIC_REPRESENTATION_CONTEXT(2) 
PARAMETRIC_REPRESENTATION_CONTEXT() REPRESENTATION_CONTEXT('2D SPACE',''
  ) );
#6364 = PCURVE('',#6365,#6370);
#6365 = PLANE('',#6366);
#6366 = AXIS2_PLACEMENT_3D('',#6367,#6368,#6369);
#6367 = CARTESIAN_POINT('',(5.904762863871E-03,-4.648854752995E-03,
    1.445678707451E-03));
#6368 = DIRECTION('',(-0.773010284722,0.634393489653,-2.204315001042E-16
    ));
#6369 = DIRECTION('',(-0.634393489653,-0.773010284722,1.232595164408E-32
    ));
#6370 = DEFINITIONAL_REPRESENTATION('',(#6371),#6374);
#6371 = B_SPLINE_CURVE_WITH_KNOTS('',1,(#6372,#6373),.UNSPECIFIED.,.F.,
  .F.,(2,2),(0.,1.480059107269E-03),.PIECEWISE_BEZIER_KNOTS.);
#6372 = CARTESIAN_POINT('',(8.923580664928E-04,-2.589221738804E-04));
#6373 = CARTESIAN_POINT('',(-5.877010407763E-04,-2.589221738804E-04));
#6374 = ( GEOMETRIC_REPRESENTATION_CONTEXT(2) 
PARAMETRIC_REPRESENTATION_CONTEXT() REPRESENTATION_CONTEXT('2D SPACE',''
  ) );
#6375 = ORIENTED_EDGE('',*,*,#6268,.F.);
#6376 = ADVANCED_FACE('',(#6377),#5650,.T.);
#6377 = FACE_BOUND('',#6378,.T.);
#6378 = EDGE_LOOP('',(#6379,#6404,#6405));
#6379 = ORIENTED_EDGE('',*,*,#6380,.T.);
#6380 = EDGE_CURVE('',#5411,#223,#6381,.T.);
#6381 = SURFACE_CURVE('',#6382,(#6386,#6393),.PCURVE_S1.);
#6382 = LINE('',#6383,#6384);
#6383 = CARTESIAN_POINT('',(2.889260649681E-03,-6.975290831178E-03,
    1.186756533571E-03));
#6384 = VECTOR('',#6385,1.);
#6385 = DIRECTION('',(0.856104343239,-0.516803012267,0.));
#6386 = PCURVE('',#5650,#6387);
#6387 = DEFINITIONAL_REPRESENTATION('',(#6388),#6392);
#6388 = LINE('',#6389,#6390);
#6389 = CARTESIAN_POINT('',(-4.324809857367E-03,-5.917848688708E-04));
#6390 = VECTOR('',#6391,1.);
#6391 = DIRECTION('',(0.516803012267,-0.856104343239));
#6392 = ( GEOMETRIC_REPRESENTATION_CONTEXT(2) 
PARAMETRIC_REPRESENTATION_CONTEXT() REPRESENTATION_CONTEXT('2D SPACE',''
  ) );
#6393 = PCURVE('',#6394,#6399);
#6394 = PLANE('',#6395);
#6395 = AXIS2_PLACEMENT_3D('',#6396,#6397,#6398);
#6396 = CARTESIAN_POINT('',(8.183999034535E-03,-9.788542083914E-03,
    1.186756533571E-03));
#6397 = DIRECTION('',(-0.,-0.,-1.));
#6398 = DIRECTION('',(-1.,0.,0.));
#6399 = DEFINITIONAL_REPRESENTATION('',(#6400),#6403);
#6400 = B_SPLINE_CURVE_WITH_KNOTS('',1,(#6401,#6402),.UNSPECIFIED.,.F.,
  .F.,(2,2),(0.,1.230014144344E-02),.PIECEWISE_BEZIER_KNOTS.);
#6401 = CARTESIAN_POINT('',(5.294738384854E-03,2.813251252735E-03));
#6402 = CARTESIAN_POINT('',(-5.235466127325E-03,-3.543498896545E-03));
#6403 = ( GEOMETRIC_REPRESENTATION_CONTEXT(2) 
PARAMETRIC_REPRESENTATION_CONTEXT() REPRESENTATION_CONTEXT('2D SPACE',''
  ) );
#6404 = ORIENTED_EDGE('',*,*,#6219,.F.);
#6405 = ORIENTED_EDGE('',*,*,#5634,.F.);
#6406 = ADVANCED_FACE('',(#6407),#6340,.T.);
#6407 = FACE_BOUND('',#6408,.T.);
#6408 = EDGE_LOOP('',(#6409,#6431,#6456));
#6409 = ORIENTED_EDGE('',*,*,#6410,.T.);
#6410 = EDGE_CURVE('',#223,#6411,#6413,.T.);
#6411 = VERTEX_POINT('',#6412);
#6412 = CARTESIAN_POINT('',(4.194555804133E-03,-6.277595646679E-03,
    1.186756533571E-03));
#6413 = SURFACE_CURVE('',#6414,(#6418,#6425),.PCURVE_S1.);
#6414 = LINE('',#6415,#6416);
#6415 = CARTESIAN_POINT('',(1.341946516186E-02,-1.333204098046E-02,
    1.186756533571E-03));
#6416 = VECTOR('',#6417,1.);
#6417 = DIRECTION('',(-0.794353558064,0.607455697801,0.));
#6418 = PCURVE('',#6340,#6419);
#6419 = DEFINITIONAL_REPRESENTATION('',(#6420),#6424);
#6420 = LINE('',#6421,#6422);
#6421 = CARTESIAN_POINT('',(-4.591109818944E-03,-3.987227461447E-03));
#6422 = VECTOR('',#6423,1.);
#6423 = DIRECTION('',(0.794353558064,0.607455697801));
#6424 = ( GEOMETRIC_REPRESENTATION_CONTEXT(2) 
PARAMETRIC_REPRESENTATION_CONTEXT() REPRESENTATION_CONTEXT('2D SPACE',''
  ) );
#6425 = PCURVE('',#6394,#6426);
#6426 = DEFINITIONAL_REPRESENTATION('',(#6427),#6430);
#6427 = B_SPLINE_CURVE_WITH_KNOTS('',1,(#6428,#6429),.UNSPECIFIED.,.F.,
  .F.,(2,2),(0.,1.161310258396E-02),.PIECEWISE_BEZIER_KNOTS.);
#6428 = CARTESIAN_POINT('',(-5.235466127325E-03,-3.543498896545E-03));
#6429 = CARTESIAN_POINT('',(3.989443230402E-03,3.510946437234E-03));
#6430 = ( GEOMETRIC_REPRESENTATION_CONTEXT(2) 
PARAMETRIC_REPRESENTATION_CONTEXT() REPRESENTATION_CONTEXT('2D SPACE',''
  ) );
#6431 = ORIENTED_EDGE('',*,*,#6432,.T.);
#6432 = EDGE_CURVE('',#6411,#6325,#6433,.T.);
#6433 = SURFACE_CURVE('',#6434,(#6438,#6445),.PCURVE_S1.);
#6434 = LINE('',#6435,#6436);
#6435 = CARTESIAN_POINT('',(4.194555804133E-03,-6.277595646679E-03,
    1.186756533571E-03));
#6436 = VECTOR('',#6437,1.);
#6437 = DIRECTION('',(0.7730105933,0.63439311365,0.));
#6438 = PCURVE('',#6340,#6439);
#6439 = DEFINITIONAL_REPRESENTATION('',(#6440),#6444);
#6440 = LINE('',#6441,#6442);
#6441 = CARTESIAN_POINT('',(4.633799538783E-03,3.067217872332E-03));
#6442 = VECTOR('',#6443,1.);
#6443 = DIRECTION('',(-0.7730105933,0.63439311365));
#6444 = ( GEOMETRIC_REPRESENTATION_CONTEXT(2) 
PARAMETRIC_REPRESENTATION_CONTEXT() REPRESENTATION_CONTEXT('2D SPACE',''
  ) );
#6445 = PCURVE('',#6446,#6451);
#6446 = PLANE('',#6447);
#6447 = AXIS2_PLACEMENT_3D('',#6448,#6449,#6450);
#6448 = CARTESIAN_POINT('',(4.884357799817E-03,-5.711490033592E-03,
    1.445678726048E-03));
#6449 = DIRECTION('',(-0.63439311365,0.7730105933,-1.102157420146E-16));
#6450 = DIRECTION('',(0.7730105933,0.63439311365,-6.162975822039E-33));
#6451 = DEFINITIONAL_REPRESENTATION('',(#6452),#6455);
#6452 = B_SPLINE_CURVE_WITH_KNOTS('',1,(#6453,#6454),.UNSPECIFIED.,.F.,
  .F.,(2,2),(0.,1.480058516444E-03),.PIECEWISE_BEZIER_KNOTS.);
#6453 = CARTESIAN_POINT('',(-8.923577524835E-04,2.589221924772E-04));
#6454 = CARTESIAN_POINT('',(5.877007639608E-04,2.589221924772E-04));
#6455 = ( GEOMETRIC_REPRESENTATION_CONTEXT(2) 
PARAMETRIC_REPRESENTATION_CONTEXT() REPRESENTATION_CONTEXT('2D SPACE',''
  ) );
#6456 = ORIENTED_EDGE('',*,*,#6324,.F.);
#6457 = ADVANCED_FACE('',(#6458),#6394,.T.);
#6458 = FACE_BOUND('',#6459,.T.);
#6459 = EDGE_LOOP('',(#6460,#6461,#6486));
#6460 = ORIENTED_EDGE('',*,*,#6380,.F.);
#6461 = ORIENTED_EDGE('',*,*,#6462,.T.);
#6462 = EDGE_CURVE('',#5411,#6411,#6463,.T.);
#6463 = SURFACE_CURVE('',#6464,(#6468,#6475),.PCURVE_S1.);
#6464 = LINE('',#6465,#6466);
#6465 = CARTESIAN_POINT('',(2.889260649681E-03,-6.975290831178E-03,
    1.186756533571E-03));
#6466 = VECTOR('',#6467,1.);
#6467 = DIRECTION('',(0.881921155154,0.471396941113,0.));
#6468 = PCURVE('',#6394,#6469);
#6469 = DEFINITIONAL_REPRESENTATION('',(#6470),#6474);
#6470 = LINE('',#6471,#6472);
#6471 = CARTESIAN_POINT('',(5.294738384854E-03,2.813251252735E-03));
#6472 = VECTOR('',#6473,1.);
#6473 = DIRECTION('',(-0.881921155154,0.471396941113));
#6474 = ( GEOMETRIC_REPRESENTATION_CONTEXT(2) 
PARAMETRIC_REPRESENTATION_CONTEXT() REPRESENTATION_CONTEXT('2D SPACE',''
  ) );
#6475 = PCURVE('',#6476,#6481);
#6476 = PLANE('',#6477);
#6477 = AXIS2_PLACEMENT_3D('',#6478,#6479,#6480);
#6478 = CARTESIAN_POINT('',(3.676249956018E-03,-6.554636048687E-03,
    1.445678717556E-03));
#6479 = DIRECTION('',(-0.471396941113,0.881921155154,0.));
#6480 = DIRECTION('',(0.881921155154,0.471396941113,0.));
#6481 = DEFINITIONAL_REPRESENTATION('',(#6482),#6485);
#6482 = B_SPLINE_CURVE_WITH_KNOTS('',1,(#6483,#6484),.UNSPECIFIED.,.F.,
  .F.,(2,2),(0.,1.480058786234E-03),.PIECEWISE_BEZIER_KNOTS.);
#6483 = CARTESIAN_POINT('',(-8.923578958706E-04,2.589221839853E-04));
#6484 = CARTESIAN_POINT('',(5.877008903639E-04,2.589221839853E-04));
#6485 = ( GEOMETRIC_REPRESENTATION_CONTEXT(2) 
PARAMETRIC_REPRESENTATION_CONTEXT() REPRESENTATION_CONTEXT('2D SPACE',''
  ) );
#6486 = ORIENTED_EDGE('',*,*,#6410,.F.);
#6487 = ADVANCED_FACE('',(#6488),#3915,.T.);
#6488 = FACE_BOUND('',#6489,.T.);
#6489 = EDGE_LOOP('',(#6490,#6517,#6542));
#6490 = ORIENTED_EDGE('',*,*,#6491,.T.);
#6491 = EDGE_CURVE('',#592,#6492,#6494,.T.);
#6492 = VERTEX_POINT('',#6493);
#6493 = CARTESIAN_POINT('',(-4.194555804133E-03,6.277595646679E-03,
    1.186756533571E-03));
#6494 = SURFACE_CURVE('',#6495,(#6499,#6506),.PCURVE_S1.);
#6495 = LINE('',#6496,#6497);
#6496 = CARTESIAN_POINT('',(-1.341946516186E-02,1.333204098046E-02,
    1.186756533571E-03));
#6497 = VECTOR('',#6498,1.);
#6498 = DIRECTION('',(0.794353558064,-0.607455697801,0.));
#6499 = PCURVE('',#3915,#6500);
#6500 = DEFINITIONAL_REPRESENTATION('',(#6501),#6505);
#6501 = LINE('',#6502,#6503);
#6502 = CARTESIAN_POINT('',(4.591109818944E-03,3.987227461447E-03));
#6503 = VECTOR('',#6504,1.);
#6504 = DIRECTION('',(-0.794353558064,-0.607455697801));
#6505 = ( GEOMETRIC_REPRESENTATION_CONTEXT(2) 
PARAMETRIC_REPRESENTATION_CONTEXT() REPRESENTATION_CONTEXT('2D SPACE',''
  ) );
#6506 = PCURVE('',#6507,#6512);
#6507 = PLANE('',#6508);
#6508 = AXIS2_PLACEMENT_3D('',#6509,#6510,#6511);
#6509 = CARTESIAN_POINT('',(-8.183999034535E-03,9.788542083914E-03,
    1.186756533571E-03));
#6510 = DIRECTION('',(-0.,-0.,-1.));
#6511 = DIRECTION('',(-1.,0.,0.));
#6512 = DEFINITIONAL_REPRESENTATION('',(#6513),#6516);
#6513 = B_SPLINE_CURVE_WITH_KNOTS('',1,(#6514,#6515),.UNSPECIFIED.,.F.,
  .F.,(2,2),(0.,1.161310258396E-02),.PIECEWISE_BEZIER_KNOTS.);
#6514 = CARTESIAN_POINT('',(5.235466127325E-03,3.543498896545E-03));
#6515 = CARTESIAN_POINT('',(-3.989443230402E-03,-3.510946437234E-03));
#6516 = ( GEOMETRIC_REPRESENTATION_CONTEXT(2) 
PARAMETRIC_REPRESENTATION_CONTEXT() REPRESENTATION_CONTEXT('2D SPACE',''
  ) );
#6517 = ORIENTED_EDGE('',*,*,#6518,.T.);
#6518 = EDGE_CURVE('',#6492,#3900,#6519,.T.);
#6519 = SURFACE_CURVE('',#6520,(#6524,#6531),.PCURVE_S1.);
#6520 = LINE('',#6521,#6522);
#6521 = CARTESIAN_POINT('',(-4.194555804133E-03,6.277595646679E-03,
    1.186756533571E-03));
#6522 = VECTOR('',#6523,1.);
#6523 = DIRECTION('',(-0.7730105933,-0.63439311365,0.));
#6524 = PCURVE('',#3915,#6525);
#6525 = DEFINITIONAL_REPRESENTATION('',(#6526),#6530);
#6526 = LINE('',#6527,#6528);
#6527 = CARTESIAN_POINT('',(-4.633799538783E-03,-3.067217872332E-03));
#6528 = VECTOR('',#6529,1.);
#6529 = DIRECTION('',(0.7730105933,-0.63439311365));
#6530 = ( GEOMETRIC_REPRESENTATION_CONTEXT(2) 
PARAMETRIC_REPRESENTATION_CONTEXT() REPRESENTATION_CONTEXT('2D SPACE',''
  ) );
#6531 = PCURVE('',#6532,#6537);
#6532 = PLANE('',#6533);
#6533 = AXIS2_PLACEMENT_3D('',#6534,#6535,#6536);
#6534 = CARTESIAN_POINT('',(-4.884357799817E-03,5.711490033592E-03,
    1.445678726048E-03));
#6535 = DIRECTION('',(0.63439311365,-0.7730105933,-1.102157420146E-16));
#6536 = DIRECTION('',(-0.7730105933,-0.63439311365,-6.162975822039E-33)
  );
#6537 = DEFINITIONAL_REPRESENTATION('',(#6538),#6541);
#6538 = B_SPLINE_CURVE_WITH_KNOTS('',1,(#6539,#6540),.UNSPECIFIED.,.F.,
  .F.,(2,2),(0.,1.480058516444E-03),.PIECEWISE_BEZIER_KNOTS.);
#6539 = CARTESIAN_POINT('',(-8.923577524835E-04,2.589221924772E-04));
#6540 = CARTESIAN_POINT('',(5.877007639608E-04,2.589221924772E-04));
#6541 = ( GEOMETRIC_REPRESENTATION_CONTEXT(2) 
PARAMETRIC_REPRESENTATION_CONTEXT() REPRESENTATION_CONTEXT('2D SPACE',''
  ) );
#6542 = ORIENTED_EDGE('',*,*,#3899,.F.);
#6543 = ADVANCED_FACE('',(#6544),#96,.T.);
#6544 = FACE_BOUND('',#6545,.T.);
#6545 = EDGE_LOOP('',(#6546,#6573,#6574));
#6546 = ORIENTED_EDGE('',*,*,#6547,.T.);
#6547 = EDGE_CURVE('',#6548,#22,#6550,.T.);
#6548 = VERTEX_POINT('',#6549);
#6549 = CARTESIAN_POINT('',(4.194555804133E-03,6.277595646679E-03,
    1.186756533571E-03));
#6550 = SURFACE_CURVE('',#6551,(#6555,#6562),.PCURVE_S1.);
#6551 = LINE('',#6552,#6553);
#6552 = CARTESIAN_POINT('',(4.194555804133E-03,6.277595646679E-03,
    1.186756533571E-03));
#6553 = VECTOR('',#6554,1.);
#6554 = DIRECTION('',(0.794353558064,0.607455697801,0.));
#6555 = PCURVE('',#96,#6556);
#6556 = DEFINITIONAL_REPRESENTATION('',(#6557),#6561);
#6557 = LINE('',#6558,#6559);
#6558 = CARTESIAN_POINT('',(3.067217872332E-03,4.633799538783E-03));
#6559 = VECTOR('',#6560,1.);
#6560 = DIRECTION('',(-0.607455697801,-0.794353558064));
#6561 = ( GEOMETRIC_REPRESENTATION_CONTEXT(2) 
PARAMETRIC_REPRESENTATION_CONTEXT() REPRESENTATION_CONTEXT('2D SPACE',''
  ) );
#6562 = PCURVE('',#6563,#6568);
#6563 = PLANE('',#6564);
#6564 = AXIS2_PLACEMENT_3D('',#6565,#6566,#6567);
#6565 = CARTESIAN_POINT('',(8.183999034535E-03,9.788542083914E-03,
    1.186756533571E-03));
#6566 = DIRECTION('',(-0.,-0.,-1.));
#6567 = DIRECTION('',(-1.,0.,0.));
#6568 = DEFINITIONAL_REPRESENTATION('',(#6569),#6572);
#6569 = B_SPLINE_CURVE_WITH_KNOTS('',1,(#6570,#6571),.UNSPECIFIED.,.F.,
  .F.,(2,2),(0.,1.161310258396E-02),.PIECEWISE_BEZIER_KNOTS.);
#6570 = CARTESIAN_POINT('',(3.989443230402E-03,-3.510946437234E-03));
#6571 = CARTESIAN_POINT('',(-5.235466127325E-03,3.543498896545E-03));
#6572 = ( GEOMETRIC_REPRESENTATION_CONTEXT(2) 
PARAMETRIC_REPRESENTATION_CONTEXT() REPRESENTATION_CONTEXT('2D SPACE',''
  ) );
#6573 = ORIENTED_EDGE('',*,*,#82,.F.);
#6574 = ORIENTED_EDGE('',*,*,#6575,.T.);
#6575 = EDGE_CURVE('',#56,#6548,#6576,.T.);
#6576 = SURFACE_CURVE('',#6577,(#6581,#6588),.PCURVE_S1.);
#6577 = LINE('',#6578,#6579);
#6578 = CARTESIAN_POINT('',(5.338656716049E-03,5.338656716049E-03,
    1.186756533571E-03));
#6579 = VECTOR('',#6580,1.);
#6580 = DIRECTION('',(-0.7730105933,0.63439311365,0.));
#6581 = PCURVE('',#96,#6582);
#6582 = DEFINITIONAL_REPRESENTATION('',(#6583),#6587);
#6583 = LINE('',#6584,#6585);
#6584 = CARTESIAN_POINT('',(4.006156802963E-03,3.489698626867E-03));
#6585 = VECTOR('',#6586,1.);
#6586 = DIRECTION('',(-0.63439311365,0.7730105933));
#6587 = ( GEOMETRIC_REPRESENTATION_CONTEXT(2) 
PARAMETRIC_REPRESENTATION_CONTEXT() REPRESENTATION_CONTEXT('2D SPACE',''
  ) );
#6588 = PCURVE('',#6589,#6594);
#6589 = PLANE('',#6590);
#6590 = AXIS2_PLACEMENT_3D('',#6591,#6592,#6593);
#6591 = CARTESIAN_POINT('',(4.648854720366E-03,5.904762329136E-03,
    1.445678726048E-03));
#6592 = DIRECTION('',(-0.63439311365,-0.7730105933,1.102157420146E-16));
#6593 = DIRECTION('',(-0.7730105933,0.63439311365,-6.162975822039E-33));
#6594 = DEFINITIONAL_REPRESENTATION('',(#6595),#6598);
#6595 = B_SPLINE_CURVE_WITH_KNOTS('',1,(#6596,#6597),.UNSPECIFIED.,.F.,
  .F.,(2,2),(0.,1.480058516444E-03),.PIECEWISE_BEZIER_KNOTS.);
#6596 = CARTESIAN_POINT('',(-8.923577524835E-04,2.589221924772E-04));
#6597 = CARTESIAN_POINT('',(5.877007639608E-04,2.589221924772E-04));
#6598 = ( GEOMETRIC_REPRESENTATION_CONTEXT(2) 
PARAMETRIC_REPRESENTATION_CONTEXT() REPRESENTATION_CONTEXT('2D SPACE',''
  ) );
#6599 = ADVANCED_FACE('',(#6600),#6563,.T.);
#6600 = FACE_BOUND('',#6601,.T.);
#6601 = EDGE_LOOP('',(#6602,#6624,#6625));
#6602 = ORIENTED_EDGE('',*,*,#6603,.T.);
#6603 = EDGE_CURVE('',#6604,#22,#6606,.T.);
#6604 = VERTEX_POINT('',#6605);
#6605 = CARTESIAN_POINT('',(2.889260649681E-03,6.975290831178E-03,
    1.186756533571E-03));
#6606 = SURFACE_CURVE('',#6607,(#6611,#6618),.PCURVE_S1.);
#6607 = LINE('',#6608,#6609);
#6608 = CARTESIAN_POINT('',(2.889260649681E-03,6.975290831178E-03,
    1.186756533571E-03));
#6609 = VECTOR('',#6610,1.);
#6610 = DIRECTION('',(0.856104343239,0.516803012267,0.));
#6611 = PCURVE('',#6563,#6612);
#6612 = DEFINITIONAL_REPRESENTATION('',(#6613),#6617);
#6613 = LINE('',#6614,#6615);
#6614 = CARTESIAN_POINT('',(5.294738384854E-03,-2.813251252735E-03));
#6615 = VECTOR('',#6616,1.);
#6616 = DIRECTION('',(-0.856104343239,0.516803012267));
#6617 = ( GEOMETRIC_REPRESENTATION_CONTEXT(2) 
PARAMETRIC_REPRESENTATION_CONTEXT() REPRESENTATION_CONTEXT('2D SPACE',''
  ) );
#6618 = PCURVE('',#3524,#6619);
#6619 = DEFINITIONAL_REPRESENTATION('',(#6620),#6623);
#6620 = B_SPLINE_CURVE_WITH_KNOTS('',1,(#6621,#6622),.UNSPECIFIED.,.F.,
  .F.,(2,2),(0.,1.230014144344E-02),.PIECEWISE_BEZIER_KNOTS.);
#6621 = CARTESIAN_POINT('',(-2.745543504414E-03,-4.684375623376E-03));
#6622 = CARTESIAN_POINT('',(-1.327574801659E-02,1.672374525904E-03));
#6623 = ( GEOMETRIC_REPRESENTATION_CONTEXT(2) 
PARAMETRIC_REPRESENTATION_CONTEXT() REPRESENTATION_CONTEXT('2D SPACE',''
  ) );
#6624 = ORIENTED_EDGE('',*,*,#6547,.F.);
#6625 = ORIENTED_EDGE('',*,*,#6626,.T.);
#6626 = EDGE_CURVE('',#6548,#6604,#6627,.T.);
#6627 = SURFACE_CURVE('',#6628,(#6632,#6639),.PCURVE_S1.);
#6628 = LINE('',#6629,#6630);
#6629 = CARTESIAN_POINT('',(4.194555804133E-03,6.277595646679E-03,
    1.186756533571E-03));
#6630 = VECTOR('',#6631,1.);
#6631 = DIRECTION('',(-0.881921155154,0.471396941113,0.));
#6632 = PCURVE('',#6563,#6633);
#6633 = DEFINITIONAL_REPRESENTATION('',(#6634),#6638);
#6634 = LINE('',#6635,#6636);
#6635 = CARTESIAN_POINT('',(3.989443230402E-03,-3.510946437234E-03));
#6636 = VECTOR('',#6637,1.);
#6637 = DIRECTION('',(0.881921155154,0.471396941113));
#6638 = ( GEOMETRIC_REPRESENTATION_CONTEXT(2) 
PARAMETRIC_REPRESENTATION_CONTEXT() REPRESENTATION_CONTEXT('2D SPACE',''
  ) );
#6639 = PCURVE('',#6640,#6645);
#6640 = PLANE('',#6641);
#6641 = AXIS2_PLACEMENT_3D('',#6642,#6643,#6644);
#6642 = CARTESIAN_POINT('',(3.407566497796E-03,6.698250429171E-03,
    1.445678717556E-03));
#6643 = DIRECTION('',(-0.471396941113,-0.881921155154,-0.));
#6644 = DIRECTION('',(-0.881921155154,0.471396941113,0.));
#6645 = DEFINITIONAL_REPRESENTATION('',(#6646),#6649);
#6646 = B_SPLINE_CURVE_WITH_KNOTS('',1,(#6647,#6648),.UNSPECIFIED.,.F.,
  .F.,(2,2),(0.,1.480058786234E-03),.PIECEWISE_BEZIER_KNOTS.);
#6647 = CARTESIAN_POINT('',(-8.923578958706E-04,2.589221839853E-04));
#6648 = CARTESIAN_POINT('',(5.877008903639E-04,2.589221839853E-04));
#6649 = ( GEOMETRIC_REPRESENTATION_CONTEXT(2) 
PARAMETRIC_REPRESENTATION_CONTEXT() REPRESENTATION_CONTEXT('2D SPACE',''
  ) );
#6650 = ADVANCED_FACE('',(#6651),#6507,.T.);
#6651 = FACE_BOUND('',#6652,.T.);
#6652 = EDGE_LOOP('',(#6653,#6680,#6705));
#6653 = ORIENTED_EDGE('',*,*,#6654,.T.);
#6654 = EDGE_CURVE('',#592,#6655,#6657,.T.);
#6655 = VERTEX_POINT('',#6656);
#6656 = CARTESIAN_POINT('',(-2.889260649681E-03,6.975290831178E-03,
    1.186756533571E-03));
#6657 = SURFACE_CURVE('',#6658,(#6662,#6669),.PCURVE_S1.);
#6658 = LINE('',#6659,#6660);
#6659 = CARTESIAN_POINT('',(-1.341946516186E-02,1.333204098046E-02,
    1.186756533571E-03));
#6660 = VECTOR('',#6661,1.);
#6661 = DIRECTION('',(0.856104343239,-0.516803012267,0.));
#6662 = PCURVE('',#6507,#6663);
#6663 = DEFINITIONAL_REPRESENTATION('',(#6664),#6668);
#6664 = LINE('',#6665,#6666);
#6665 = CARTESIAN_POINT('',(5.235466127325E-03,3.543498896545E-03));
#6666 = VECTOR('',#6667,1.);
#6667 = DIRECTION('',(-0.856104343239,-0.516803012267));
#6668 = ( GEOMETRIC_REPRESENTATION_CONTEXT(2) 
PARAMETRIC_REPRESENTATION_CONTEXT() REPRESENTATION_CONTEXT('2D SPACE',''
  ) );
#6669 = PCURVE('',#6670,#6675);
#6670 = PLANE('',#6671);
#6671 = AXIS2_PLACEMENT_3D('',#6672,#6673,#6674);
#6672 = CARTESIAN_POINT('',(-7.480047630092E-03,1.009755935189E-02,
    1.186756533571E-03));
#6673 = DIRECTION('',(1.650406227967E-30,3.070198237207E-30,-1.));
#6674 = DIRECTION('',(0.,-1.,-3.070198237207E-30));
#6675 = DEFINITIONAL_REPRESENTATION('',(#6676),#6679);
#6676 = B_SPLINE_CURVE_WITH_KNOTS('',1,(#6677,#6678),.UNSPECIFIED.,.F.,
  .F.,(2,2),(0.,1.230014144344E-02),.PIECEWISE_BEZIER_KNOTS.);
#6677 = CARTESIAN_POINT('',(-3.234481628569E-03,5.939417531768E-03));
#6678 = CARTESIAN_POINT('',(3.122268520711E-03,-4.590786980411E-03));
#6679 = ( GEOMETRIC_REPRESENTATION_CONTEXT(2) 
PARAMETRIC_REPRESENTATION_CONTEXT() REPRESENTATION_CONTEXT('2D SPACE',''
  ) );
#6680 = ORIENTED_EDGE('',*,*,#6681,.T.);
#6681 = EDGE_CURVE('',#6655,#6492,#6682,.T.);
#6682 = SURFACE_CURVE('',#6683,(#6687,#6694),.PCURVE_S1.);
#6683 = LINE('',#6684,#6685);
#6684 = CARTESIAN_POINT('',(-2.889260649681E-03,6.975290831178E-03,
    1.186756533571E-03));
#6685 = VECTOR('',#6686,1.);
#6686 = DIRECTION('',(-0.881921155154,-0.471396941113,0.));
#6687 = PCURVE('',#6507,#6688);
#6688 = DEFINITIONAL_REPRESENTATION('',(#6689),#6693);
#6689 = LINE('',#6690,#6691);
#6690 = CARTESIAN_POINT('',(-5.294738384854E-03,-2.813251252735E-03));
#6691 = VECTOR('',#6692,1.);
#6692 = DIRECTION('',(0.881921155154,-0.471396941113));
#6693 = ( GEOMETRIC_REPRESENTATION_CONTEXT(2) 
PARAMETRIC_REPRESENTATION_CONTEXT() REPRESENTATION_CONTEXT('2D SPACE',''
  ) );
#6694 = PCURVE('',#6695,#6700);
#6695 = PLANE('',#6696);
#6696 = AXIS2_PLACEMENT_3D('',#6697,#6698,#6699);
#6697 = CARTESIAN_POINT('',(-3.676249956018E-03,6.554636048687E-03,
    1.445678717556E-03));
#6698 = DIRECTION('',(0.471396941113,-0.881921155154,-0.));
#6699 = DIRECTION('',(-0.881921155154,-0.471396941113,0.));
#6700 = DEFINITIONAL_REPRESENTATION('',(#6701),#6704);
#6701 = B_SPLINE_CURVE_WITH_KNOTS('',1,(#6702,#6703),.UNSPECIFIED.,.F.,
  .F.,(2,2),(0.,1.480058786234E-03),.PIECEWISE_BEZIER_KNOTS.);
#6702 = CARTESIAN_POINT('',(-8.923578958706E-04,2.589221839853E-04));
#6703 = CARTESIAN_POINT('',(5.877008903639E-04,2.589221839853E-04));
#6704 = ( GEOMETRIC_REPRESENTATION_CONTEXT(2) 
PARAMETRIC_REPRESENTATION_CONTEXT() REPRESENTATION_CONTEXT('2D SPACE',''
  ) );
#6705 = ORIENTED_EDGE('',*,*,#6491,.F.);
#6706 = ADVANCED_FACE('',(#6707),#6670,.T.);
#6707 = FACE_BOUND('',#6708,.T.);
#6708 = EDGE_LOOP('',(#6709,#6736,#6761));
#6709 = ORIENTED_EDGE('',*,*,#6710,.T.);
#6710 = EDGE_CURVE('',#592,#6711,#6713,.T.);
#6711 = VERTEX_POINT('',#6712);
#6712 = CARTESIAN_POINT('',(-1.472932170145E-03,7.404929026961E-03,
    1.186756533571E-03));
#6713 = SURFACE_CURVE('',#6714,(#6718,#6725),.PCURVE_S1.);
#6714 = LINE('',#6715,#6716);
#6715 = CARTESIAN_POINT('',(-1.341946516186E-02,1.333204098046E-02,
    1.186756533571E-03));
#6716 = VECTOR('',#6717,1.);
#6717 = DIRECTION('',(0.895807259618,-0.444442745037,0.));
#6718 = PCURVE('',#6670,#6719);
#6719 = DEFINITIONAL_REPRESENTATION('',(#6720),#6724);
#6720 = LINE('',#6721,#6722);
#6721 = CARTESIAN_POINT('',(-3.234481628569E-03,5.939417531768E-03));
#6722 = VECTOR('',#6723,1.);
#6723 = DIRECTION('',(0.444442745037,-0.895807259618));
#6724 = ( GEOMETRIC_REPRESENTATION_CONTEXT(2) 
PARAMETRIC_REPRESENTATION_CONTEXT() REPRESENTATION_CONTEXT('2D SPACE',''
  ) );
#6725 = PCURVE('',#6726,#6731);
#6726 = PLANE('',#6727);
#6727 = AXIS2_PLACEMENT_3D('',#6728,#6729,#6730);
#6728 = CARTESIAN_POINT('',(-6.743059870159E-03,1.025910097378E-02,
    1.186756533571E-03));
#6729 = DIRECTION('',(-0.,-0.,-1.));
#6730 = DIRECTION('',(-1.,0.,0.));
#6731 = DEFINITIONAL_REPRESENTATION('',(#6732),#6735);
#6732 = B_SPLINE_CURVE_WITH_KNOTS('',1,(#6733,#6734),.UNSPECIFIED.,.F.,
  .F.,(2,2),(0.,1.3336052888E-02),.PIECEWISE_BEZIER_KNOTS.);
#6733 = CARTESIAN_POINT('',(6.676405291701E-03,3.072940006681E-03));
#6734 = CARTESIAN_POINT('',(-5.270127700014E-03,-2.854171946816E-03));
#6735 = ( GEOMETRIC_REPRESENTATION_CONTEXT(2) 
PARAMETRIC_REPRESENTATION_CONTEXT() REPRESENTATION_CONTEXT('2D SPACE',''
  ) );
#6736 = ORIENTED_EDGE('',*,*,#6737,.T.);
#6737 = EDGE_CURVE('',#6711,#6655,#6738,.T.);
#6738 = SURFACE_CURVE('',#6739,(#6743,#6750),.PCURVE_S1.);
#6739 = LINE('',#6740,#6741);
#6740 = CARTESIAN_POINT('',(-1.472932170145E-03,7.404929026961E-03,
    1.186756533571E-03));
#6741 = VECTOR('',#6742,1.);
#6742 = DIRECTION('',(-0.956940401682,-0.290284459849,0.));
#6743 = PCURVE('',#6670,#6744);
#6744 = DEFINITIONAL_REPRESENTATION('',(#6745),#6749);
#6745 = LINE('',#6746,#6747);
#6746 = CARTESIAN_POINT('',(2.692630324928E-03,-6.007115459947E-03));
#6747 = VECTOR('',#6748,1.);
#6748 = DIRECTION('',(0.290284459849,0.956940401682));
#6749 = ( GEOMETRIC_REPRESENTATION_CONTEXT(2) 
PARAMETRIC_REPRESENTATION_CONTEXT() REPRESENTATION_CONTEXT('2D SPACE',''
  ) );
#6750 = PCURVE('',#6751,#6756);
#6751 = PLANE('',#6752);
#6752 = AXIS2_PLACEMENT_3D('',#6753,#6754,#6755);
#6753 = CARTESIAN_POINT('',(-2.326865722064E-03,7.145891327822E-03,
    1.445678703408E-03));
#6754 = DIRECTION('',(0.290284459849,-0.956940401682,1.102157517994E-16)
  );
#6755 = DIRECTION('',(-0.956940401682,-0.290284459849,0.));
#6756 = DEFINITIONAL_REPRESENTATION('',(#6757),#6760);
#6757 = B_SPLINE_CURVE_WITH_KNOTS('',1,(#6758,#6759),.UNSPECIFIED.,.F.,
  .F.,(2,2),(0.,1.480059235713E-03),.PIECEWISE_BEZIER_KNOTS.);
#6758 = CARTESIAN_POINT('',(-8.923581347578E-04,2.589221698374E-04));
#6759 = CARTESIAN_POINT('',(5.877011009554E-04,2.589221698374E-04));
#6760 = ( GEOMETRIC_REPRESENTATION_CONTEXT(2) 
PARAMETRIC_REPRESENTATION_CONTEXT() REPRESENTATION_CONTEXT('2D SPACE',''
  ) );
#6761 = ORIENTED_EDGE('',*,*,#6654,.F.);
#6762 = ADVANCED_FACE('',(#6763),#3524,.T.);
#6763 = FACE_BOUND('',#6764,.T.);
#6764 = EDGE_LOOP('',(#6765,#6790,#6791));
#6765 = ORIENTED_EDGE('',*,*,#6766,.T.);
#6766 = EDGE_CURVE('',#6604,#592,#6767,.T.);
#6767 = SURFACE_CURVE('',#6768,(#6772,#6779),.PCURVE_S1.);
#6768 = LINE('',#6769,#6770);
#6769 = CARTESIAN_POINT('',(2.889260649681E-03,6.975290831178E-03,
    1.186756533571E-03));
#6770 = VECTOR('',#6771,1.);
#6771 = DIRECTION('',(-0.9317251826,0.363164128334,0.));
#6772 = PCURVE('',#3524,#6773);
#6773 = DEFINITIONAL_REPRESENTATION('',(#6774),#6778);
#6774 = LINE('',#6775,#6776);
#6775 = CARTESIAN_POINT('',(-2.745543504414E-03,-4.684375623376E-03));
#6776 = VECTOR('',#6777,1.);
#6777 = DIRECTION('',(0.9317251826,0.363164128334));
#6778 = ( GEOMETRIC_REPRESENTATION_CONTEXT(2) 
PARAMETRIC_REPRESENTATION_CONTEXT() REPRESENTATION_CONTEXT('2D SPACE',''
  ) );
#6779 = PCURVE('',#6780,#6785);
#6780 = PLANE('',#6781);
#6781 = AXIS2_PLACEMENT_3D('',#6782,#6783,#6784);
#6782 = CARTESIAN_POINT('',(-5.274528205306E-03,1.012673254458E-02,
    1.186756533571E-03));
#6783 = DIRECTION('',(2.162399376894E-29,5.500660481208E-29,-1.));
#6784 = DIRECTION('',(0.,-1.,-5.500660481208E-29));
#6785 = DEFINITIONAL_REPRESENTATION('',(#6786),#6789);
#6786 = B_SPLINE_CURVE_WITH_KNOTS('',1,(#6787,#6788),.UNSPECIFIED.,.F.,
  .F.,(2,2),(0.,1.750379416174E-02),.PIECEWISE_BEZIER_KNOTS.);
#6787 = CARTESIAN_POINT('',(3.151441713404E-03,-8.163788854988E-03));
#6788 = CARTESIAN_POINT('',(-3.205308435876E-03,8.144936956554E-03));
#6789 = ( GEOMETRIC_REPRESENTATION_CONTEXT(2) 
PARAMETRIC_REPRESENTATION_CONTEXT() REPRESENTATION_CONTEXT('2D SPACE',''
  ) );
#6790 = ORIENTED_EDGE('',*,*,#3510,.F.);
#6791 = ORIENTED_EDGE('',*,*,#6603,.F.);
#6792 = ADVANCED_FACE('',(#6793),#6780,.T.);
#6793 = FACE_BOUND('',#6794,.T.);
#6794 = EDGE_LOOP('',(#6795,#6822,#6823));
#6795 = ORIENTED_EDGE('',*,*,#6796,.T.);
#6796 = EDGE_CURVE('',#6797,#592,#6799,.T.);
#6797 = VERTEX_POINT('',#6798);
#6798 = CARTESIAN_POINT('',(1.472932170145E-03,7.404929026961E-03,
    1.186756533571E-03));
#6799 = SURFACE_CURVE('',#6800,(#6804,#6811),.PCURVE_S1.);
#6800 = LINE('',#6801,#6802);
#6801 = CARTESIAN_POINT('',(1.472932170145E-03,7.404929026961E-03,
    1.186756533571E-03));
#6802 = VECTOR('',#6803,1.);
#6803 = DIRECTION('',(-0.929117411612,0.369784850202,0.));
#6804 = PCURVE('',#6780,#6805);
#6805 = DEFINITIONAL_REPRESENTATION('',(#6806),#6810);
#6806 = LINE('',#6807,#6808);
#6807 = CARTESIAN_POINT('',(2.721803517621E-03,-6.747460375452E-03));
#6808 = VECTOR('',#6809,1.);
#6809 = DIRECTION('',(-0.369784850202,0.929117411612));
#6810 = ( GEOMETRIC_REPRESENTATION_CONTEXT(2) 
PARAMETRIC_REPRESENTATION_CONTEXT() REPRESENTATION_CONTEXT('2D SPACE',''
  ) );
#6811 = PCURVE('',#6812,#6817);
#6812 = PLANE('',#6813);
#6813 = AXIS2_PLACEMENT_3D('',#6814,#6815,#6816);
#6814 = CARTESIAN_POINT('',(-5.999123001881E-03,1.026826998652E-02,
    1.186756533571E-03));
#6815 = DIRECTION('',(-5.242135991461E-31,-1.278462200255E-30,-1.));
#6816 = DIRECTION('',(0.,-1.,1.278462200255E-30));
#6817 = DEFINITIONAL_REPRESENTATION('',(#6818),#6821);
#6818 = B_SPLINE_CURVE_WITH_KNOTS('',1,(#6819,#6820),.UNSPECIFIED.,.F.,
  .F.,(2,2),(0.,1.602854186767E-02),.PIECEWISE_BEZIER_KNOTS.);
#6819 = CARTESIAN_POINT('',(2.863340959562E-03,-7.472055172026E-03));
#6820 = CARTESIAN_POINT('',(-3.063770993935E-03,7.420342159979E-03));
#6821 = ( GEOMETRIC_REPRESENTATION_CONTEXT(2) 
PARAMETRIC_REPRESENTATION_CONTEXT() REPRESENTATION_CONTEXT('2D SPACE',''
  ) );
#6822 = ORIENTED_EDGE('',*,*,#6766,.F.);
#6823 = ORIENTED_EDGE('',*,*,#6824,.T.);
#6824 = EDGE_CURVE('',#6604,#6797,#6825,.T.);
#6825 = SURFACE_CURVE('',#6826,(#6830,#6837),.PCURVE_S1.);
#6826 = LINE('',#6827,#6828);
#6827 = CARTESIAN_POINT('',(2.889260649681E-03,6.975290831178E-03,
    1.186756533571E-03));
#6828 = VECTOR('',#6829,1.);
#6829 = DIRECTION('',(-0.956940401682,0.290284459849,0.));
#6830 = PCURVE('',#6780,#6831);
#6831 = DEFINITIONAL_REPRESENTATION('',(#6832),#6836);
#6832 = LINE('',#6833,#6834);
#6833 = CARTESIAN_POINT('',(3.151441713404E-03,-8.163788854988E-03));
#6834 = VECTOR('',#6835,1.);
#6835 = DIRECTION('',(-0.290284459849,0.956940401682));
#6836 = ( GEOMETRIC_REPRESENTATION_CONTEXT(2) 
PARAMETRIC_REPRESENTATION_CONTEXT() REPRESENTATION_CONTEXT('2D SPACE',''
  ) );
#6837 = PCURVE('',#6838,#6843);
#6838 = PLANE('',#6839);
#6839 = AXIS2_PLACEMENT_3D('',#6840,#6841,#6842);
#6840 = CARTESIAN_POINT('',(2.035327097762E-03,7.234328530318E-03,
    1.445678703408E-03));
#6841 = DIRECTION('',(-0.290284459849,-0.956940401682,
    -1.653236276992E-16));
#6842 = DIRECTION('',(-0.956940401682,0.290284459849,0.));
#6843 = DEFINITIONAL_REPRESENTATION('',(#6844),#6847);
#6844 = B_SPLINE_CURVE_WITH_KNOTS('',1,(#6845,#6846),.UNSPECIFIED.,.F.,
  .F.,(2,2),(0.,1.480059235713E-03),.PIECEWISE_BEZIER_KNOTS.);
#6845 = CARTESIAN_POINT('',(-8.923581347578E-04,2.589221698374E-04));
#6846 = CARTESIAN_POINT('',(5.877011009554E-04,2.589221698374E-04));
#6847 = ( GEOMETRIC_REPRESENTATION_CONTEXT(2) 
PARAMETRIC_REPRESENTATION_CONTEXT() REPRESENTATION_CONTEXT('2D SPACE',''
  ) );
#6848 = ADVANCED_FACE('',(#6849),#6726,.T.);
#6849 = FACE_BOUND('',#6850,.T.);
#6850 = EDGE_LOOP('',(#6851,#6873,#6898));
#6851 = ORIENTED_EDGE('',*,*,#6852,.T.);
#6852 = EDGE_CURVE('',#592,#6853,#6855,.T.);
#6853 = VERTEX_POINT('',#6854);
#6854 = CARTESIAN_POINT('',(0.,7.550000678748E-03,1.186756533571E-03));
#6855 = SURFACE_CURVE('',#6856,(#6860,#6867),.PCURVE_S1.);
#6856 = LINE('',#6857,#6858);
#6857 = CARTESIAN_POINT('',(-1.341946516186E-02,1.333204098046E-02,
    1.186756533571E-03));
#6858 = VECTOR('',#6859,1.);
#6859 = DIRECTION('',(0.918379102589,-0.395701685527,0.));
#6860 = PCURVE('',#6726,#6861);
#6861 = DEFINITIONAL_REPRESENTATION('',(#6862),#6866);
#6862 = LINE('',#6863,#6864);
#6863 = CARTESIAN_POINT('',(6.676405291701E-03,3.072940006681E-03));
#6864 = VECTOR('',#6865,1.);
#6865 = DIRECTION('',(-0.918379102589,-0.395701685527));
#6866 = ( GEOMETRIC_REPRESENTATION_CONTEXT(2) 
PARAMETRIC_REPRESENTATION_CONTEXT() REPRESENTATION_CONTEXT('2D SPACE',''
  ) );
#6867 = PCURVE('',#6812,#6868);
#6868 = DEFINITIONAL_REPRESENTATION('',(#6869),#6872);
#6869 = B_SPLINE_CURVE_WITH_KNOTS('',1,(#6870,#6871),.UNSPECIFIED.,.F.,
  .F.,(2,2),(0.,1.461211946574E-02),.PIECEWISE_BEZIER_KNOTS.);
#6870 = CARTESIAN_POINT('',(-3.063770993935E-03,7.420342159979E-03));
#6871 = CARTESIAN_POINT('',(2.718269307775E-03,-5.999123001881E-03));
#6872 = ( GEOMETRIC_REPRESENTATION_CONTEXT(2) 
PARAMETRIC_REPRESENTATION_CONTEXT() REPRESENTATION_CONTEXT('2D SPACE',''
  ) );
#6873 = ORIENTED_EDGE('',*,*,#6874,.T.);
#6874 = EDGE_CURVE('',#6853,#6711,#6875,.T.);
#6875 = SURFACE_CURVE('',#6876,(#6880,#6887),.PCURVE_S1.);
#6876 = LINE('',#6877,#6878);
#6877 = CARTESIAN_POINT('',(0.,7.550000678748E-03,1.186756533571E-03));
#6878 = VECTOR('',#6879,1.);
#6879 = DIRECTION('',(-0.995184694029,-9.801747176263E-02,0.));
#6880 = PCURVE('',#6726,#6881);
#6881 = DEFINITIONAL_REPRESENTATION('',(#6882),#6886);
#6882 = LINE('',#6883,#6884);
#6883 = CARTESIAN_POINT('',(-6.743059870159E-03,-2.709100295029E-03));
#6884 = VECTOR('',#6885,1.);
#6885 = DIRECTION('',(0.995184694029,-9.801747176263E-02));
#6886 = ( GEOMETRIC_REPRESENTATION_CONTEXT(2) 
PARAMETRIC_REPRESENTATION_CONTEXT() REPRESENTATION_CONTEXT('2D SPACE',''
  ) );
#6887 = PCURVE('',#6888,#6893);
#6888 = PLANE('',#6889);
#6889 = AXIS2_PLACEMENT_3D('',#6890,#6891,#6892);
#6890 = CARTESIAN_POINT('',(-8.880610895438E-04,7.462533997146E-03,
    1.44567870744E-03));
#6891 = DIRECTION('',(9.801747176263E-02,-0.995184694029,
    -8.266181254249E-17));
#6892 = DIRECTION('',(-0.995184694029,-9.801747176263E-02,0.));
#6893 = DEFINITIONAL_REPRESENTATION('',(#6894),#6897);
#6894 = B_SPLINE_CURVE_WITH_KNOTS('',1,(#6895,#6896),.UNSPECIFIED.,.F.,
  .F.,(2,2),(0.,1.480059107604E-03),.PIECEWISE_BEZIER_KNOTS.);
#6895 = CARTESIAN_POINT('',(-8.923580666707E-04,2.589221738698E-04));
#6896 = CARTESIAN_POINT('',(5.877010409331E-04,2.589221738698E-04));
#6897 = ( GEOMETRIC_REPRESENTATION_CONTEXT(2) 
PARAMETRIC_REPRESENTATION_CONTEXT() REPRESENTATION_CONTEXT('2D SPACE',''
  ) );
#6898 = ORIENTED_EDGE('',*,*,#6710,.F.);
#6899 = ADVANCED_FACE('',(#6900),#6812,.T.);
#6900 = FACE_BOUND('',#6901,.T.);
#6901 = EDGE_LOOP('',(#6902,#6903,#6904));
#6902 = ORIENTED_EDGE('',*,*,#6852,.F.);
#6903 = ORIENTED_EDGE('',*,*,#6796,.F.);
#6904 = ORIENTED_EDGE('',*,*,#6905,.T.);
#6905 = EDGE_CURVE('',#6797,#6853,#6906,.T.);
#6906 = SURFACE_CURVE('',#6907,(#6911,#6918),.PCURVE_S1.);
#6907 = LINE('',#6908,#6909);
#6908 = CARTESIAN_POINT('',(1.472932170145E-03,7.404929026961E-03,
    1.186756533571E-03));
#6909 = VECTOR('',#6910,1.);
#6910 = DIRECTION('',(-0.995184694029,9.801747176263E-02,0.));
#6911 = PCURVE('',#6812,#6912);
#6912 = DEFINITIONAL_REPRESENTATION('',(#6913),#6917);
#6913 = LINE('',#6914,#6915);
#6914 = CARTESIAN_POINT('',(2.863340959562E-03,-7.472055172026E-03));
#6915 = VECTOR('',#6916,1.);
#6916 = DIRECTION('',(-9.801747176263E-02,0.995184694029));
#6917 = ( GEOMETRIC_REPRESENTATION_CONTEXT(2) 
PARAMETRIC_REPRESENTATION_CONTEXT() REPRESENTATION_CONTEXT('2D SPACE',''
  ) );
#6918 = PCURVE('',#6919,#6924);
#6919 = PLANE('',#6920);
#6920 = AXIS2_PLACEMENT_3D('',#6921,#6922,#6923);
#6921 = CARTESIAN_POINT('',(5.848710806014E-04,7.492395708563E-03,
    1.44567870744E-03));
#6922 = DIRECTION('',(-9.801747176263E-02,-0.995184694029,
    5.510787502833E-17));
#6923 = DIRECTION('',(-0.995184694029,9.801747176263E-02,
    -7.703719777549E-34));
#6924 = DEFINITIONAL_REPRESENTATION('',(#6925),#6928);
#6925 = B_SPLINE_CURVE_WITH_KNOTS('',1,(#6926,#6927),.UNSPECIFIED.,.F.,
  .F.,(2,2),(0.,1.480059107604E-03),.PIECEWISE_BEZIER_KNOTS.);
#6926 = CARTESIAN_POINT('',(-8.923580666707E-04,2.589221738698E-04));
#6927 = CARTESIAN_POINT('',(5.877010409331E-04,2.589221738698E-04));
#6928 = ( GEOMETRIC_REPRESENTATION_CONTEXT(2) 
PARAMETRIC_REPRESENTATION_CONTEXT() REPRESENTATION_CONTEXT('2D SPACE',''
  ) );
#6929 = ADVANCED_FACE('',(#6930),#6919,.T.);
#6930 = FACE_BOUND('',#6931,.T.);
#6931 = EDGE_LOOP('',(#6932,#6933,#6960));
#6932 = ORIENTED_EDGE('',*,*,#6905,.F.);
#6933 = ORIENTED_EDGE('',*,*,#6934,.F.);
#6934 = EDGE_CURVE('',#6935,#6797,#6937,.T.);
#6935 = VERTEX_POINT('',#6936);
#6936 = CARTESIAN_POINT('',(0.,7.550000678748E-03,2.009257907048E-03));
#6937 = SURFACE_CURVE('',#6938,(#6942,#6948),.PCURVE_S1.);
#6938 = LINE('',#6939,#6940);
#6939 = CARTESIAN_POINT('',(0.,7.550000678748E-03,2.009257907048E-03));
#6940 = VECTOR('',#6941,1.);
#6941 = DIRECTION('',(0.869886476293,-8.567663232595E-02,-0.485754086999
    ));
#6942 = PCURVE('',#6919,#6943);
#6943 = DEFINITIONAL_REPRESENTATION('',(#6944),#6947);
#6944 = B_SPLINE_CURVE_WITH_KNOTS('',1,(#6945,#6946),.UNSPECIFIED.,.F.,
  .F.,(2,2),(0.,1.693246429606E-03),.PIECEWISE_BEZIER_KNOTS.);
#6945 = CARTESIAN_POINT('',(5.877010409331E-04,-5.635791996074E-04));
#6946 = CARTESIAN_POINT('',(-8.923580666707E-04,2.589221738698E-04));
#6947 = ( GEOMETRIC_REPRESENTATION_CONTEXT(2) 
PARAMETRIC_REPRESENTATION_CONTEXT() REPRESENTATION_CONTEXT('2D SPACE',''
  ) );
#6948 = PCURVE('',#6949,#6954);
#6949 = PLANE('',#6950);
#6950 = AXIS2_PLACEMENT_3D('',#6951,#6952,#6953);
#6951 = CARTESIAN_POINT('',(8.880610895438E-04,7.462533997146E-03,
    1.750335733178E-03));
#6952 = DIRECTION('',(-9.801747176263E-02,-0.995184694029,
    -5.510787502833E-17));
#6953 = DIRECTION('',(-0.995184694029,9.801747176263E-02,
    -7.703719777549E-34));
#6954 = DEFINITIONAL_REPRESENTATION('',(#6955),#6959);
#6955 = LINE('',#6956,#6957);
#6956 = CARTESIAN_POINT('',(8.923580666707E-04,-2.589221738698E-04));
#6957 = VECTOR('',#6958,1.);
#6958 = DIRECTION('',(-0.874095513639,0.485754086999));
#6959 = ( GEOMETRIC_REPRESENTATION_CONTEXT(2) 
PARAMETRIC_REPRESENTATION_CONTEXT() REPRESENTATION_CONTEXT('2D SPACE',''
  ) );
#6960 = ORIENTED_EDGE('',*,*,#6961,.T.);
#6961 = EDGE_CURVE('',#6935,#6853,#6962,.T.);
#6962 = SURFACE_CURVE('',#6963,(#6967,#6974),.PCURVE_S1.);
#6963 = LINE('',#6964,#6965);
#6964 = CARTESIAN_POINT('',(0.,7.550000678748E-03,2.009257907048E-03));
#6965 = VECTOR('',#6966,1.);
#6966 = DIRECTION('',(0.,0.,-1.));
#6967 = PCURVE('',#6919,#6968);
#6968 = DEFINITIONAL_REPRESENTATION('',(#6969),#6973);
#6969 = LINE('',#6970,#6971);
#6970 = CARTESIAN_POINT('',(5.877010409331E-04,-5.635791996074E-04));
#6971 = VECTOR('',#6972,1.);
#6972 = DIRECTION('',(0.,1.));
#6973 = ( GEOMETRIC_REPRESENTATION_CONTEXT(2) 
PARAMETRIC_REPRESENTATION_CONTEXT() REPRESENTATION_CONTEXT('2D SPACE',''
  ) );
#6974 = PCURVE('',#6975,#6980);
#6975 = PLANE('',#6976);
#6976 = AXIS2_PLACEMENT_3D('',#6977,#6978,#6979);
#6977 = CARTESIAN_POINT('',(-5.848710806014E-04,7.492395708563E-03,
    1.750335733178E-03));
#6978 = DIRECTION('',(9.801747176263E-02,-0.995184694029,
    -5.510787502833E-17));
#6979 = DIRECTION('',(-0.995184694029,-9.801747176263E-02,
    -7.703719777549E-34));
#6980 = DEFINITIONAL_REPRESENTATION('',(#6981),#6984);
#6981 = B_SPLINE_CURVE_WITH_KNOTS('',1,(#6982,#6983),.UNSPECIFIED.,.F.,
  .F.,(2,2),(0.,8.225013734773E-04),.PIECEWISE_BEZIER_KNOTS.);
#6982 = CARTESIAN_POINT('',(-5.877010409331E-04,-2.589221738698E-04));
#6983 = CARTESIAN_POINT('',(-5.877010409331E-04,5.635791996074E-04));
#6984 = ( GEOMETRIC_REPRESENTATION_CONTEXT(2) 
PARAMETRIC_REPRESENTATION_CONTEXT() REPRESENTATION_CONTEXT('2D SPACE',''
  ) );
#6985 = ADVANCED_FACE('',(#6986),#6949,.T.);
#6986 = FACE_BOUND('',#6987,.T.);
#6987 = EDGE_LOOP('',(#6988,#6989,#7011));
#6988 = ORIENTED_EDGE('',*,*,#6934,.T.);
#6989 = ORIENTED_EDGE('',*,*,#6990,.T.);
#6990 = EDGE_CURVE('',#6797,#6991,#6993,.T.);
#6991 = VERTEX_POINT('',#6992);
#6992 = CARTESIAN_POINT('',(1.472932170145E-03,7.404929026961E-03,
    2.009257907048E-03));
#6993 = SURFACE_CURVE('',#6994,(#6998,#7005),.PCURVE_S1.);
#6994 = LINE('',#6995,#6996);
#6995 = CARTESIAN_POINT('',(1.472932170145E-03,7.404929026961E-03,
    1.186756533571E-03));
#6996 = VECTOR('',#6997,1.);
#6997 = DIRECTION('',(0.,0.,1.));
#6998 = PCURVE('',#6949,#6999);
#6999 = DEFINITIONAL_REPRESENTATION('',(#7000),#7004);
#7000 = LINE('',#7001,#7002);
#7001 = CARTESIAN_POINT('',(-5.877010409331E-04,5.635791996074E-04));
#7002 = VECTOR('',#7003,1.);
#7003 = DIRECTION('',(0.,-1.));
#7004 = ( GEOMETRIC_REPRESENTATION_CONTEXT(2) 
PARAMETRIC_REPRESENTATION_CONTEXT() REPRESENTATION_CONTEXT('2D SPACE',''
  ) );
#7005 = PCURVE('',#6838,#7006);
#7006 = DEFINITIONAL_REPRESENTATION('',(#7007),#7010);
#7007 = B_SPLINE_CURVE_WITH_KNOTS('',1,(#7008,#7009),.UNSPECIFIED.,.F.,
  .F.,(2,2),(0.,8.225013734773E-04),.PIECEWISE_BEZIER_KNOTS.);
#7008 = CARTESIAN_POINT('',(5.877011009554E-04,2.589221698374E-04));
#7009 = CARTESIAN_POINT('',(5.877011009554E-04,-5.635792036398E-04));
#7010 = ( GEOMETRIC_REPRESENTATION_CONTEXT(2) 
PARAMETRIC_REPRESENTATION_CONTEXT() REPRESENTATION_CONTEXT('2D SPACE',''
  ) );
#7011 = ORIENTED_EDGE('',*,*,#7012,.T.);
#7012 = EDGE_CURVE('',#6991,#6935,#7013,.T.);
#7013 = SURFACE_CURVE('',#7014,(#7018,#7025),.PCURVE_S1.);
#7014 = LINE('',#7015,#7016);
#7015 = CARTESIAN_POINT('',(1.472932170145E-03,7.404929026961E-03,
    2.009257907048E-03));
#7016 = VECTOR('',#7017,1.);
#7017 = DIRECTION('',(-0.995184694029,9.801747176263E-02,0.));
#7018 = PCURVE('',#6949,#7019);
#7019 = DEFINITIONAL_REPRESENTATION('',(#7020),#7024);
#7020 = LINE('',#7021,#7022);
#7021 = CARTESIAN_POINT('',(-5.877010409331E-04,-2.589221738698E-04));
#7022 = VECTOR('',#7023,1.);
#7023 = DIRECTION('',(1.,-2.305519351692E-33));
#7024 = ( GEOMETRIC_REPRESENTATION_CONTEXT(2) 
PARAMETRIC_REPRESENTATION_CONTEXT() REPRESENTATION_CONTEXT('2D SPACE',''
  ) );
#7025 = PCURVE('',#7026,#7031);
#7026 = PLANE('',#7027);
#7027 = AXIS2_PLACEMENT_3D('',#7028,#7029,#7030);
#7028 = CARTESIAN_POINT('',(0.,7.441284471202E-03,2.009257907048E-03));
#7029 = DIRECTION('',(-0.,-0.,-1.));
#7030 = DIRECTION('',(-1.,0.,0.));
#7031 = DEFINITIONAL_REPRESENTATION('',(#7032),#7035);
#7032 = B_SPLINE_CURVE_WITH_KNOTS('',1,(#7033,#7034),.UNSPECIFIED.,.F.,
  .F.,(2,2),(0.,1.480059107604E-03),.PIECEWISE_BEZIER_KNOTS.);
#7033 = CARTESIAN_POINT('',(-1.472932170145E-03,-3.635544424051E-05));
#7034 = CARTESIAN_POINT('',(0.,1.087162075461E-04));
#7035 = ( GEOMETRIC_REPRESENTATION_CONTEXT(2) 
PARAMETRIC_REPRESENTATION_CONTEXT() REPRESENTATION_CONTEXT('2D SPACE',''
  ) );
#7036 = ADVANCED_FACE('',(#7037),#6838,.T.);
#7037 = FACE_BOUND('',#7038,.T.);
#7038 = EDGE_LOOP('',(#7039,#7040,#7065));
#7039 = ORIENTED_EDGE('',*,*,#6824,.F.);
#7040 = ORIENTED_EDGE('',*,*,#7041,.F.);
#7041 = EDGE_CURVE('',#6991,#6604,#7042,.T.);
#7042 = SURFACE_CURVE('',#7043,(#7047,#7053),.PCURVE_S1.);
#7043 = LINE('',#7044,#7045);
#7044 = CARTESIAN_POINT('',(1.472932170145E-03,7.404929026961E-03,
    2.009257907048E-03));
#7045 = VECTOR('',#7046,1.);
#7046 = DIRECTION('',(0.836457329013,-0.253736349215,-0.485754054874));
#7047 = PCURVE('',#6838,#7048);
#7048 = DEFINITIONAL_REPRESENTATION('',(#7049),#7052);
#7049 = B_SPLINE_CURVE_WITH_KNOTS('',1,(#7050,#7051),.UNSPECIFIED.,.F.,
  .F.,(2,2),(0.,1.693246541586E-03),.PIECEWISE_BEZIER_KNOTS.);
#7050 = CARTESIAN_POINT('',(5.877011009554E-04,-5.635792036398E-04));
#7051 = CARTESIAN_POINT('',(-8.923581347578E-04,2.589221698374E-04));
#7052 = ( GEOMETRIC_REPRESENTATION_CONTEXT(2) 
PARAMETRIC_REPRESENTATION_CONTEXT() REPRESENTATION_CONTEXT('2D SPACE',''
  ) );
#7053 = PCURVE('',#7054,#7059);
#7054 = PLANE('',#7055);
#7055 = AXIS2_PLACEMENT_3D('',#7056,#7057,#7058);
#7056 = CARTESIAN_POINT('',(2.326865722064E-03,7.145891327822E-03,
    1.75033573721E-03));
#7057 = DIRECTION('',(-0.290284459849,-0.956940401682,
    -1.102157517994E-16));
#7058 = DIRECTION('',(-0.956940401682,0.290284459849,0.));
#7059 = DEFINITIONAL_REPRESENTATION('',(#7060),#7064);
#7060 = LINE('',#7061,#7062);
#7061 = CARTESIAN_POINT('',(8.923581347578E-04,-2.589221698374E-04));
#7062 = VECTOR('',#7063,1.);
#7063 = DIRECTION('',(-0.874095531491,0.485754054874));
#7064 = ( GEOMETRIC_REPRESENTATION_CONTEXT(2) 
PARAMETRIC_REPRESENTATION_CONTEXT() REPRESENTATION_CONTEXT('2D SPACE',''
  ) );
#7065 = ORIENTED_EDGE('',*,*,#6990,.F.);
#7066 = ADVANCED_FACE('',(#7067),#7054,.T.);
#7067 = FACE_BOUND('',#7068,.T.);
#7068 = EDGE_LOOP('',(#7069,#7070,#7092));
#7069 = ORIENTED_EDGE('',*,*,#7041,.T.);
#7070 = ORIENTED_EDGE('',*,*,#7071,.T.);
#7071 = EDGE_CURVE('',#6604,#7072,#7074,.T.);
#7072 = VERTEX_POINT('',#7073);
#7073 = CARTESIAN_POINT('',(2.889260649681E-03,6.975290831178E-03,
    2.009257907048E-03));
#7074 = SURFACE_CURVE('',#7075,(#7079,#7086),.PCURVE_S1.);
#7075 = LINE('',#7076,#7077);
#7076 = CARTESIAN_POINT('',(2.889260649681E-03,6.975290831178E-03,
    1.186756533571E-03));
#7077 = VECTOR('',#7078,1.);
#7078 = DIRECTION('',(0.,0.,1.));
#7079 = PCURVE('',#7054,#7080);
#7080 = DEFINITIONAL_REPRESENTATION('',(#7081),#7085);
#7081 = LINE('',#7082,#7083);
#7082 = CARTESIAN_POINT('',(-5.877011009554E-04,5.635792036398E-04));
#7083 = VECTOR('',#7084,1.);
#7084 = DIRECTION('',(0.,-1.));
#7085 = ( GEOMETRIC_REPRESENTATION_CONTEXT(2) 
PARAMETRIC_REPRESENTATION_CONTEXT() REPRESENTATION_CONTEXT('2D SPACE',''
  ) );
#7086 = PCURVE('',#6640,#7087);
#7087 = DEFINITIONAL_REPRESENTATION('',(#7088),#7091);
#7088 = B_SPLINE_CURVE_WITH_KNOTS('',1,(#7089,#7090),.UNSPECIFIED.,.F.,
  .F.,(2,2),(0.,8.225013734773E-04),.PIECEWISE_BEZIER_KNOTS.);
#7089 = CARTESIAN_POINT('',(5.877008903639E-04,2.589221839853E-04));
#7090 = CARTESIAN_POINT('',(5.877008903639E-04,-5.63579189492E-04));
#7091 = ( GEOMETRIC_REPRESENTATION_CONTEXT(2) 
PARAMETRIC_REPRESENTATION_CONTEXT() REPRESENTATION_CONTEXT('2D SPACE',''
  ) );
#7092 = ORIENTED_EDGE('',*,*,#7093,.T.);
#7093 = EDGE_CURVE('',#7072,#6991,#7094,.T.);
#7094 = SURFACE_CURVE('',#7095,(#7099,#7106),.PCURVE_S1.);
#7095 = LINE('',#7096,#7097);
#7096 = CARTESIAN_POINT('',(2.889260649681E-03,6.975290831178E-03,
    2.009257907048E-03));
#7097 = VECTOR('',#7098,1.);
#7098 = DIRECTION('',(-0.956940401682,0.290284459849,0.));
#7099 = PCURVE('',#7054,#7100);
#7100 = DEFINITIONAL_REPRESENTATION('',(#7101),#7105);
#7101 = LINE('',#7102,#7103);
#7102 = CARTESIAN_POINT('',(-5.877011009554E-04,-2.589221698374E-04));
#7103 = VECTOR('',#7104,1.);
#7104 = DIRECTION('',(1.,-6.118203266205E-33));
#7105 = ( GEOMETRIC_REPRESENTATION_CONTEXT(2) 
PARAMETRIC_REPRESENTATION_CONTEXT() REPRESENTATION_CONTEXT('2D SPACE',''
  ) );
#7106 = PCURVE('',#7107,#7112);
#7107 = PLANE('',#7108);
#7108 = AXIS2_PLACEMENT_3D('',#7109,#7110,#7111);
#7109 = CARTESIAN_POINT('',(2.847656597785E-03,6.874850349917E-03,
    2.009257907048E-03));
#7110 = DIRECTION('',(-2.862654440096E-30,-7.380693652978E-30,-1.));
#7111 = DIRECTION('',(0.,-1.,7.380693652978E-30));
#7112 = DEFINITIONAL_REPRESENTATION('',(#7113),#7116);
#7113 = B_SPLINE_CURVE_WITH_KNOTS('',1,(#7114,#7115),.UNSPECIFIED.,.F.,
  .F.,(2,2),(0.,1.480059235713E-03),.PIECEWISE_BEZIER_KNOTS.);
#7114 = CARTESIAN_POINT('',(-1.004404812616E-04,-4.160405189651E-05));
#7115 = CARTESIAN_POINT('',(-5.300786770445E-04,1.374724427639E-03));
#7116 = ( GEOMETRIC_REPRESENTATION_CONTEXT(2) 
PARAMETRIC_REPRESENTATION_CONTEXT() REPRESENTATION_CONTEXT('2D SPACE',''
  ) );
#7117 = ADVANCED_FACE('',(#7118),#6640,.T.);
#7118 = FACE_BOUND('',#7119,.T.);
#7119 = EDGE_LOOP('',(#7120,#7121,#7146));
#7120 = ORIENTED_EDGE('',*,*,#6626,.F.);
#7121 = ORIENTED_EDGE('',*,*,#7122,.F.);
#7122 = EDGE_CURVE('',#7072,#6548,#7123,.T.);
#7123 = SURFACE_CURVE('',#7124,(#7128,#7134),.PCURVE_S1.);
#7124 = LINE('',#7125,#7126);
#7125 = CARTESIAN_POINT('',(2.889260649681E-03,6.975290831178E-03,
    2.009257907048E-03));
#7126 = VECTOR('',#7127,1.);
#7127 = DIRECTION('',(0.770883285608,-0.41204593026,-0.485754167585));
#7128 = PCURVE('',#6640,#7129);
#7129 = DEFINITIONAL_REPRESENTATION('',(#7130),#7133);
#7130 = B_SPLINE_CURVE_WITH_KNOTS('',1,(#7131,#7132),.UNSPECIFIED.,.F.,
  .F.,(2,2),(0.,1.693246148698E-03),.PIECEWISE_BEZIER_KNOTS.);
#7131 = CARTESIAN_POINT('',(5.877008903639E-04,-5.63579189492E-04));
#7132 = CARTESIAN_POINT('',(-8.923578958706E-04,2.589221839853E-04));
#7133 = ( GEOMETRIC_REPRESENTATION_CONTEXT(2) 
PARAMETRIC_REPRESENTATION_CONTEXT() REPRESENTATION_CONTEXT('2D SPACE',''
  ) );
#7134 = PCURVE('',#7135,#7140);
#7135 = PLANE('',#7136);
#7136 = AXIS2_PLACEMENT_3D('',#7137,#7138,#7139);
#7137 = CARTESIAN_POINT('',(3.676249956018E-03,6.554636048687E-03,
    1.750335723063E-03));
#7138 = DIRECTION('',(-0.471396941113,-0.881921155154,-0.));
#7139 = DIRECTION('',(-0.881921155154,0.471396941113,0.));
#7140 = DEFINITIONAL_REPRESENTATION('',(#7141),#7145);
#7141 = LINE('',#7142,#7143);
#7142 = CARTESIAN_POINT('',(8.923578958706E-04,-2.589221839853E-04));
#7143 = VECTOR('',#7144,1.);
#7144 = DIRECTION('',(-0.874095468856,0.485754167585));
#7145 = ( GEOMETRIC_REPRESENTATION_CONTEXT(2) 
PARAMETRIC_REPRESENTATION_CONTEXT() REPRESENTATION_CONTEXT('2D SPACE',''
  ) );
#7146 = ORIENTED_EDGE('',*,*,#7071,.F.);
#7147 = ADVANCED_FACE('',(#7148),#7135,.T.);
#7148 = FACE_BOUND('',#7149,.T.);
#7149 = EDGE_LOOP('',(#7150,#7151,#7173));
#7150 = ORIENTED_EDGE('',*,*,#7122,.T.);
#7151 = ORIENTED_EDGE('',*,*,#7152,.T.);
#7152 = EDGE_CURVE('',#6548,#7153,#7155,.T.);
#7153 = VERTEX_POINT('',#7154);
#7154 = CARTESIAN_POINT('',(4.194555804133E-03,6.277595646679E-03,
    2.009257907048E-03));
#7155 = SURFACE_CURVE('',#7156,(#7160,#7167),.PCURVE_S1.);
#7156 = LINE('',#7157,#7158);
#7157 = CARTESIAN_POINT('',(4.194555804133E-03,6.277595646679E-03,
    1.186756533571E-03));
#7158 = VECTOR('',#7159,1.);
#7159 = DIRECTION('',(0.,0.,1.));
#7160 = PCURVE('',#7135,#7161);
#7161 = DEFINITIONAL_REPRESENTATION('',(#7162),#7166);
#7162 = LINE('',#7163,#7164);
#7163 = CARTESIAN_POINT('',(-5.877008903639E-04,5.63579189492E-04));
#7164 = VECTOR('',#7165,1.);
#7165 = DIRECTION('',(0.,-1.));
#7166 = ( GEOMETRIC_REPRESENTATION_CONTEXT(2) 
PARAMETRIC_REPRESENTATION_CONTEXT() REPRESENTATION_CONTEXT('2D SPACE',''
  ) );
#7167 = PCURVE('',#6589,#7168);
#7168 = DEFINITIONAL_REPRESENTATION('',(#7169),#7172);
#7169 = B_SPLINE_CURVE_WITH_KNOTS('',1,(#7170,#7171),.UNSPECIFIED.,.F.,
  .F.,(2,2),(0.,8.225013734773E-04),.PIECEWISE_BEZIER_KNOTS.);
#7170 = CARTESIAN_POINT('',(5.877007639608E-04,2.589221924772E-04));
#7171 = CARTESIAN_POINT('',(5.877007639608E-04,-5.63579181E-04));
#7172 = ( GEOMETRIC_REPRESENTATION_CONTEXT(2) 
PARAMETRIC_REPRESENTATION_CONTEXT() REPRESENTATION_CONTEXT('2D SPACE',''
  ) );
#7173 = ORIENTED_EDGE('',*,*,#7174,.T.);
#7174 = EDGE_CURVE('',#7153,#7072,#7175,.T.);
#7175 = SURFACE_CURVE('',#7176,(#7180,#7187),.PCURVE_S1.);
#7176 = LINE('',#7177,#7178);
#7177 = CARTESIAN_POINT('',(4.194555804133E-03,6.277595646679E-03,
    2.009257907048E-03));
#7178 = VECTOR('',#7179,1.);
#7179 = DIRECTION('',(-0.881921155154,0.471396941113,0.));
#7180 = PCURVE('',#7135,#7181);
#7181 = DEFINITIONAL_REPRESENTATION('',(#7182),#7186);
#7182 = LINE('',#7183,#7184);
#7183 = CARTESIAN_POINT('',(-5.877008903639E-04,-2.589221839853E-04));
#7184 = VECTOR('',#7185,1.);
#7185 = DIRECTION('',(1.,0.));
#7186 = ( GEOMETRIC_REPRESENTATION_CONTEXT(2) 
PARAMETRIC_REPRESENTATION_CONTEXT() REPRESENTATION_CONTEXT('2D SPACE',''
  ) );
#7187 = PCURVE('',#7107,#7188);
#7188 = DEFINITIONAL_REPRESENTATION('',(#7189),#7192);
#7189 = B_SPLINE_CURVE_WITH_KNOTS('',1,(#7190,#7191),.UNSPECIFIED.,.F.,
  .F.,(2,2),(0.,1.480058786234E-03),.PIECEWISE_BEZIER_KNOTS.);
#7190 = CARTESIAN_POINT('',(5.972547032374E-04,-1.346899206349E-03));
#7191 = CARTESIAN_POINT('',(-1.004404812616E-04,-4.160405189651E-05));
#7192 = ( GEOMETRIC_REPRESENTATION_CONTEXT(2) 
PARAMETRIC_REPRESENTATION_CONTEXT() REPRESENTATION_CONTEXT('2D SPACE',''
  ) );
#7193 = ADVANCED_FACE('',(#7194),#6589,.T.);
#7194 = FACE_BOUND('',#7195,.T.);
#7195 = EDGE_LOOP('',(#7196,#7197,#7222));
#7196 = ORIENTED_EDGE('',*,*,#6575,.F.);
#7197 = ORIENTED_EDGE('',*,*,#7198,.F.);
#7198 = EDGE_CURVE('',#7153,#56,#7199,.T.);
#7199 = SURFACE_CURVE('',#7200,(#7204,#7210),.PCURVE_S1.);
#7200 = LINE('',#7201,#7202);
#7201 = CARTESIAN_POINT('',(4.194555804133E-03,6.277595646679E-03,
    2.009257907048E-03));
#7202 = VECTOR('',#7203,1.);
#7203 = DIRECTION('',(0.675685027919,-0.554520122264,-0.485754235237));
#7204 = PCURVE('',#6589,#7205);
#7205 = DEFINITIONAL_REPRESENTATION('',(#7206),#7209);
#7206 = B_SPLINE_CURVE_WITH_KNOTS('',1,(#7207,#7208),.UNSPECIFIED.,.F.,
  .F.,(2,2),(0.,1.693245912876E-03),.PIECEWISE_BEZIER_KNOTS.);
#7207 = CARTESIAN_POINT('',(5.877007639608E-04,-5.63579181E-04));
#7208 = CARTESIAN_POINT('',(-8.923577524835E-04,2.589221924772E-04));
#7209 = ( GEOMETRIC_REPRESENTATION_CONTEXT(2) 
PARAMETRIC_REPRESENTATION_CONTEXT() REPRESENTATION_CONTEXT('2D SPACE',''
  ) );
#7210 = PCURVE('',#7211,#7216);
#7211 = PLANE('',#7212);
#7212 = AXIS2_PLACEMENT_3D('',#7213,#7214,#7215);
#7213 = CARTESIAN_POINT('',(4.884357799817E-03,5.711490033592E-03,
    1.750335714571E-03));
#7214 = DIRECTION('',(-0.63439311365,-0.7730105933,-0.));
#7215 = DIRECTION('',(-0.7730105933,0.63439311365,0.));
#7216 = DEFINITIONAL_REPRESENTATION('',(#7217),#7221);
#7217 = LINE('',#7218,#7219);
#7218 = CARTESIAN_POINT('',(8.923577524835E-04,-2.589221924772E-04));
#7219 = VECTOR('',#7220,1.);
#7220 = DIRECTION('',(-0.87409543126,0.485754235237));
#7221 = ( GEOMETRIC_REPRESENTATION_CONTEXT(2) 
PARAMETRIC_REPRESENTATION_CONTEXT() REPRESENTATION_CONTEXT('2D SPACE',''
  ) );
#7222 = ORIENTED_EDGE('',*,*,#7152,.F.);
#7223 = ADVANCED_FACE('',(#7224),#7211,.T.);
#7224 = FACE_BOUND('',#7225,.T.);
#7225 = EDGE_LOOP('',(#7226,#7227,#7249));
#7226 = ORIENTED_EDGE('',*,*,#7198,.T.);
#7227 = ORIENTED_EDGE('',*,*,#7228,.T.);
#7228 = EDGE_CURVE('',#56,#7229,#7231,.T.);
#7229 = VERTEX_POINT('',#7230);
#7230 = CARTESIAN_POINT('',(5.338656716049E-03,5.338656716049E-03,
    2.009257907048E-03));
#7231 = SURFACE_CURVE('',#7232,(#7236,#7243),.PCURVE_S1.);
#7232 = LINE('',#7233,#7234);
#7233 = CARTESIAN_POINT('',(5.338656716049E-03,5.338656716049E-03,
    1.186756533571E-03));
#7234 = VECTOR('',#7235,1.);
#7235 = DIRECTION('',(0.,0.,1.));
#7236 = PCURVE('',#7211,#7237);
#7237 = DEFINITIONAL_REPRESENTATION('',(#7238),#7242);
#7238 = LINE('',#7239,#7240);
#7239 = CARTESIAN_POINT('',(-5.877007639608E-04,5.63579181E-04));
#7240 = VECTOR('',#7241,1.);
#7241 = DIRECTION('',(0.,-1.));
#7242 = ( GEOMETRIC_REPRESENTATION_CONTEXT(2) 
PARAMETRIC_REPRESENTATION_CONTEXT() REPRESENTATION_CONTEXT('2D SPACE',''
  ) );
#7243 = PCURVE('',#71,#7244);
#7244 = DEFINITIONAL_REPRESENTATION('',(#7245),#7248);
#7245 = B_SPLINE_CURVE_WITH_KNOTS('',1,(#7246,#7247),.UNSPECIFIED.,.F.,
  .F.,(2,2),(0.,8.225013734773E-04),.PIECEWISE_BEZIER_KNOTS.);
#7246 = CARTESIAN_POINT('',(-5.877010407763E-04,-2.589221738804E-04));
#7247 = CARTESIAN_POINT('',(-5.877010407763E-04,5.635791995969E-04));
#7248 = ( GEOMETRIC_REPRESENTATION_CONTEXT(2) 
PARAMETRIC_REPRESENTATION_CONTEXT() REPRESENTATION_CONTEXT('2D SPACE',''
  ) );
#7249 = ORIENTED_EDGE('',*,*,#7250,.T.);
#7250 = EDGE_CURVE('',#7229,#7153,#7251,.T.);
#7251 = SURFACE_CURVE('',#7252,(#7256,#7263),.PCURVE_S1.);
#7252 = LINE('',#7253,#7254);
#7253 = CARTESIAN_POINT('',(5.338656716049E-03,5.338656716049E-03,
    2.009257907048E-03));
#7254 = VECTOR('',#7255,1.);
#7255 = DIRECTION('',(-0.7730105933,0.63439311365,0.));
#7256 = PCURVE('',#7211,#7257);
#7257 = DEFINITIONAL_REPRESENTATION('',(#7258),#7262);
#7258 = LINE('',#7259,#7260);
#7259 = CARTESIAN_POINT('',(-5.877007639608E-04,-2.589221924772E-04));
#7260 = VECTOR('',#7261,1.);
#7261 = DIRECTION('',(1.,0.));
#7262 = ( GEOMETRIC_REPRESENTATION_CONTEXT(2) 
PARAMETRIC_REPRESENTATION_CONTEXT() REPRESENTATION_CONTEXT('2D SPACE',''
  ) );
#7263 = PCURVE('',#7264,#7269);
#7264 = PLANE('',#7265);
#7265 = AXIS2_PLACEMENT_3D('',#7266,#7267,#7268);
#7266 = CARTESIAN_POINT('',(5.261783267555E-03,5.261782814398E-03,
    2.009257907048E-03));
#7267 = DIRECTION('',(-0.,-0.,-1.));
#7268 = DIRECTION('',(-1.,0.,0.));
#7269 = DEFINITIONAL_REPRESENTATION('',(#7270),#7273);
#7270 = B_SPLINE_CURVE_WITH_KNOTS('',1,(#7271,#7272),.UNSPECIFIED.,.F.,
  .F.,(2,2),(0.,1.480058516444E-03),.PIECEWISE_BEZIER_KNOTS.);
#7271 = CARTESIAN_POINT('',(-7.687344849382E-05,7.687390165081E-05));
#7272 = CARTESIAN_POINT('',(1.067227463421E-03,1.015812832281E-03));
#7273 = ( GEOMETRIC_REPRESENTATION_CONTEXT(2) 
PARAMETRIC_REPRESENTATION_CONTEXT() REPRESENTATION_CONTEXT('2D SPACE',''
  ) );
#7274 = ADVANCED_FACE('',(#7275),#71,.T.);
#7275 = FACE_BOUND('',#7276,.T.);
#7276 = EDGE_LOOP('',(#7277,#7278,#7303));
#7277 = ORIENTED_EDGE('',*,*,#55,.F.);
#7278 = ORIENTED_EDGE('',*,*,#7279,.F.);
#7279 = EDGE_CURVE('',#7229,#24,#7280,.T.);
#7280 = SURFACE_CURVE('',#7281,(#7285,#7291),.PCURVE_S1.);
#7281 = LINE('',#7282,#7283);
#7282 = CARTESIAN_POINT('',(5.338656716049E-03,5.338656716049E-03,
    2.009257907048E-03));
#7283 = VECTOR('',#7284,1.);
#7284 = DIRECTION('',(0.554520503158,-0.675684821836,-0.485754087083));
#7285 = PCURVE('',#71,#7286);
#7286 = DEFINITIONAL_REPRESENTATION('',(#7287),#7290);
#7287 = B_SPLINE_CURVE_WITH_KNOTS('',1,(#7288,#7289),.UNSPECIFIED.,.F.,
  .F.,(2,2),(0.,1.693246429313E-03),.PIECEWISE_BEZIER_KNOTS.);
#7288 = CARTESIAN_POINT('',(-5.877010407763E-04,5.635791995969E-04));
#7289 = CARTESIAN_POINT('',(8.923580664928E-04,-2.589221738804E-04));
#7290 = ( GEOMETRIC_REPRESENTATION_CONTEXT(2) 
PARAMETRIC_REPRESENTATION_CONTEXT() REPRESENTATION_CONTEXT('2D SPACE',''
  ) );
#7291 = PCURVE('',#7292,#7297);
#7292 = PLANE('',#7293);
#7293 = AXIS2_PLACEMENT_3D('',#7294,#7295,#7296);
#7294 = CARTESIAN_POINT('',(5.904762863871E-03,4.648854752995E-03,
    1.750335733167E-03));
#7295 = DIRECTION('',(-0.773010284722,-0.634393489653,-0.));
#7296 = DIRECTION('',(0.634393489653,-0.773010284722,0.));
#7297 = DEFINITIONAL_REPRESENTATION('',(#7298),#7302);
#7298 = LINE('',#7299,#7300);
#7299 = CARTESIAN_POINT('',(-8.923580664928E-04,2.589221738804E-04));
#7300 = VECTOR('',#7301,1.);
#7301 = DIRECTION('',(0.874095513592,-0.485754087083));
#7302 = ( GEOMETRIC_REPRESENTATION_CONTEXT(2) 
PARAMETRIC_REPRESENTATION_CONTEXT() REPRESENTATION_CONTEXT('2D SPACE',''
  ) );
#7303 = ORIENTED_EDGE('',*,*,#7228,.F.);
#7304 = ADVANCED_FACE('',(#7305),#7292,.T.);
#7305 = FACE_BOUND('',#7306,.T.);
#7306 = EDGE_LOOP('',(#7307,#7308,#7330));
#7307 = ORIENTED_EDGE('',*,*,#7279,.T.);
#7308 = ORIENTED_EDGE('',*,*,#7309,.T.);
#7309 = EDGE_CURVE('',#24,#7310,#7312,.T.);
#7310 = VERTEX_POINT('',#7311);
#7311 = CARTESIAN_POINT('',(6.277596578002E-03,4.194555804133E-03,
    2.009257907048E-03));
#7312 = SURFACE_CURVE('',#7313,(#7317,#7324),.PCURVE_S1.);
#7313 = LINE('',#7314,#7315);
#7314 = CARTESIAN_POINT('',(6.277596578002E-03,4.194555804133E-03,
    1.186756533571E-03));
#7315 = VECTOR('',#7316,1.);
#7316 = DIRECTION('',(0.,0.,1.));
#7317 = PCURVE('',#7292,#7318);
#7318 = DEFINITIONAL_REPRESENTATION('',(#7319),#7323);
#7319 = LINE('',#7320,#7321);
#7320 = CARTESIAN_POINT('',(5.877010407763E-04,-5.635791995969E-04));
#7321 = VECTOR('',#7322,1.);
#7322 = DIRECTION('',(0.,1.));
#7323 = ( GEOMETRIC_REPRESENTATION_CONTEXT(2) 
PARAMETRIC_REPRESENTATION_CONTEXT() REPRESENTATION_CONTEXT('2D SPACE',''
  ) );
#7324 = PCURVE('',#151,#7325);
#7325 = DEFINITIONAL_REPRESENTATION('',(#7326),#7329);
#7326 = B_SPLINE_CURVE_WITH_KNOTS('',1,(#7327,#7328),.UNSPECIFIED.,.F.,
  .F.,(2,2),(0.,8.225013734773E-04),.PIECEWISE_BEZIER_KNOTS.);
#7327 = CARTESIAN_POINT('',(-5.877008837235E-04,-2.589221844314E-04));
#7328 = CARTESIAN_POINT('',(-5.877008837235E-04,5.635791890459E-04));
#7329 = ( GEOMETRIC_REPRESENTATION_CONTEXT(2) 
PARAMETRIC_REPRESENTATION_CONTEXT() REPRESENTATION_CONTEXT('2D SPACE',''
  ) );
#7330 = ORIENTED_EDGE('',*,*,#7331,.T.);
#7331 = EDGE_CURVE('',#7310,#7229,#7332,.T.);
#7332 = SURFACE_CURVE('',#7333,(#7337,#7344),.PCURVE_S1.);
#7333 = LINE('',#7334,#7335);
#7334 = CARTESIAN_POINT('',(6.277596578002E-03,4.194555804133E-03,
    2.009257907048E-03));
#7335 = VECTOR('',#7336,1.);
#7336 = DIRECTION('',(-0.634393489653,0.773010284722,0.));
#7337 = PCURVE('',#7292,#7338);
#7338 = DEFINITIONAL_REPRESENTATION('',(#7339),#7343);
#7339 = LINE('',#7340,#7341);
#7340 = CARTESIAN_POINT('',(5.877010407763E-04,2.589221738804E-04));
#7341 = VECTOR('',#7342,1.);
#7342 = DIRECTION('',(-1.,0.));
#7343 = ( GEOMETRIC_REPRESENTATION_CONTEXT(2) 
PARAMETRIC_REPRESENTATION_CONTEXT() REPRESENTATION_CONTEXT('2D SPACE',''
  ) );
#7344 = PCURVE('',#7264,#7345);
#7345 = DEFINITIONAL_REPRESENTATION('',(#7346),#7349);
#7346 = B_SPLINE_CURVE_WITH_KNOTS('',1,(#7347,#7348),.UNSPECIFIED.,.F.,
  .F.,(2,2),(0.,1.480059107269E-03),.PIECEWISE_BEZIER_KNOTS.);
#7347 = CARTESIAN_POINT('',(-1.015813310447E-03,-1.067227010264E-03));
#7348 = CARTESIAN_POINT('',(-7.687344849382E-05,7.687390165081E-05));
#7349 = ( GEOMETRIC_REPRESENTATION_CONTEXT(2) 
PARAMETRIC_REPRESENTATION_CONTEXT() REPRESENTATION_CONTEXT('2D SPACE',''
  ) );
#7350 = ADVANCED_FACE('',(#7351),#151,.T.);
#7351 = FACE_BOUND('',#7352,.T.);
#7352 = EDGE_LOOP('',(#7353,#7354,#7379));
#7353 = ORIENTED_EDGE('',*,*,#137,.F.);
#7354 = ORIENTED_EDGE('',*,*,#7355,.F.);
#7355 = EDGE_CURVE('',#7310,#111,#7356,.T.);
#7356 = SURFACE_CURVE('',#7357,(#7361,#7367),.PCURVE_S1.);
#7357 = LINE('',#7358,#7359);
#7358 = CARTESIAN_POINT('',(6.277596578002E-03,4.194555804133E-03,
    2.009257907048E-03));
#7359 = VECTOR('',#7360,1.);
#7360 = DIRECTION('',(0.412045658263,-0.770883428754,-0.485754171139));
#7361 = PCURVE('',#151,#7362);
#7362 = DEFINITIONAL_REPRESENTATION('',(#7363),#7366);
#7363 = B_SPLINE_CURVE_WITH_KNOTS('',1,(#7364,#7365),.UNSPECIFIED.,.F.,
  .F.,(2,2),(0.,1.69324613631E-03),.PIECEWISE_BEZIER_KNOTS.);
#7364 = CARTESIAN_POINT('',(-5.877008837235E-04,5.635791890459E-04));
#7365 = CARTESIAN_POINT('',(8.92357888338E-04,-2.589221844314E-04));
#7366 = ( GEOMETRIC_REPRESENTATION_CONTEXT(2) 
PARAMETRIC_REPRESENTATION_CONTEXT() REPRESENTATION_CONTEXT('2D SPACE',''
  ) );
#7367 = PCURVE('',#7368,#7373);
#7368 = PLANE('',#7369);
#7369 = AXIS2_PLACEMENT_3D('',#7370,#7371,#7372);
#7370 = CARTESIAN_POINT('',(6.698251080214E-03,3.407566356525E-03,
    1.750335722616E-03));
#7371 = DIRECTION('',(-0.881921320911,-0.471396631004,-2.20431490984E-16
    ));
#7372 = DIRECTION('',(0.471396631004,-0.881921320911,0.));
#7373 = DEFINITIONAL_REPRESENTATION('',(#7374),#7378);
#7374 = LINE('',#7375,#7376);
#7375 = CARTESIAN_POINT('',(-8.92357888338E-04,2.589221844314E-04));
#7376 = VECTOR('',#7377,1.);
#7377 = DIRECTION('',(0.874095466881,-0.485754171139));
#7378 = ( GEOMETRIC_REPRESENTATION_CONTEXT(2) 
PARAMETRIC_REPRESENTATION_CONTEXT() REPRESENTATION_CONTEXT('2D SPACE',''
  ) );
#7379 = ORIENTED_EDGE('',*,*,#7309,.F.);
#7380 = ADVANCED_FACE('',(#7381),#7368,.T.);
#7381 = FACE_BOUND('',#7382,.T.);
#7382 = EDGE_LOOP('',(#7383,#7384,#7406));
#7383 = ORIENTED_EDGE('',*,*,#7355,.T.);
#7384 = ORIENTED_EDGE('',*,*,#7385,.T.);
#7385 = EDGE_CURVE('',#111,#7386,#7388,.T.);
#7386 = VERTEX_POINT('',#7387);
#7387 = CARTESIAN_POINT('',(6.97529129684E-03,2.88926041685E-03,
    2.009257907048E-03));
#7388 = SURFACE_CURVE('',#7389,(#7393,#7400),.PCURVE_S1.);
#7389 = LINE('',#7390,#7391);
#7390 = CARTESIAN_POINT('',(6.97529129684E-03,2.88926041685E-03,
    1.186756533571E-03));
#7391 = VECTOR('',#7392,1.);
#7392 = DIRECTION('',(0.,0.,1.));
#7393 = PCURVE('',#7368,#7394);
#7394 = DEFINITIONAL_REPRESENTATION('',(#7395),#7399);
#7395 = LINE('',#7396,#7397);
#7396 = CARTESIAN_POINT('',(5.877008837235E-04,-5.635791890459E-04));
#7397 = VECTOR('',#7398,1.);
#7398 = DIRECTION('',(0.,1.));
#7399 = ( GEOMETRIC_REPRESENTATION_CONTEXT(2) 
PARAMETRIC_REPRESENTATION_CONTEXT() REPRESENTATION_CONTEXT('2D SPACE',''
  ) );
#7400 = PCURVE('',#207,#7401);
#7401 = DEFINITIONAL_REPRESENTATION('',(#7402),#7405);
#7402 = B_SPLINE_CURVE_WITH_KNOTS('',1,(#7403,#7404),.UNSPECIFIED.,.F.,
  .F.,(2,2),(0.,8.225013734773E-04),.PIECEWISE_BEZIER_KNOTS.);
#7403 = CARTESIAN_POINT('',(-5.877010487607E-04,-2.58922173344E-04));
#7404 = CARTESIAN_POINT('',(-5.877010487607E-04,5.635792001333E-04));
#7405 = ( GEOMETRIC_REPRESENTATION_CONTEXT(2) 
PARAMETRIC_REPRESENTATION_CONTEXT() REPRESENTATION_CONTEXT('2D SPACE',''
  ) );
#7406 = ORIENTED_EDGE('',*,*,#7407,.T.);
#7407 = EDGE_CURVE('',#7386,#7310,#7408,.T.);
#7408 = SURFACE_CURVE('',#7409,(#7413,#7420),.PCURVE_S1.);
#7409 = LINE('',#7410,#7411);
#7410 = CARTESIAN_POINT('',(6.97529129684E-03,2.88926041685E-03,
    2.009257907048E-03));
#7411 = VECTOR('',#7412,1.);
#7412 = DIRECTION('',(-0.471396631004,0.881921320911,0.));
#7413 = PCURVE('',#7368,#7414);
#7414 = DEFINITIONAL_REPRESENTATION('',(#7415),#7419);
#7415 = LINE('',#7416,#7417);
#7416 = CARTESIAN_POINT('',(5.877008837235E-04,2.589221844314E-04));
#7417 = VECTOR('',#7418,1.);
#7418 = DIRECTION('',(-1.,2.438326585236E-32));
#7419 = ( GEOMETRIC_REPRESENTATION_CONTEXT(2) 
PARAMETRIC_REPRESENTATION_CONTEXT() REPRESENTATION_CONTEXT('2D SPACE',''
  ) );
#7420 = PCURVE('',#7421,#7426);
#7421 = PLANE('',#7422);
#7422 = AXIS2_PLACEMENT_3D('',#7423,#7424,#7425);
#7423 = CARTESIAN_POINT('',(6.874850985112E-03,2.847656506889E-03,
    2.009257907048E-03));
#7424 = DIRECTION('',(3.535864462674E-29,1.470568627776E-29,-1.));
#7425 = DIRECTION('',(-1.,0.,-3.535864462674E-29));
#7426 = DEFINITIONAL_REPRESENTATION('',(#7427),#7430);
#7427 = B_SPLINE_CURVE_WITH_KNOTS('',1,(#7428,#7429),.UNSPECIFIED.,.F.,
  .F.,(2,2),(0.,1.480058772062E-03),.PIECEWISE_BEZIER_KNOTS.);
#7428 = CARTESIAN_POINT('',(-1.004403117279E-04,4.160390996115E-05));
#7429 = CARTESIAN_POINT('',(5.972544071099E-04,1.346899297244E-03));
#7430 = ( GEOMETRIC_REPRESENTATION_CONTEXT(2) 
PARAMETRIC_REPRESENTATION_CONTEXT() REPRESENTATION_CONTEXT('2D SPACE',''
  ) );
#7431 = ADVANCED_FACE('',(#7432),#207,.T.);
#7432 = FACE_BOUND('',#7433,.T.);
#7433 = EDGE_LOOP('',(#7434,#7435,#7460));
#7434 = ORIENTED_EDGE('',*,*,#193,.F.);
#7435 = ORIENTED_EDGE('',*,*,#7436,.F.);
#7436 = EDGE_CURVE('',#7386,#167,#7437,.T.);
#7437 = SURFACE_CURVE('',#7438,(#7442,#7448),.PCURVE_S1.);
#7438 = LINE('',#7439,#7440);
#7439 = CARTESIAN_POINT('',(6.97529129684E-03,2.88926041685E-03,
    2.009257907048E-03));
#7440 = VECTOR('',#7441,1.);
#7441 = DIRECTION('',(0.253736363807,-0.836457308364,-0.485754082809));
#7442 = PCURVE('',#207,#7443);
#7443 = DEFINITIONAL_REPRESENTATION('',(#7444),#7447);
#7444 = B_SPLINE_CURVE_WITH_KNOTS('',1,(#7445,#7446),.UNSPECIFIED.,.F.,
  .F.,(2,2),(0.,1.693246444209E-03),.PIECEWISE_BEZIER_KNOTS.);
#7445 = CARTESIAN_POINT('',(-5.877010487607E-04,5.635792001333E-04));
#7446 = CARTESIAN_POINT('',(8.9235807555E-04,-2.58922173344E-04));
#7447 = ( GEOMETRIC_REPRESENTATION_CONTEXT(2) 
PARAMETRIC_REPRESENTATION_CONTEXT() REPRESENTATION_CONTEXT('2D SPACE',''
  ) );
#7448 = PCURVE('',#7449,#7454);
#7449 = PLANE('',#7450);
#7450 = AXIS2_PLACEMENT_3D('',#7451,#7452,#7453);
#7451 = CARTESIAN_POINT('',(7.23432899829E-03,2.035326927504E-03,
    1.750335733704E-03));
#7452 = DIRECTION('',(-0.956940395054,-0.290284481698,
    -5.510787514197E-17));
#7453 = DIRECTION('',(0.290284481698,-0.956940395054,0.));
#7454 = DEFINITIONAL_REPRESENTATION('',(#7455),#7459);
#7455 = LINE('',#7456,#7457);
#7456 = CARTESIAN_POINT('',(-8.9235807555E-04,2.58922173344E-04));
#7457 = VECTOR('',#7458,1.);
#7458 = DIRECTION('',(0.874095515967,-0.485754082809));
#7459 = ( GEOMETRIC_REPRESENTATION_CONTEXT(2) 
PARAMETRIC_REPRESENTATION_CONTEXT() REPRESENTATION_CONTEXT('2D SPACE',''
  ) );
#7460 = ORIENTED_EDGE('',*,*,#7385,.F.);
#7461 = ADVANCED_FACE('',(#7462),#7449,.T.);
#7462 = FACE_BOUND('',#7463,.T.);
#7463 = EDGE_LOOP('',(#7464,#7465,#7487));
#7464 = ORIENTED_EDGE('',*,*,#7436,.T.);
#7465 = ORIENTED_EDGE('',*,*,#7466,.T.);
#7466 = EDGE_CURVE('',#167,#7467,#7469,.T.);
#7467 = VERTEX_POINT('',#7468);
#7468 = CARTESIAN_POINT('',(7.404929492623E-03,1.47293205373E-03,
    2.009257907048E-03));
#7469 = SURFACE_CURVE('',#7470,(#7474,#7481),.PCURVE_S1.);
#7470 = LINE('',#7471,#7472);
#7471 = CARTESIAN_POINT('',(7.404929492623E-03,1.47293205373E-03,
    1.186756533571E-03));
#7472 = VECTOR('',#7473,1.);
#7473 = DIRECTION('',(0.,0.,1.));
#7474 = PCURVE('',#7449,#7475);
#7475 = DEFINITIONAL_REPRESENTATION('',(#7476),#7480);
#7476 = LINE('',#7477,#7478);
#7477 = CARTESIAN_POINT('',(5.877010487607E-04,-5.635792001333E-04));
#7478 = VECTOR('',#7479,1.);
#7479 = DIRECTION('',(0.,1.));
#7480 = ( GEOMETRIC_REPRESENTATION_CONTEXT(2) 
PARAMETRIC_REPRESENTATION_CONTEXT() REPRESENTATION_CONTEXT('2D SPACE',''
  ) );
#7481 = PCURVE('',#5955,#7482);
#7482 = DEFINITIONAL_REPRESENTATION('',(#7483),#7486);
#7483 = B_SPLINE_CURVE_WITH_KNOTS('',1,(#7484,#7485),.UNSPECIFIED.,.F.,
  .F.,(2,2),(0.,8.225013734773E-04),.PIECEWISE_BEZIER_KNOTS.);
#7484 = CARTESIAN_POINT('',(-5.877009866523E-04,-2.589221775165E-04));
#7485 = CARTESIAN_POINT('',(-5.877009866523E-04,5.635791959608E-04));
#7486 = ( GEOMETRIC_REPRESENTATION_CONTEXT(2) 
PARAMETRIC_REPRESENTATION_CONTEXT() REPRESENTATION_CONTEXT('2D SPACE',''
  ) );
#7487 = ORIENTED_EDGE('',*,*,#7488,.T.);
#7488 = EDGE_CURVE('',#7467,#7386,#7489,.T.);
#7489 = SURFACE_CURVE('',#7490,(#7494,#7501),.PCURVE_S1.);
#7490 = LINE('',#7491,#7492);
#7491 = CARTESIAN_POINT('',(7.404929492623E-03,1.47293205373E-03,
    2.009257907048E-03));
#7492 = VECTOR('',#7493,1.);
#7493 = DIRECTION('',(-0.290284481698,0.956940395054,0.));
#7494 = PCURVE('',#7449,#7495);
#7495 = DEFINITIONAL_REPRESENTATION('',(#7496),#7500);
#7496 = LINE('',#7497,#7498);
#7497 = CARTESIAN_POINT('',(5.877010487607E-04,2.58922173344E-04));
#7498 = VECTOR('',#7499,1.);
#7499 = DIRECTION('',(-1.,0.));
#7500 = ( GEOMETRIC_REPRESENTATION_CONTEXT(2) 
PARAMETRIC_REPRESENTATION_CONTEXT() REPRESENTATION_CONTEXT('2D SPACE',''
  ) );
#7501 = PCURVE('',#7421,#7502);
#7502 = DEFINITIONAL_REPRESENTATION('',(#7503),#7506);
#7503 = B_SPLINE_CURVE_WITH_KNOTS('',1,(#7504,#7505),.UNSPECIFIED.,.F.,
  .F.,(2,2),(0.,1.480059124311E-03),.PIECEWISE_BEZIER_KNOTS.);
#7504 = CARTESIAN_POINT('',(-5.300785075108E-04,-1.374724453159E-03));
#7505 = CARTESIAN_POINT('',(-1.004403117279E-04,4.160390996115E-05));
#7506 = ( GEOMETRIC_REPRESENTATION_CONTEXT(2) 
PARAMETRIC_REPRESENTATION_CONTEXT() REPRESENTATION_CONTEXT('2D SPACE',''
  ) );
#7507 = ADVANCED_FACE('',(#7508),#5955,.T.);
#7508 = FACE_BOUND('',#7509,.T.);
#7509 = EDGE_LOOP('',(#7510,#7511,#7536));
#7510 = ORIENTED_EDGE('',*,*,#5941,.F.);
#7511 = ORIENTED_EDGE('',*,*,#7512,.F.);
#7512 = EDGE_CURVE('',#7467,#5915,#7513,.T.);
#7513 = SURFACE_CURVE('',#7514,(#7518,#7524),.PCURVE_S1.);
#7514 = LINE('',#7515,#7516);
#7515 = CARTESIAN_POINT('',(7.404929492623E-03,1.47293205373E-03,
    2.009257907048E-03));
#7516 = VECTOR('',#7517,1.);
#7517 = DIRECTION('',(8.567663745002E-02,-0.869886459565,-0.48575411605)
  );
#7518 = PCURVE('',#5955,#7519);
#7519 = DEFINITIONAL_REPRESENTATION('',(#7520),#7523);
#7520 = B_SPLINE_CURVE_WITH_KNOTS('',1,(#7521,#7522),.UNSPECIFIED.,.F.,
  .F.,(2,2),(0.,1.693246328338E-03),.PIECEWISE_BEZIER_KNOTS.);
#7521 = CARTESIAN_POINT('',(-5.877009866523E-04,5.635791959608E-04));
#7522 = CARTESIAN_POINT('',(8.923580050966E-04,-2.589221775165E-04));
#7523 = ( GEOMETRIC_REPRESENTATION_CONTEXT(2) 
PARAMETRIC_REPRESENTATION_CONTEXT() REPRESENTATION_CONTEXT('2D SPACE',''
  ) );
#7524 = PCURVE('',#7525,#7530);
#7525 = PLANE('',#7526);
#7526 = AXIS2_PLACEMENT_3D('',#7527,#7528,#7529);
#7527 = CARTESIAN_POINT('',(7.492396175036E-03,5.848710261379E-04,
    1.750335729531E-03));
#7528 = DIRECTION('',(-0.995184693273,-9.801747943515E-02,-0.));
#7529 = DIRECTION('',(9.801747943515E-02,-0.995184693273,0.));
#7530 = DEFINITIONAL_REPRESENTATION('',(#7531),#7535);
#7531 = LINE('',#7532,#7533);
#7532 = CARTESIAN_POINT('',(-8.923580050966E-04,2.589221775165E-04));
#7533 = VECTOR('',#7534,1.);
#7534 = DIRECTION('',(0.874095497494,-0.48575411605));
#7535 = ( GEOMETRIC_REPRESENTATION_CONTEXT(2) 
PARAMETRIC_REPRESENTATION_CONTEXT() REPRESENTATION_CONTEXT('2D SPACE',''
  ) );
#7536 = ORIENTED_EDGE('',*,*,#7466,.F.);
#7537 = ADVANCED_FACE('',(#7538),#7525,.T.);
#7538 = FACE_BOUND('',#7539,.T.);
#7539 = EDGE_LOOP('',(#7540,#7541,#7563));
#7540 = ORIENTED_EDGE('',*,*,#7512,.T.);
#7541 = ORIENTED_EDGE('',*,*,#7542,.T.);
#7542 = EDGE_CURVE('',#5915,#7543,#7545,.T.);
#7543 = VERTEX_POINT('',#7544);
#7544 = CARTESIAN_POINT('',(7.550001144409E-03,0.,2.009257907048E-03));
#7545 = SURFACE_CURVE('',#7546,(#7550,#7557),.PCURVE_S1.);
#7546 = LINE('',#7547,#7548);
#7547 = CARTESIAN_POINT('',(7.550001144409E-03,0.,1.186756533571E-03));
#7548 = VECTOR('',#7549,1.);
#7549 = DIRECTION('',(0.,0.,1.));
#7550 = PCURVE('',#7525,#7551);
#7551 = DEFINITIONAL_REPRESENTATION('',(#7552),#7556);
#7552 = LINE('',#7553,#7554);
#7553 = CARTESIAN_POINT('',(5.877009866523E-04,-5.635791959608E-04));
#7554 = VECTOR('',#7555,1.);
#7555 = DIRECTION('',(0.,1.));
#7556 = ( GEOMETRIC_REPRESENTATION_CONTEXT(2) 
PARAMETRIC_REPRESENTATION_CONTEXT() REPRESENTATION_CONTEXT('2D SPACE',''
  ) );
#7557 = PCURVE('',#6118,#7558);
#7558 = DEFINITIONAL_REPRESENTATION('',(#7559),#7562);
#7559 = B_SPLINE_CURVE_WITH_KNOTS('',1,(#7560,#7561),.UNSPECIFIED.,.F.,
  .F.,(2,2),(0.,8.225013734773E-04),.PIECEWISE_BEZIER_KNOTS.);
#7560 = CARTESIAN_POINT('',(-5.877009866523E-04,-2.589221775165E-04));
#7561 = CARTESIAN_POINT('',(-5.877009866523E-04,5.635791959608E-04));
#7562 = ( GEOMETRIC_REPRESENTATION_CONTEXT(2) 
PARAMETRIC_REPRESENTATION_CONTEXT() REPRESENTATION_CONTEXT('2D SPACE',''
  ) );
#7563 = ORIENTED_EDGE('',*,*,#7564,.T.);
#7564 = EDGE_CURVE('',#7543,#7467,#7565,.T.);
#7565 = SURFACE_CURVE('',#7566,(#7570,#7577),.PCURVE_S1.);
#7566 = LINE('',#7567,#7568);
#7567 = CARTESIAN_POINT('',(7.550001144409E-03,0.,2.009257907048E-03));
#7568 = VECTOR('',#7569,1.);
#7569 = DIRECTION('',(-9.801747943515E-02,0.995184693273,0.));
#7570 = PCURVE('',#7525,#7571);
#7571 = DEFINITIONAL_REPRESENTATION('',(#7572),#7576);
#7572 = LINE('',#7573,#7574);
#7573 = CARTESIAN_POINT('',(5.877009866523E-04,2.589221775165E-04));
#7574 = VECTOR('',#7575,1.);
#7575 = DIRECTION('',(-1.,0.));
#7576 = ( GEOMETRIC_REPRESENTATION_CONTEXT(2) 
PARAMETRIC_REPRESENTATION_CONTEXT() REPRESENTATION_CONTEXT('2D SPACE',''
  ) );
#7577 = PCURVE('',#7578,#7583);
#7578 = PLANE('',#7579);
#7579 = AXIS2_PLACEMENT_3D('',#7580,#7581,#7582);
#7580 = CARTESIAN_POINT('',(7.441284936877E-03,0.,2.009257907048E-03));
#7581 = DIRECTION('',(-0.,-0.,-1.));
#7582 = DIRECTION('',(-1.,0.,0.));
#7583 = DEFINITIONAL_REPRESENTATION('',(#7584),#7587);
#7584 = B_SPLINE_CURVE_WITH_KNOTS('',1,(#7585,#7586),.UNSPECIFIED.,.F.,
  .F.,(2,2),(0.,1.480058991749E-03),.PIECEWISE_BEZIER_KNOTS.);
#7585 = CARTESIAN_POINT('',(-1.087162075323E-04,0.));
#7586 = CARTESIAN_POINT('',(3.635544425428E-05,1.47293205373E-03));
#7587 = ( GEOMETRIC_REPRESENTATION_CONTEXT(2) 
PARAMETRIC_REPRESENTATION_CONTEXT() REPRESENTATION_CONTEXT('2D SPACE',''
  ) );
#7588 = ADVANCED_FACE('',(#7589),#6118,.T.);
#7589 = FACE_BOUND('',#7590,.T.);
#7590 = EDGE_LOOP('',(#7591,#7592,#7617));
#7591 = ORIENTED_EDGE('',*,*,#6104,.F.);
#7592 = ORIENTED_EDGE('',*,*,#7593,.F.);
#7593 = EDGE_CURVE('',#7543,#6078,#7594,.T.);
#7594 = SURFACE_CURVE('',#7595,(#7599,#7605),.PCURVE_S1.);
#7595 = LINE('',#7596,#7597);
#7596 = CARTESIAN_POINT('',(7.550001144409E-03,0.,2.009257907048E-03));
#7597 = VECTOR('',#7598,1.);
#7598 = DIRECTION('',(-8.567663745002E-02,-0.869886459565,-0.48575411605
    ));
#7599 = PCURVE('',#6118,#7600);
#7600 = DEFINITIONAL_REPRESENTATION('',(#7601),#7604);
#7601 = B_SPLINE_CURVE_WITH_KNOTS('',1,(#7602,#7603),.UNSPECIFIED.,.F.,
  .F.,(2,2),(0.,1.693246328338E-03),.PIECEWISE_BEZIER_KNOTS.);
#7602 = CARTESIAN_POINT('',(-5.877009866523E-04,5.635791959608E-04));
#7603 = CARTESIAN_POINT('',(8.923580050966E-04,-2.589221775165E-04));
#7604 = ( GEOMETRIC_REPRESENTATION_CONTEXT(2) 
PARAMETRIC_REPRESENTATION_CONTEXT() REPRESENTATION_CONTEXT('2D SPACE',''
  ) );
#7605 = PCURVE('',#7606,#7611);
#7606 = PLANE('',#7607);
#7607 = AXIS2_PLACEMENT_3D('',#7608,#7609,#7610);
#7608 = CARTESIAN_POINT('',(7.462534461996E-03,-8.880610275919E-04,
    1.750335729531E-03));
#7609 = DIRECTION('',(-0.995184693273,9.801747943515E-02,
    -2.755393712015E-17));
#7610 = DIRECTION('',(-9.801747943515E-02,-0.995184693273,0.));
#7611 = DEFINITIONAL_REPRESENTATION('',(#7612),#7616);
#7612 = LINE('',#7613,#7614);
#7613 = CARTESIAN_POINT('',(-8.923580050966E-04,2.589221775165E-04));
#7614 = VECTOR('',#7615,1.);
#7615 = DIRECTION('',(0.874095497494,-0.48575411605));
#7616 = ( GEOMETRIC_REPRESENTATION_CONTEXT(2) 
PARAMETRIC_REPRESENTATION_CONTEXT() REPRESENTATION_CONTEXT('2D SPACE',''
  ) );
#7617 = ORIENTED_EDGE('',*,*,#7542,.F.);
#7618 = ADVANCED_FACE('',(#7619),#7606,.T.);
#7619 = FACE_BOUND('',#7620,.T.);
#7620 = EDGE_LOOP('',(#7621,#7622,#7644));
#7621 = ORIENTED_EDGE('',*,*,#7593,.T.);
#7622 = ORIENTED_EDGE('',*,*,#7623,.T.);
#7623 = EDGE_CURVE('',#6078,#7624,#7626,.T.);
#7624 = VERTEX_POINT('',#7625);
#7625 = CARTESIAN_POINT('',(7.404929492623E-03,-1.47293205373E-03,
    2.009257907048E-03));
#7626 = SURFACE_CURVE('',#7627,(#7631,#7638),.PCURVE_S1.);
#7627 = LINE('',#7628,#7629);
#7628 = CARTESIAN_POINT('',(7.404929492623E-03,-1.47293205373E-03,
    1.186756533571E-03));
#7629 = VECTOR('',#7630,1.);
#7630 = DIRECTION('',(0.,0.,1.));
#7631 = PCURVE('',#7606,#7632);
#7632 = DEFINITIONAL_REPRESENTATION('',(#7633),#7637);
#7633 = LINE('',#7634,#7635);
#7634 = CARTESIAN_POINT('',(5.877009866523E-04,-5.635791959608E-04));
#7635 = VECTOR('',#7636,1.);
#7636 = DIRECTION('',(0.,1.));
#7637 = ( GEOMETRIC_REPRESENTATION_CONTEXT(2) 
PARAMETRIC_REPRESENTATION_CONTEXT() REPRESENTATION_CONTEXT('2D SPACE',''
  ) );
#7638 = PCURVE('',#6174,#7639);
#7639 = DEFINITIONAL_REPRESENTATION('',(#7640),#7643);
#7640 = B_SPLINE_CURVE_WITH_KNOTS('',1,(#7641,#7642),.UNSPECIFIED.,.F.,
  .F.,(2,2),(0.,8.225013734773E-04),.PIECEWISE_BEZIER_KNOTS.);
#7641 = CARTESIAN_POINT('',(-5.877010487607E-04,-2.58922173344E-04));
#7642 = CARTESIAN_POINT('',(-5.877010487607E-04,5.635792001333E-04));
#7643 = ( GEOMETRIC_REPRESENTATION_CONTEXT(2) 
PARAMETRIC_REPRESENTATION_CONTEXT() REPRESENTATION_CONTEXT('2D SPACE',''
  ) );
#7644 = ORIENTED_EDGE('',*,*,#7645,.T.);
#7645 = EDGE_CURVE('',#7624,#7543,#7646,.T.);
#7646 = SURFACE_CURVE('',#7647,(#7651,#7658),.PCURVE_S1.);
#7647 = LINE('',#7648,#7649);
#7648 = CARTESIAN_POINT('',(7.404929492623E-03,-1.47293205373E-03,
    2.009257907048E-03));
#7649 = VECTOR('',#7650,1.);
#7650 = DIRECTION('',(9.801747943515E-02,0.995184693273,0.));
#7651 = PCURVE('',#7606,#7652);
#7652 = DEFINITIONAL_REPRESENTATION('',(#7653),#7657);
#7653 = LINE('',#7654,#7655);
#7654 = CARTESIAN_POINT('',(5.877009866523E-04,2.589221775165E-04));
#7655 = VECTOR('',#7656,1.);
#7656 = DIRECTION('',(-1.,3.823876926233E-34));
#7657 = ( GEOMETRIC_REPRESENTATION_CONTEXT(2) 
PARAMETRIC_REPRESENTATION_CONTEXT() REPRESENTATION_CONTEXT('2D SPACE',''
  ) );
#7658 = PCURVE('',#7578,#7659);
#7659 = DEFINITIONAL_REPRESENTATION('',(#7660),#7663);
#7660 = B_SPLINE_CURVE_WITH_KNOTS('',1,(#7661,#7662),.UNSPECIFIED.,.F.,
  .F.,(2,2),(0.,1.480058991749E-03),.PIECEWISE_BEZIER_KNOTS.);
#7661 = CARTESIAN_POINT('',(3.635544425428E-05,-1.47293205373E-03));
#7662 = CARTESIAN_POINT('',(-1.087162075323E-04,0.));
#7663 = ( GEOMETRIC_REPRESENTATION_CONTEXT(2) 
PARAMETRIC_REPRESENTATION_CONTEXT() REPRESENTATION_CONTEXT('2D SPACE',''
  ) );
#7664 = ADVANCED_FACE('',(#7665),#6174,.T.);
#7665 = FACE_BOUND('',#7666,.T.);
#7666 = EDGE_LOOP('',(#7667,#7668,#7693));
#7667 = ORIENTED_EDGE('',*,*,#6160,.F.);
#7668 = ORIENTED_EDGE('',*,*,#7669,.F.);
#7669 = EDGE_CURVE('',#7624,#6134,#7670,.T.);
#7670 = SURFACE_CURVE('',#7671,(#7675,#7681),.PCURVE_S1.);
#7671 = LINE('',#7672,#7673);
#7672 = CARTESIAN_POINT('',(7.404929492623E-03,-1.47293205373E-03,
    2.009257907048E-03));
#7673 = VECTOR('',#7674,1.);
#7674 = DIRECTION('',(-0.253736363807,-0.836457308364,-0.485754082809));
#7675 = PCURVE('',#6174,#7676);
#7676 = DEFINITIONAL_REPRESENTATION('',(#7677),#7680);
#7677 = B_SPLINE_CURVE_WITH_KNOTS('',1,(#7678,#7679),.UNSPECIFIED.,.F.,
  .F.,(2,2),(0.,1.693246444209E-03),.PIECEWISE_BEZIER_KNOTS.);
#7678 = CARTESIAN_POINT('',(-5.877010487607E-04,5.635792001333E-04));
#7679 = CARTESIAN_POINT('',(8.9235807555E-04,-2.58922173344E-04));
#7680 = ( GEOMETRIC_REPRESENTATION_CONTEXT(2) 
PARAMETRIC_REPRESENTATION_CONTEXT() REPRESENTATION_CONTEXT('2D SPACE',''
  ) );
#7681 = PCURVE('',#7682,#7687);
#7682 = PLANE('',#7683);
#7683 = AXIS2_PLACEMENT_3D('',#7684,#7685,#7686);
#7684 = CARTESIAN_POINT('',(7.145891791173E-03,-2.326865543076E-03,
    1.750335733704E-03));
#7685 = DIRECTION('',(-0.956940395054,0.290284481698,-0.));
#7686 = DIRECTION('',(-0.290284481698,-0.956940395054,0.));
#7687 = DEFINITIONAL_REPRESENTATION('',(#7688),#7692);
#7688 = LINE('',#7689,#7690);
#7689 = CARTESIAN_POINT('',(-8.9235807555E-04,2.58922173344E-04));
#7690 = VECTOR('',#7691,1.);
#7691 = DIRECTION('',(0.874095515967,-0.485754082809));
#7692 = ( GEOMETRIC_REPRESENTATION_CONTEXT(2) 
PARAMETRIC_REPRESENTATION_CONTEXT() REPRESENTATION_CONTEXT('2D SPACE',''
  ) );
#7693 = ORIENTED_EDGE('',*,*,#7623,.F.);
#7694 = ADVANCED_FACE('',(#7695),#7682,.T.);
#7695 = FACE_BOUND('',#7696,.T.);
#7696 = EDGE_LOOP('',(#7697,#7698,#7720));
#7697 = ORIENTED_EDGE('',*,*,#7669,.T.);
#7698 = ORIENTED_EDGE('',*,*,#7699,.T.);
#7699 = EDGE_CURVE('',#6134,#7700,#7702,.T.);
#7700 = VERTEX_POINT('',#7701);
#7701 = CARTESIAN_POINT('',(6.97529129684E-03,-2.88926041685E-03,
    2.009257907048E-03));
#7702 = SURFACE_CURVE('',#7703,(#7707,#7714),.PCURVE_S1.);
#7703 = LINE('',#7704,#7705);
#7704 = CARTESIAN_POINT('',(6.97529129684E-03,-2.88926041685E-03,
    1.186756533571E-03));
#7705 = VECTOR('',#7706,1.);
#7706 = DIRECTION('',(0.,0.,1.));
#7707 = PCURVE('',#7682,#7708);
#7708 = DEFINITIONAL_REPRESENTATION('',(#7709),#7713);
#7709 = LINE('',#7710,#7711);
#7710 = CARTESIAN_POINT('',(5.877010487607E-04,-5.635792001333E-04));
#7711 = VECTOR('',#7712,1.);
#7712 = DIRECTION('',(0.,1.));
#7713 = ( GEOMETRIC_REPRESENTATION_CONTEXT(2) 
PARAMETRIC_REPRESENTATION_CONTEXT() REPRESENTATION_CONTEXT('2D SPACE',''
  ) );
#7714 = PCURVE('',#6309,#7715);
#7715 = DEFINITIONAL_REPRESENTATION('',(#7716),#7719);
#7716 = B_SPLINE_CURVE_WITH_KNOTS('',1,(#7717,#7718),.UNSPECIFIED.,.F.,
  .F.,(2,2),(0.,8.225013734773E-04),.PIECEWISE_BEZIER_KNOTS.);
#7717 = CARTESIAN_POINT('',(-5.877008837235E-04,-2.589221844314E-04));
#7718 = CARTESIAN_POINT('',(-5.877008837235E-04,5.635791890459E-04));
#7719 = ( GEOMETRIC_REPRESENTATION_CONTEXT(2) 
PARAMETRIC_REPRESENTATION_CONTEXT() REPRESENTATION_CONTEXT('2D SPACE',''
  ) );
#7720 = ORIENTED_EDGE('',*,*,#7721,.T.);
#7721 = EDGE_CURVE('',#7700,#7624,#7722,.T.);
#7722 = SURFACE_CURVE('',#7723,(#7727,#7734),.PCURVE_S1.);
#7723 = LINE('',#7724,#7725);
#7724 = CARTESIAN_POINT('',(6.97529129684E-03,-2.88926041685E-03,
    2.009257907048E-03));
#7725 = VECTOR('',#7726,1.);
#7726 = DIRECTION('',(0.290284481698,0.956940395054,0.));
#7727 = PCURVE('',#7682,#7728);
#7728 = DEFINITIONAL_REPRESENTATION('',(#7729),#7733);
#7729 = LINE('',#7730,#7731);
#7730 = CARTESIAN_POINT('',(5.877010487607E-04,2.58922173344E-04));
#7731 = VECTOR('',#7732,1.);
#7732 = DIRECTION('',(-1.,0.));
#7733 = ( GEOMETRIC_REPRESENTATION_CONTEXT(2) 
PARAMETRIC_REPRESENTATION_CONTEXT() REPRESENTATION_CONTEXT('2D SPACE',''
  ) );
#7734 = PCURVE('',#7735,#7740);
#7735 = PLANE('',#7736);
#7736 = AXIS2_PLACEMENT_3D('',#7737,#7738,#7739);
#7737 = CARTESIAN_POINT('',(6.874850985112E-03,-2.847656506889E-03,
    2.009257907048E-03));
#7738 = DIRECTION('',(-0.,-0.,-1.));
#7739 = DIRECTION('',(-1.,0.,0.));
#7740 = DEFINITIONAL_REPRESENTATION('',(#7741),#7744);
#7741 = B_SPLINE_CURVE_WITH_KNOTS('',1,(#7742,#7743),.UNSPECIFIED.,.F.,
  .F.,(2,2),(0.,1.480059124311E-03),.PIECEWISE_BEZIER_KNOTS.);
#7742 = CARTESIAN_POINT('',(-1.004403117279E-04,-4.160390996115E-05));
#7743 = CARTESIAN_POINT('',(-5.300785075108E-04,1.374724453159E-03));
#7744 = ( GEOMETRIC_REPRESENTATION_CONTEXT(2) 
PARAMETRIC_REPRESENTATION_CONTEXT() REPRESENTATION_CONTEXT('2D SPACE',''
  ) );
#7745 = ADVANCED_FACE('',(#7746),#6309,.T.);
#7746 = FACE_BOUND('',#7747,.T.);
#7747 = EDGE_LOOP('',(#7748,#7749,#7774));
#7748 = ORIENTED_EDGE('',*,*,#6295,.F.);
#7749 = ORIENTED_EDGE('',*,*,#7750,.F.);
#7750 = EDGE_CURVE('',#7700,#6269,#7751,.T.);
#7751 = SURFACE_CURVE('',#7752,(#7756,#7762),.PCURVE_S1.);
#7752 = LINE('',#7753,#7754);
#7753 = CARTESIAN_POINT('',(6.97529129684E-03,-2.88926041685E-03,
    2.009257907048E-03));
#7754 = VECTOR('',#7755,1.);
#7755 = DIRECTION('',(-0.412045658263,-0.770883428754,-0.485754171139));
#7756 = PCURVE('',#6309,#7757);
#7757 = DEFINITIONAL_REPRESENTATION('',(#7758),#7761);
#7758 = B_SPLINE_CURVE_WITH_KNOTS('',1,(#7759,#7760),.UNSPECIFIED.,.F.,
  .F.,(2,2),(0.,1.69324613631E-03),.PIECEWISE_BEZIER_KNOTS.);
#7759 = CARTESIAN_POINT('',(-5.877008837235E-04,5.635791890459E-04));
#7760 = CARTESIAN_POINT('',(8.92357888338E-04,-2.589221844314E-04));
#7761 = ( GEOMETRIC_REPRESENTATION_CONTEXT(2) 
PARAMETRIC_REPRESENTATION_CONTEXT() REPRESENTATION_CONTEXT('2D SPACE',''
  ) );
#7762 = PCURVE('',#7763,#7768);
#7763 = PLANE('',#7764);
#7764 = AXIS2_PLACEMENT_3D('',#7765,#7766,#7767);
#7765 = CARTESIAN_POINT('',(6.554636794627E-03,-3.676249864459E-03,
    1.750335722616E-03));
#7766 = DIRECTION('',(-0.881921320911,0.471396631004,-1.10215745492E-16)
  );
#7767 = DIRECTION('',(-0.471396631004,-0.881921320911,6.162975822039E-33
    ));
#7768 = DEFINITIONAL_REPRESENTATION('',(#7769),#7773);
#7769 = LINE('',#7770,#7771);
#7770 = CARTESIAN_POINT('',(-8.92357888338E-04,2.589221844314E-04));
#7771 = VECTOR('',#7772,1.);
#7772 = DIRECTION('',(0.874095466881,-0.485754171139));
#7773 = ( GEOMETRIC_REPRESENTATION_CONTEXT(2) 
PARAMETRIC_REPRESENTATION_CONTEXT() REPRESENTATION_CONTEXT('2D SPACE',''
  ) );
#7774 = ORIENTED_EDGE('',*,*,#7699,.F.);
#7775 = ADVANCED_FACE('',(#7776),#7763,.T.);
#7776 = FACE_BOUND('',#7777,.T.);
#7777 = EDGE_LOOP('',(#7778,#7779,#7801));
#7778 = ORIENTED_EDGE('',*,*,#7750,.T.);
#7779 = ORIENTED_EDGE('',*,*,#7780,.T.);
#7780 = EDGE_CURVE('',#6269,#7781,#7783,.T.);
#7781 = VERTEX_POINT('',#7782);
#7782 = CARTESIAN_POINT('',(6.277596578002E-03,-4.194555804133E-03,
    2.009257907048E-03));
#7783 = SURFACE_CURVE('',#7784,(#7788,#7795),.PCURVE_S1.);
#7784 = LINE('',#7785,#7786);
#7785 = CARTESIAN_POINT('',(6.277596578002E-03,-4.194555804133E-03,
    1.186756533571E-03));
#7786 = VECTOR('',#7787,1.);
#7787 = DIRECTION('',(0.,0.,1.));
#7788 = PCURVE('',#7763,#7789);
#7789 = DEFINITIONAL_REPRESENTATION('',(#7790),#7794);
#7790 = LINE('',#7791,#7792);
#7791 = CARTESIAN_POINT('',(5.877008837235E-04,-5.635791890459E-04));
#7792 = VECTOR('',#7793,1.);
#7793 = DIRECTION('',(0.,1.));
#7794 = ( GEOMETRIC_REPRESENTATION_CONTEXT(2) 
PARAMETRIC_REPRESENTATION_CONTEXT() REPRESENTATION_CONTEXT('2D SPACE',''
  ) );
#7795 = PCURVE('',#6365,#7796);
#7796 = DEFINITIONAL_REPRESENTATION('',(#7797),#7800);
#7797 = B_SPLINE_CURVE_WITH_KNOTS('',1,(#7798,#7799),.UNSPECIFIED.,.F.,
  .F.,(2,2),(0.,8.225013734773E-04),.PIECEWISE_BEZIER_KNOTS.);
#7798 = CARTESIAN_POINT('',(-5.877010407763E-04,-2.589221738804E-04));
#7799 = CARTESIAN_POINT('',(-5.877010407763E-04,5.635791995969E-04));
#7800 = ( GEOMETRIC_REPRESENTATION_CONTEXT(2) 
PARAMETRIC_REPRESENTATION_CONTEXT() REPRESENTATION_CONTEXT('2D SPACE',''
  ) );
#7801 = ORIENTED_EDGE('',*,*,#7802,.T.);
#7802 = EDGE_CURVE('',#7781,#7700,#7803,.T.);
#7803 = SURFACE_CURVE('',#7804,(#7808,#7815),.PCURVE_S1.);
#7804 = LINE('',#7805,#7806);
#7805 = CARTESIAN_POINT('',(6.277596578002E-03,-4.194555804133E-03,
    2.009257907048E-03));
#7806 = VECTOR('',#7807,1.);
#7807 = DIRECTION('',(0.471396631004,0.881921320911,0.));
#7808 = PCURVE('',#7763,#7809);
#7809 = DEFINITIONAL_REPRESENTATION('',(#7810),#7814);
#7810 = LINE('',#7811,#7812);
#7811 = CARTESIAN_POINT('',(5.877008837235E-04,2.589221844314E-04));
#7812 = VECTOR('',#7813,1.);
#7813 = DIRECTION('',(-1.,6.207748728006E-33));
#7814 = ( GEOMETRIC_REPRESENTATION_CONTEXT(2) 
PARAMETRIC_REPRESENTATION_CONTEXT() REPRESENTATION_CONTEXT('2D SPACE',''
  ) );
#7815 = PCURVE('',#7735,#7816);
#7816 = DEFINITIONAL_REPRESENTATION('',(#7817),#7820);
#7817 = B_SPLINE_CURVE_WITH_KNOTS('',1,(#7818,#7819),.UNSPECIFIED.,.F.,
  .F.,(2,2),(0.,1.480058772062E-03),.PIECEWISE_BEZIER_KNOTS.);
#7818 = CARTESIAN_POINT('',(5.972544071099E-04,-1.346899297244E-03));
#7819 = CARTESIAN_POINT('',(-1.004403117279E-04,-4.160390996115E-05));
#7820 = ( GEOMETRIC_REPRESENTATION_CONTEXT(2) 
PARAMETRIC_REPRESENTATION_CONTEXT() REPRESENTATION_CONTEXT('2D SPACE',''
  ) );
#7821 = ADVANCED_FACE('',(#7822),#6365,.T.);
#7822 = FACE_BOUND('',#7823,.T.);
#7823 = EDGE_LOOP('',(#7824,#7825,#7850));
#7824 = ORIENTED_EDGE('',*,*,#6351,.F.);
#7825 = ORIENTED_EDGE('',*,*,#7826,.F.);
#7826 = EDGE_CURVE('',#7781,#6325,#7827,.T.);
#7827 = SURFACE_CURVE('',#7828,(#7832,#7838),.PCURVE_S1.);
#7828 = LINE('',#7829,#7830);
#7829 = CARTESIAN_POINT('',(6.277596578002E-03,-4.194555804133E-03,
    2.009257907048E-03));
#7830 = VECTOR('',#7831,1.);
#7831 = DIRECTION('',(-0.554520503158,-0.675684821836,-0.485754087083));
#7832 = PCURVE('',#6365,#7833);
#7833 = DEFINITIONAL_REPRESENTATION('',(#7834),#7837);
#7834 = B_SPLINE_CURVE_WITH_KNOTS('',1,(#7835,#7836),.UNSPECIFIED.,.F.,
  .F.,(2,2),(0.,1.693246429313E-03),.PIECEWISE_BEZIER_KNOTS.);
#7835 = CARTESIAN_POINT('',(-5.877010407763E-04,5.635791995969E-04));
#7836 = CARTESIAN_POINT('',(8.923580664928E-04,-2.589221738804E-04));
#7837 = ( GEOMETRIC_REPRESENTATION_CONTEXT(2) 
PARAMETRIC_REPRESENTATION_CONTEXT() REPRESENTATION_CONTEXT('2D SPACE',''
  ) );
#7838 = PCURVE('',#7839,#7844);
#7839 = PLANE('',#7840);
#7840 = AXIS2_PLACEMENT_3D('',#7841,#7842,#7843);
#7841 = CARTESIAN_POINT('',(5.71149043018E-03,-4.884357767187E-03,
    1.750335733167E-03));
#7842 = DIRECTION('',(-0.773010284722,0.634393489653,-0.));
#7843 = DIRECTION('',(-0.634393489653,-0.773010284722,0.));
#7844 = DEFINITIONAL_REPRESENTATION('',(#7845),#7849);
#7845 = LINE('',#7846,#7847);
#7846 = CARTESIAN_POINT('',(-8.923580664928E-04,2.589221738804E-04));
#7847 = VECTOR('',#7848,1.);
#7848 = DIRECTION('',(0.874095513592,-0.485754087083));
#7849 = ( GEOMETRIC_REPRESENTATION_CONTEXT(2) 
PARAMETRIC_REPRESENTATION_CONTEXT() REPRESENTATION_CONTEXT('2D SPACE',''
  ) );
#7850 = ORIENTED_EDGE('',*,*,#7780,.F.);
#7851 = ADVANCED_FACE('',(#7852),#7839,.T.);
#7852 = FACE_BOUND('',#7853,.T.);
#7853 = EDGE_LOOP('',(#7854,#7855,#7877));
#7854 = ORIENTED_EDGE('',*,*,#7826,.T.);
#7855 = ORIENTED_EDGE('',*,*,#7856,.T.);
#7856 = EDGE_CURVE('',#6325,#7857,#7859,.T.);
#7857 = VERTEX_POINT('',#7858);
#7858 = CARTESIAN_POINT('',(5.338656716049E-03,-5.338656716049E-03,
    2.009257907048E-03));
#7859 = SURFACE_CURVE('',#7860,(#7864,#7871),.PCURVE_S1.);
#7860 = LINE('',#7861,#7862);
#7861 = CARTESIAN_POINT('',(5.338656716049E-03,-5.338656716049E-03,
    1.186756533571E-03));
#7862 = VECTOR('',#7863,1.);
#7863 = DIRECTION('',(0.,0.,1.));
#7864 = PCURVE('',#7839,#7865);
#7865 = DEFINITIONAL_REPRESENTATION('',(#7866),#7870);
#7866 = LINE('',#7867,#7868);
#7867 = CARTESIAN_POINT('',(5.877010407763E-04,-5.635791995969E-04));
#7868 = VECTOR('',#7869,1.);
#7869 = DIRECTION('',(0.,1.));
#7870 = ( GEOMETRIC_REPRESENTATION_CONTEXT(2) 
PARAMETRIC_REPRESENTATION_CONTEXT() REPRESENTATION_CONTEXT('2D SPACE',''
  ) );
#7871 = PCURVE('',#6446,#7872);
#7872 = DEFINITIONAL_REPRESENTATION('',(#7873),#7876);
#7873 = B_SPLINE_CURVE_WITH_KNOTS('',1,(#7874,#7875),.UNSPECIFIED.,.F.,
  .F.,(2,2),(0.,8.225013734773E-04),.PIECEWISE_BEZIER_KNOTS.);
#7874 = CARTESIAN_POINT('',(5.877007639608E-04,2.589221924772E-04));
#7875 = CARTESIAN_POINT('',(5.877007639608E-04,-5.63579181E-04));
#7876 = ( GEOMETRIC_REPRESENTATION_CONTEXT(2) 
PARAMETRIC_REPRESENTATION_CONTEXT() REPRESENTATION_CONTEXT('2D SPACE',''
  ) );
#7877 = ORIENTED_EDGE('',*,*,#7878,.T.);
#7878 = EDGE_CURVE('',#7857,#7781,#7879,.T.);
#7879 = SURFACE_CURVE('',#7880,(#7884,#7891),.PCURVE_S1.);
#7880 = LINE('',#7881,#7882);
#7881 = CARTESIAN_POINT('',(5.338656716049E-03,-5.338656716049E-03,
    2.009257907048E-03));
#7882 = VECTOR('',#7883,1.);
#7883 = DIRECTION('',(0.634393489653,0.773010284722,0.));
#7884 = PCURVE('',#7839,#7885);
#7885 = DEFINITIONAL_REPRESENTATION('',(#7886),#7890);
#7886 = LINE('',#7887,#7888);
#7887 = CARTESIAN_POINT('',(5.877010407763E-04,2.589221738804E-04));
#7888 = VECTOR('',#7889,1.);
#7889 = DIRECTION('',(-1.,0.));
#7890 = ( GEOMETRIC_REPRESENTATION_CONTEXT(2) 
PARAMETRIC_REPRESENTATION_CONTEXT() REPRESENTATION_CONTEXT('2D SPACE',''
  ) );
#7891 = PCURVE('',#7892,#7897);
#7892 = PLANE('',#7893);
#7893 = AXIS2_PLACEMENT_3D('',#7894,#7895,#7896);
#7894 = CARTESIAN_POINT('',(5.261783267555E-03,-5.261782814398E-03,
    2.009257907048E-03));
#7895 = DIRECTION('',(-0.,-0.,-1.));
#7896 = DIRECTION('',(-1.,0.,0.));
#7897 = DEFINITIONAL_REPRESENTATION('',(#7898),#7901);
#7898 = B_SPLINE_CURVE_WITH_KNOTS('',1,(#7899,#7900),.UNSPECIFIED.,.F.,
  .F.,(2,2),(0.,1.480059107269E-03),.PIECEWISE_BEZIER_KNOTS.);
#7899 = CARTESIAN_POINT('',(-7.687344849382E-05,-7.687390165081E-05));
#7900 = CARTESIAN_POINT('',(-1.015813310447E-03,1.067227010264E-03));
#7901 = ( GEOMETRIC_REPRESENTATION_CONTEXT(2) 
PARAMETRIC_REPRESENTATION_CONTEXT() REPRESENTATION_CONTEXT('2D SPACE',''
  ) );
#7902 = ADVANCED_FACE('',(#7903),#6446,.T.);
#7903 = FACE_BOUND('',#7904,.T.);
#7904 = EDGE_LOOP('',(#7905,#7906,#7931));
#7905 = ORIENTED_EDGE('',*,*,#6432,.F.);
#7906 = ORIENTED_EDGE('',*,*,#7907,.F.);
#7907 = EDGE_CURVE('',#7857,#6411,#7908,.T.);
#7908 = SURFACE_CURVE('',#7909,(#7913,#7919),.PCURVE_S1.);
#7909 = LINE('',#7910,#7911);
#7910 = CARTESIAN_POINT('',(5.338656716049E-03,-5.338656716049E-03,
    2.009257907048E-03));
#7911 = VECTOR('',#7912,1.);
#7912 = DIRECTION('',(-0.675685027919,-0.554520122264,-0.485754235237));
#7913 = PCURVE('',#6446,#7914);
#7914 = DEFINITIONAL_REPRESENTATION('',(#7915),#7918);
#7915 = B_SPLINE_CURVE_WITH_KNOTS('',1,(#7916,#7917),.UNSPECIFIED.,.F.,
  .F.,(2,2),(0.,1.693245912876E-03),.PIECEWISE_BEZIER_KNOTS.);
#7916 = CARTESIAN_POINT('',(5.877007639608E-04,-5.63579181E-04));
#7917 = CARTESIAN_POINT('',(-8.923577524835E-04,2.589221924772E-04));
#7918 = ( GEOMETRIC_REPRESENTATION_CONTEXT(2) 
PARAMETRIC_REPRESENTATION_CONTEXT() REPRESENTATION_CONTEXT('2D SPACE',''
  ) );
#7919 = PCURVE('',#7920,#7925);
#7920 = PLANE('',#7921);
#7921 = AXIS2_PLACEMENT_3D('',#7922,#7923,#7924);
#7922 = CARTESIAN_POINT('',(4.648854720366E-03,-5.904762329136E-03,
    1.750335714571E-03));
#7923 = DIRECTION('',(-0.63439311365,0.7730105933,-1.102157420146E-16));
#7924 = DIRECTION('',(0.7730105933,0.63439311365,-6.162975822039E-33));
#7925 = DEFINITIONAL_REPRESENTATION('',(#7926),#7930);
#7926 = LINE('',#7927,#7928);
#7927 = CARTESIAN_POINT('',(8.923577524835E-04,-2.589221924772E-04));
#7928 = VECTOR('',#7929,1.);
#7929 = DIRECTION('',(-0.87409543126,0.485754235237));
#7930 = ( GEOMETRIC_REPRESENTATION_CONTEXT(2) 
PARAMETRIC_REPRESENTATION_CONTEXT() REPRESENTATION_CONTEXT('2D SPACE',''
  ) );
#7931 = ORIENTED_EDGE('',*,*,#7856,.F.);
#7932 = ADVANCED_FACE('',(#7933),#7920,.T.);
#7933 = FACE_BOUND('',#7934,.T.);
#7934 = EDGE_LOOP('',(#7935,#7936,#7958));
#7935 = ORIENTED_EDGE('',*,*,#7907,.T.);
#7936 = ORIENTED_EDGE('',*,*,#7937,.T.);
#7937 = EDGE_CURVE('',#6411,#7938,#7940,.T.);
#7938 = VERTEX_POINT('',#7939);
#7939 = CARTESIAN_POINT('',(4.194555804133E-03,-6.277595646679E-03,
    2.009257907048E-03));
#7940 = SURFACE_CURVE('',#7941,(#7945,#7952),.PCURVE_S1.);
#7941 = LINE('',#7942,#7943);
#7942 = CARTESIAN_POINT('',(4.194555804133E-03,-6.277595646679E-03,
    1.186756533571E-03));
#7943 = VECTOR('',#7944,1.);
#7944 = DIRECTION('',(0.,0.,1.));
#7945 = PCURVE('',#7920,#7946);
#7946 = DEFINITIONAL_REPRESENTATION('',(#7947),#7951);
#7947 = LINE('',#7948,#7949);
#7948 = CARTESIAN_POINT('',(-5.877007639608E-04,5.63579181E-04));
#7949 = VECTOR('',#7950,1.);
#7950 = DIRECTION('',(-1.232595164408E-32,-1.));
#7951 = ( GEOMETRIC_REPRESENTATION_CONTEXT(2) 
PARAMETRIC_REPRESENTATION_CONTEXT() REPRESENTATION_CONTEXT('2D SPACE',''
  ) );
#7952 = PCURVE('',#6476,#7953);
#7953 = DEFINITIONAL_REPRESENTATION('',(#7954),#7957);
#7954 = B_SPLINE_CURVE_WITH_KNOTS('',1,(#7955,#7956),.UNSPECIFIED.,.F.,
  .F.,(2,2),(0.,8.225013734773E-04),.PIECEWISE_BEZIER_KNOTS.);
#7955 = CARTESIAN_POINT('',(5.877008903639E-04,2.589221839853E-04));
#7956 = CARTESIAN_POINT('',(5.877008903639E-04,-5.63579189492E-04));
#7957 = ( GEOMETRIC_REPRESENTATION_CONTEXT(2) 
PARAMETRIC_REPRESENTATION_CONTEXT() REPRESENTATION_CONTEXT('2D SPACE',''
  ) );
#7958 = ORIENTED_EDGE('',*,*,#7959,.T.);
#7959 = EDGE_CURVE('',#7938,#7857,#7960,.T.);
#7960 = SURFACE_CURVE('',#7961,(#7965,#7972),.PCURVE_S1.);
#7961 = LINE('',#7962,#7963);
#7962 = CARTESIAN_POINT('',(4.194555804133E-03,-6.277595646679E-03,
    2.009257907048E-03));
#7963 = VECTOR('',#7964,1.);
#7964 = DIRECTION('',(0.7730105933,0.63439311365,0.));
#7965 = PCURVE('',#7920,#7966);
#7966 = DEFINITIONAL_REPRESENTATION('',(#7967),#7971);
#7967 = LINE('',#7968,#7969);
#7968 = CARTESIAN_POINT('',(-5.877007639608E-04,-2.589221924772E-04));
#7969 = VECTOR('',#7970,1.);
#7970 = DIRECTION('',(1.,-6.11820272304E-33));
#7971 = ( GEOMETRIC_REPRESENTATION_CONTEXT(2) 
PARAMETRIC_REPRESENTATION_CONTEXT() REPRESENTATION_CONTEXT('2D SPACE',''
  ) );
#7972 = PCURVE('',#7892,#7973);
#7973 = DEFINITIONAL_REPRESENTATION('',(#7974),#7977);
#7974 = B_SPLINE_CURVE_WITH_KNOTS('',1,(#7975,#7976),.UNSPECIFIED.,.F.,
  .F.,(2,2),(0.,1.480058516444E-03),.PIECEWISE_BEZIER_KNOTS.);
#7975 = CARTESIAN_POINT('',(1.067227463421E-03,-1.015812832281E-03));
#7976 = CARTESIAN_POINT('',(-7.687344849382E-05,-7.687390165081E-05));
#7977 = ( GEOMETRIC_REPRESENTATION_CONTEXT(2) 
PARAMETRIC_REPRESENTATION_CONTEXT() REPRESENTATION_CONTEXT('2D SPACE',''
  ) );
#7978 = ADVANCED_FACE('',(#7979),#6476,.T.);
#7979 = FACE_BOUND('',#7980,.T.);
#7980 = EDGE_LOOP('',(#7981,#7982,#8007));
#7981 = ORIENTED_EDGE('',*,*,#6462,.F.);
#7982 = ORIENTED_EDGE('',*,*,#7983,.F.);
#7983 = EDGE_CURVE('',#7938,#5411,#7984,.T.);
#7984 = SURFACE_CURVE('',#7985,(#7989,#7995),.PCURVE_S1.);
#7985 = LINE('',#7986,#7987);
#7986 = CARTESIAN_POINT('',(4.194555804133E-03,-6.277595646679E-03,
    2.009257907048E-03));
#7987 = VECTOR('',#7988,1.);
#7988 = DIRECTION('',(-0.770883285608,-0.41204593026,-0.485754167585));
#7989 = PCURVE('',#6476,#7990);
#7990 = DEFINITIONAL_REPRESENTATION('',(#7991),#7994);
#7991 = B_SPLINE_CURVE_WITH_KNOTS('',1,(#7992,#7993),.UNSPECIFIED.,.F.,
  .F.,(2,2),(0.,1.693246148698E-03),.PIECEWISE_BEZIER_KNOTS.);
#7992 = CARTESIAN_POINT('',(5.877008903639E-04,-5.63579189492E-04));
#7993 = CARTESIAN_POINT('',(-8.923578958706E-04,2.589221839853E-04));
#7994 = ( GEOMETRIC_REPRESENTATION_CONTEXT(2) 
PARAMETRIC_REPRESENTATION_CONTEXT() REPRESENTATION_CONTEXT('2D SPACE',''
  ) );
#7995 = PCURVE('',#7996,#8001);
#7996 = PLANE('',#7997);
#7997 = AXIS2_PLACEMENT_3D('',#7998,#7999,#8000);
#7998 = CARTESIAN_POINT('',(3.407566497796E-03,-6.698250429171E-03,
    1.750335723063E-03));
#7999 = DIRECTION('',(-0.471396941113,0.881921155154,0.));
#8000 = DIRECTION('',(0.881921155154,0.471396941113,0.));
#8001 = DEFINITIONAL_REPRESENTATION('',(#8002),#8006);
#8002 = LINE('',#8003,#8004);
#8003 = CARTESIAN_POINT('',(8.923578958706E-04,-2.589221839853E-04));
#8004 = VECTOR('',#8005,1.);
#8005 = DIRECTION('',(-0.874095468856,0.485754167585));
#8006 = ( GEOMETRIC_REPRESENTATION_CONTEXT(2) 
PARAMETRIC_REPRESENTATION_CONTEXT() REPRESENTATION_CONTEXT('2D SPACE',''
  ) );
#8007 = ORIENTED_EDGE('',*,*,#7937,.F.);
#8008 = ADVANCED_FACE('',(#8009),#7996,.T.);
#8009 = FACE_BOUND('',#8010,.T.);
#8010 = EDGE_LOOP('',(#8011,#8012,#8034));
#8011 = ORIENTED_EDGE('',*,*,#7983,.T.);
#8012 = ORIENTED_EDGE('',*,*,#8013,.T.);
#8013 = EDGE_CURVE('',#5411,#8014,#8016,.T.);
#8014 = VERTEX_POINT('',#8015);
#8015 = CARTESIAN_POINT('',(2.889260649681E-03,-6.975290831178E-03,
    2.009257907048E-03));
#8016 = SURFACE_CURVE('',#8017,(#8021,#8028),.PCURVE_S1.);
#8017 = LINE('',#8018,#8019);
#8018 = CARTESIAN_POINT('',(2.889260649681E-03,-6.975290831178E-03,
    1.186756533571E-03));
#8019 = VECTOR('',#8020,1.);
#8020 = DIRECTION('',(0.,0.,1.));
#8021 = PCURVE('',#7996,#8022);
#8022 = DEFINITIONAL_REPRESENTATION('',(#8023),#8027);
#8023 = LINE('',#8024,#8025);
#8024 = CARTESIAN_POINT('',(-5.877008903639E-04,5.63579189492E-04));
#8025 = VECTOR('',#8026,1.);
#8026 = DIRECTION('',(0.,-1.));
#8027 = ( GEOMETRIC_REPRESENTATION_CONTEXT(2) 
PARAMETRIC_REPRESENTATION_CONTEXT() REPRESENTATION_CONTEXT('2D SPACE',''
  ) );
#8028 = PCURVE('',#5452,#8029);
#8029 = DEFINITIONAL_REPRESENTATION('',(#8030),#8033);
#8030 = B_SPLINE_CURVE_WITH_KNOTS('',1,(#8031,#8032),.UNSPECIFIED.,.F.,
  .F.,(2,2),(0.,8.225013734773E-04),.PIECEWISE_BEZIER_KNOTS.);
#8031 = CARTESIAN_POINT('',(5.877011009554E-04,2.589221698374E-04));
#8032 = CARTESIAN_POINT('',(5.877011009554E-04,-5.635792036398E-04));
#8033 = ( GEOMETRIC_REPRESENTATION_CONTEXT(2) 
PARAMETRIC_REPRESENTATION_CONTEXT() REPRESENTATION_CONTEXT('2D SPACE',''
  ) );
#8034 = ORIENTED_EDGE('',*,*,#8035,.T.);
#8035 = EDGE_CURVE('',#8014,#7938,#8036,.T.);
#8036 = SURFACE_CURVE('',#8037,(#8041,#8048),.PCURVE_S1.);
#8037 = LINE('',#8038,#8039);
#8038 = CARTESIAN_POINT('',(2.889260649681E-03,-6.975290831178E-03,
    2.009257907048E-03));
#8039 = VECTOR('',#8040,1.);
#8040 = DIRECTION('',(0.881921155154,0.471396941113,0.));
#8041 = PCURVE('',#7996,#8042);
#8042 = DEFINITIONAL_REPRESENTATION('',(#8043),#8047);
#8043 = LINE('',#8044,#8045);
#8044 = CARTESIAN_POINT('',(-5.877008903639E-04,-2.589221839853E-04));
#8045 = VECTOR('',#8046,1.);
#8046 = DIRECTION('',(1.,0.));
#8047 = ( GEOMETRIC_REPRESENTATION_CONTEXT(2) 
PARAMETRIC_REPRESENTATION_CONTEXT() REPRESENTATION_CONTEXT('2D SPACE',''
  ) );
#8048 = PCURVE('',#8049,#8054);
#8049 = PLANE('',#8050);
#8050 = AXIS2_PLACEMENT_3D('',#8051,#8052,#8053);
#8051 = CARTESIAN_POINT('',(2.847656597785E-03,-6.874850349917E-03,
    2.009257907048E-03));
#8052 = DIRECTION('',(1.65218699565E-29,-4.020570564179E-29,-1.));
#8053 = DIRECTION('',(0.,-1.,4.020570564179E-29));
#8054 = DEFINITIONAL_REPRESENTATION('',(#8055),#8058);
#8055 = B_SPLINE_CURVE_WITH_KNOTS('',1,(#8056,#8057),.UNSPECIFIED.,.F.,
  .F.,(2,2),(0.,1.480058786234E-03),.PIECEWISE_BEZIER_KNOTS.);
#8056 = CARTESIAN_POINT('',(1.004404812616E-04,-4.16040518965E-05));
#8057 = CARTESIAN_POINT('',(-5.972547032374E-04,-1.346899206349E-03));
#8058 = ( GEOMETRIC_REPRESENTATION_CONTEXT(2) 
PARAMETRIC_REPRESENTATION_CONTEXT() REPRESENTATION_CONTEXT('2D SPACE',''
  ) );
#8059 = ADVANCED_FACE('',(#8060),#5452,.T.);
#8060 = FACE_BOUND('',#8061,.T.);
#8061 = EDGE_LOOP('',(#8062,#8063,#8088));
#8062 = ORIENTED_EDGE('',*,*,#5438,.F.);
#8063 = ORIENTED_EDGE('',*,*,#8064,.F.);
#8064 = EDGE_CURVE('',#8014,#5299,#8065,.T.);
#8065 = SURFACE_CURVE('',#8066,(#8070,#8076),.PCURVE_S1.);
#8066 = LINE('',#8067,#8068);
#8067 = CARTESIAN_POINT('',(2.889260649681E-03,-6.975290831178E-03,
    2.009257907048E-03));
#8068 = VECTOR('',#8069,1.);
#8069 = DIRECTION('',(-0.836457329013,-0.253736349215,-0.485754054874));
#8070 = PCURVE('',#5452,#8071);
#8071 = DEFINITIONAL_REPRESENTATION('',(#8072),#8075);
#8072 = B_SPLINE_CURVE_WITH_KNOTS('',1,(#8073,#8074),.UNSPECIFIED.,.F.,
  .F.,(2,2),(0.,1.693246541586E-03),.PIECEWISE_BEZIER_KNOTS.);
#8073 = CARTESIAN_POINT('',(5.877011009554E-04,-5.635792036398E-04));
#8074 = CARTESIAN_POINT('',(-8.923581347578E-04,2.589221698374E-04));
#8075 = ( GEOMETRIC_REPRESENTATION_CONTEXT(2) 
PARAMETRIC_REPRESENTATION_CONTEXT() REPRESENTATION_CONTEXT('2D SPACE',''
  ) );
#8076 = PCURVE('',#8077,#8082);
#8077 = PLANE('',#8078);
#8078 = AXIS2_PLACEMENT_3D('',#8079,#8080,#8081);
#8079 = CARTESIAN_POINT('',(2.035327097762E-03,-7.234328530318E-03,
    1.75033573721E-03));
#8080 = DIRECTION('',(-0.290284459849,0.956940401682,5.510787589972E-17)
  );
#8081 = DIRECTION('',(0.956940401682,0.290284459849,0.));
#8082 = DEFINITIONAL_REPRESENTATION('',(#8083),#8087);
#8083 = LINE('',#8084,#8085);
#8084 = CARTESIAN_POINT('',(8.923581347578E-04,-2.589221698374E-04));
#8085 = VECTOR('',#8086,1.);
#8086 = DIRECTION('',(-0.874095531491,0.485754054874));
#8087 = ( GEOMETRIC_REPRESENTATION_CONTEXT(2) 
PARAMETRIC_REPRESENTATION_CONTEXT() REPRESENTATION_CONTEXT('2D SPACE',''
  ) );
#8088 = ORIENTED_EDGE('',*,*,#8013,.F.);
#8089 = ADVANCED_FACE('',(#8090),#8077,.T.);
#8090 = FACE_BOUND('',#8091,.T.);
#8091 = EDGE_LOOP('',(#8092,#8093,#8115));
#8092 = ORIENTED_EDGE('',*,*,#8064,.T.);
#8093 = ORIENTED_EDGE('',*,*,#8094,.T.);
#8094 = EDGE_CURVE('',#5299,#8095,#8097,.T.);
#8095 = VERTEX_POINT('',#8096);
#8096 = CARTESIAN_POINT('',(1.472932170145E-03,-7.404929026961E-03,
    2.009257907048E-03));
#8097 = SURFACE_CURVE('',#8098,(#8102,#8109),.PCURVE_S1.);
#8098 = LINE('',#8099,#8100);
#8099 = CARTESIAN_POINT('',(1.472932170145E-03,-7.404929026961E-03,
    1.186756533571E-03));
#8100 = VECTOR('',#8101,1.);
#8101 = DIRECTION('',(0.,0.,1.));
#8102 = PCURVE('',#8077,#8103);
#8103 = DEFINITIONAL_REPRESENTATION('',(#8104),#8108);
#8104 = LINE('',#8105,#8106);
#8105 = CARTESIAN_POINT('',(-5.877011009554E-04,5.635792036398E-04));
#8106 = VECTOR('',#8107,1.);
#8107 = DIRECTION('',(0.,-1.));
#8108 = ( GEOMETRIC_REPRESENTATION_CONTEXT(2) 
PARAMETRIC_REPRESENTATION_CONTEXT() REPRESENTATION_CONTEXT('2D SPACE',''
  ) );
#8109 = PCURVE('',#5340,#8110);
#8110 = DEFINITIONAL_REPRESENTATION('',(#8111),#8114);
#8111 = B_SPLINE_CURVE_WITH_KNOTS('',1,(#8112,#8113),.UNSPECIFIED.,.F.,
  .F.,(2,2),(0.,8.225013734773E-04),.PIECEWISE_BEZIER_KNOTS.);
#8112 = CARTESIAN_POINT('',(5.877010409331E-04,2.589221738698E-04));
#8113 = CARTESIAN_POINT('',(5.877010409331E-04,-5.635791996074E-04));
#8114 = ( GEOMETRIC_REPRESENTATION_CONTEXT(2) 
PARAMETRIC_REPRESENTATION_CONTEXT() REPRESENTATION_CONTEXT('2D SPACE',''
  ) );
#8115 = ORIENTED_EDGE('',*,*,#8116,.T.);
#8116 = EDGE_CURVE('',#8095,#8014,#8117,.T.);
#8117 = SURFACE_CURVE('',#8118,(#8122,#8129),.PCURVE_S1.);
#8118 = LINE('',#8119,#8120);
#8119 = CARTESIAN_POINT('',(1.472932170145E-03,-7.404929026961E-03,
    2.009257907048E-03));
#8120 = VECTOR('',#8121,1.);
#8121 = DIRECTION('',(0.956940401682,0.290284459849,0.));
#8122 = PCURVE('',#8077,#8123);
#8123 = DEFINITIONAL_REPRESENTATION('',(#8124),#8128);
#8124 = LINE('',#8125,#8126);
#8125 = CARTESIAN_POINT('',(-5.877011009554E-04,-2.589221698374E-04));
#8126 = VECTOR('',#8127,1.);
#8127 = DIRECTION('',(1.,0.));
#8128 = ( GEOMETRIC_REPRESENTATION_CONTEXT(2) 
PARAMETRIC_REPRESENTATION_CONTEXT() REPRESENTATION_CONTEXT('2D SPACE',''
  ) );
#8129 = PCURVE('',#8049,#8130);
#8130 = DEFINITIONAL_REPRESENTATION('',(#8131),#8134);
#8131 = B_SPLINE_CURVE_WITH_KNOTS('',1,(#8132,#8133),.UNSPECIFIED.,.F.,
  .F.,(2,2),(0.,1.480059235713E-03),.PIECEWISE_BEZIER_KNOTS.);
#8132 = CARTESIAN_POINT('',(5.300786770445E-04,1.374724427639E-03));
#8133 = CARTESIAN_POINT('',(1.004404812616E-04,-4.16040518965E-05));
#8134 = ( GEOMETRIC_REPRESENTATION_CONTEXT(2) 
PARAMETRIC_REPRESENTATION_CONTEXT() REPRESENTATION_CONTEXT('2D SPACE',''
  ) );
#8135 = ADVANCED_FACE('',(#8136),#5340,.T.);
#8136 = FACE_BOUND('',#8137,.T.);
#8137 = EDGE_LOOP('',(#8138,#8139,#8164));
#8138 = ORIENTED_EDGE('',*,*,#5326,.F.);
#8139 = ORIENTED_EDGE('',*,*,#8140,.F.);
#8140 = EDGE_CURVE('',#8095,#5187,#8141,.T.);
#8141 = SURFACE_CURVE('',#8142,(#8146,#8152),.PCURVE_S1.);
#8142 = LINE('',#8143,#8144);
#8143 = CARTESIAN_POINT('',(1.472932170145E-03,-7.404929026961E-03,
    2.009257907048E-03));
#8144 = VECTOR('',#8145,1.);
#8145 = DIRECTION('',(-0.869886476293,-8.567663232595E-02,
    -0.485754086999));
#8146 = PCURVE('',#5340,#8147);
#8147 = DEFINITIONAL_REPRESENTATION('',(#8148),#8151);
#8148 = B_SPLINE_CURVE_WITH_KNOTS('',1,(#8149,#8150),.UNSPECIFIED.,.F.,
  .F.,(2,2),(0.,1.693246429606E-03),.PIECEWISE_BEZIER_KNOTS.);
#8149 = CARTESIAN_POINT('',(5.877010409331E-04,-5.635791996074E-04));
#8150 = CARTESIAN_POINT('',(-8.923580666707E-04,2.589221738698E-04));
#8151 = ( GEOMETRIC_REPRESENTATION_CONTEXT(2) 
PARAMETRIC_REPRESENTATION_CONTEXT() REPRESENTATION_CONTEXT('2D SPACE',''
  ) );
#8152 = PCURVE('',#8153,#8158);
#8153 = PLANE('',#8154);
#8154 = AXIS2_PLACEMENT_3D('',#8155,#8156,#8157);
#8155 = CARTESIAN_POINT('',(5.848710806014E-04,-7.492395708563E-03,
    1.750335733178E-03));
#8156 = DIRECTION('',(-9.801747176263E-02,0.995184694029,
    -5.510787502833E-17));
#8157 = DIRECTION('',(0.995184694029,9.801747176263E-02,
    -7.703719777549E-34));
#8158 = DEFINITIONAL_REPRESENTATION('',(#8159),#8163);
#8159 = LINE('',#8160,#8161);
#8160 = CARTESIAN_POINT('',(8.923580666707E-04,-2.589221738698E-04));
#8161 = VECTOR('',#8162,1.);
#8162 = DIRECTION('',(-0.874095513639,0.485754086999));
#8163 = ( GEOMETRIC_REPRESENTATION_CONTEXT(2) 
PARAMETRIC_REPRESENTATION_CONTEXT() REPRESENTATION_CONTEXT('2D SPACE',''
  ) );
#8164 = ORIENTED_EDGE('',*,*,#8094,.F.);
#8165 = ADVANCED_FACE('',(#8166),#8153,.T.);
#8166 = FACE_BOUND('',#8167,.T.);
#8167 = EDGE_LOOP('',(#8168,#8169,#8191));
#8168 = ORIENTED_EDGE('',*,*,#8140,.T.);
#8169 = ORIENTED_EDGE('',*,*,#8170,.T.);
#8170 = EDGE_CURVE('',#5187,#8171,#8173,.T.);
#8171 = VERTEX_POINT('',#8172);
#8172 = CARTESIAN_POINT('',(0.,-7.550000678748E-03,2.009257907048E-03));
#8173 = SURFACE_CURVE('',#8174,(#8178,#8185),.PCURVE_S1.);
#8174 = LINE('',#8175,#8176);
#8175 = CARTESIAN_POINT('',(0.,-7.550000678748E-03,1.186756533571E-03));
#8176 = VECTOR('',#8177,1.);
#8177 = DIRECTION('',(0.,0.,1.));
#8178 = PCURVE('',#8153,#8179);
#8179 = DEFINITIONAL_REPRESENTATION('',(#8180),#8184);
#8180 = LINE('',#8181,#8182);
#8181 = CARTESIAN_POINT('',(-5.877010409331E-04,5.635791996074E-04));
#8182 = VECTOR('',#8183,1.);
#8183 = DIRECTION('',(0.,-1.));
#8184 = ( GEOMETRIC_REPRESENTATION_CONTEXT(2) 
PARAMETRIC_REPRESENTATION_CONTEXT() REPRESENTATION_CONTEXT('2D SPACE',''
  ) );
#8185 = PCURVE('',#5228,#8186);
#8186 = DEFINITIONAL_REPRESENTATION('',(#8187),#8190);
#8187 = B_SPLINE_CURVE_WITH_KNOTS('',1,(#8188,#8189),.UNSPECIFIED.,.F.,
  .F.,(2,2),(0.,8.225013734773E-04),.PIECEWISE_BEZIER_KNOTS.);
#8188 = CARTESIAN_POINT('',(5.877010409331E-04,2.589221738698E-04));
#8189 = CARTESIAN_POINT('',(5.877010409331E-04,-5.635791996074E-04));
#8190 = ( GEOMETRIC_REPRESENTATION_CONTEXT(2) 
PARAMETRIC_REPRESENTATION_CONTEXT() REPRESENTATION_CONTEXT('2D SPACE',''
  ) );
#8191 = ORIENTED_EDGE('',*,*,#8192,.T.);
#8192 = EDGE_CURVE('',#8171,#8095,#8193,.T.);
#8193 = SURFACE_CURVE('',#8194,(#8198,#8205),.PCURVE_S1.);
#8194 = LINE('',#8195,#8196);
#8195 = CARTESIAN_POINT('',(0.,-7.550000678748E-03,2.009257907048E-03));
#8196 = VECTOR('',#8197,1.);
#8197 = DIRECTION('',(0.995184694029,9.801747176263E-02,0.));
#8198 = PCURVE('',#8153,#8199);
#8199 = DEFINITIONAL_REPRESENTATION('',(#8200),#8204);
#8200 = LINE('',#8201,#8202);
#8201 = CARTESIAN_POINT('',(-5.877010409331E-04,-2.589221738698E-04));
#8202 = VECTOR('',#8203,1.);
#8203 = DIRECTION('',(1.,-3.835070144058E-33));
#8204 = ( GEOMETRIC_REPRESENTATION_CONTEXT(2) 
PARAMETRIC_REPRESENTATION_CONTEXT() REPRESENTATION_CONTEXT('2D SPACE',''
  ) );
#8205 = PCURVE('',#8206,#8211);
#8206 = PLANE('',#8207);
#8207 = AXIS2_PLACEMENT_3D('',#8208,#8209,#8210);
#8208 = CARTESIAN_POINT('',(0.,-7.441284471202E-03,2.009257907048E-03));
#8209 = DIRECTION('',(-0.,-0.,-1.));
#8210 = DIRECTION('',(-1.,0.,0.));
#8211 = DEFINITIONAL_REPRESENTATION('',(#8212),#8215);
#8212 = B_SPLINE_CURVE_WITH_KNOTS('',1,(#8213,#8214),.UNSPECIFIED.,.F.,
  .F.,(2,2),(0.,1.480059107604E-03),.PIECEWISE_BEZIER_KNOTS.);
#8213 = CARTESIAN_POINT('',(0.,-1.087162075461E-04));
#8214 = CARTESIAN_POINT('',(-1.472932170145E-03,3.635544424051E-05));
#8215 = ( GEOMETRIC_REPRESENTATION_CONTEXT(2) 
PARAMETRIC_REPRESENTATION_CONTEXT() REPRESENTATION_CONTEXT('2D SPACE',''
  ) );
#8216 = ADVANCED_FACE('',(#8217),#5228,.T.);
#8217 = FACE_BOUND('',#8218,.T.);
#8218 = EDGE_LOOP('',(#8219,#8220,#8245));
#8219 = ORIENTED_EDGE('',*,*,#5214,.F.);
#8220 = ORIENTED_EDGE('',*,*,#8221,.F.);
#8221 = EDGE_CURVE('',#8171,#5075,#8222,.T.);
#8222 = SURFACE_CURVE('',#8223,(#8227,#8233),.PCURVE_S1.);
#8223 = LINE('',#8224,#8225);
#8224 = CARTESIAN_POINT('',(0.,-7.550000678748E-03,2.009257907048E-03));
#8225 = VECTOR('',#8226,1.);
#8226 = DIRECTION('',(-0.869886476293,8.567663232595E-02,-0.485754086999
    ));
#8227 = PCURVE('',#5228,#8228);
#8228 = DEFINITIONAL_REPRESENTATION('',(#8229),#8232);
#8229 = B_SPLINE_CURVE_WITH_KNOTS('',1,(#8230,#8231),.UNSPECIFIED.,.F.,
  .F.,(2,2),(0.,1.693246429606E-03),.PIECEWISE_BEZIER_KNOTS.);
#8230 = CARTESIAN_POINT('',(5.877010409331E-04,-5.635791996074E-04));
#8231 = CARTESIAN_POINT('',(-8.923580666707E-04,2.589221738698E-04));
#8232 = ( GEOMETRIC_REPRESENTATION_CONTEXT(2) 
PARAMETRIC_REPRESENTATION_CONTEXT() REPRESENTATION_CONTEXT('2D SPACE',''
  ) );
#8233 = PCURVE('',#8234,#8239);
#8234 = PLANE('',#8235);
#8235 = AXIS2_PLACEMENT_3D('',#8236,#8237,#8238);
#8236 = CARTESIAN_POINT('',(-8.880610895438E-04,-7.462533997146E-03,
    1.750335733178E-03));
#8237 = DIRECTION('',(9.801747176263E-02,0.995184694029,
    -5.510787502833E-17));
#8238 = DIRECTION('',(0.995184694029,-9.801747176263E-02,
    -7.703719777549E-34));
#8239 = DEFINITIONAL_REPRESENTATION('',(#8240),#8244);
#8240 = LINE('',#8241,#8242);
#8241 = CARTESIAN_POINT('',(8.923580666707E-04,-2.589221738698E-04));
#8242 = VECTOR('',#8243,1.);
#8243 = DIRECTION('',(-0.874095513639,0.485754086999));
#8244 = ( GEOMETRIC_REPRESENTATION_CONTEXT(2) 
PARAMETRIC_REPRESENTATION_CONTEXT() REPRESENTATION_CONTEXT('2D SPACE',''
  ) );
#8245 = ORIENTED_EDGE('',*,*,#8170,.F.);
#8246 = ADVANCED_FACE('',(#8247),#8234,.T.);
#8247 = FACE_BOUND('',#8248,.T.);
#8248 = EDGE_LOOP('',(#8249,#8250,#8272));
#8249 = ORIENTED_EDGE('',*,*,#8221,.T.);
#8250 = ORIENTED_EDGE('',*,*,#8251,.T.);
#8251 = EDGE_CURVE('',#5075,#8252,#8254,.T.);
#8252 = VERTEX_POINT('',#8253);
#8253 = CARTESIAN_POINT('',(-1.472932170145E-03,-7.404929026961E-03,
    2.009257907048E-03));
#8254 = SURFACE_CURVE('',#8255,(#8259,#8266),.PCURVE_S1.);
#8255 = LINE('',#8256,#8257);
#8256 = CARTESIAN_POINT('',(-1.472932170145E-03,-7.404929026961E-03,
    1.186756533571E-03));
#8257 = VECTOR('',#8258,1.);
#8258 = DIRECTION('',(0.,0.,1.));
#8259 = PCURVE('',#8234,#8260);
#8260 = DEFINITIONAL_REPRESENTATION('',(#8261),#8265);
#8261 = LINE('',#8262,#8263);
#8262 = CARTESIAN_POINT('',(-5.877010409331E-04,5.635791996074E-04));
#8263 = VECTOR('',#8264,1.);
#8264 = DIRECTION('',(0.,-1.));
#8265 = ( GEOMETRIC_REPRESENTATION_CONTEXT(2) 
PARAMETRIC_REPRESENTATION_CONTEXT() REPRESENTATION_CONTEXT('2D SPACE',''
  ) );
#8266 = PCURVE('',#5116,#8267);
#8267 = DEFINITIONAL_REPRESENTATION('',(#8268),#8271);
#8268 = B_SPLINE_CURVE_WITH_KNOTS('',1,(#8269,#8270),.UNSPECIFIED.,.F.,
  .F.,(2,2),(0.,8.225013734773E-04),.PIECEWISE_BEZIER_KNOTS.);
#8269 = CARTESIAN_POINT('',(5.877011009554E-04,2.589221698374E-04));
#8270 = CARTESIAN_POINT('',(5.877011009554E-04,-5.635792036398E-04));
#8271 = ( GEOMETRIC_REPRESENTATION_CONTEXT(2) 
PARAMETRIC_REPRESENTATION_CONTEXT() REPRESENTATION_CONTEXT('2D SPACE',''
  ) );
#8272 = ORIENTED_EDGE('',*,*,#8273,.T.);
#8273 = EDGE_CURVE('',#8252,#8171,#8274,.T.);
#8274 = SURFACE_CURVE('',#8275,(#8279,#8286),.PCURVE_S1.);
#8275 = LINE('',#8276,#8277);
#8276 = CARTESIAN_POINT('',(-1.472932170145E-03,-7.404929026961E-03,
    2.009257907048E-03));
#8277 = VECTOR('',#8278,1.);
#8278 = DIRECTION('',(0.995184694029,-9.801747176263E-02,0.));
#8279 = PCURVE('',#8234,#8280);
#8280 = DEFINITIONAL_REPRESENTATION('',(#8281),#8285);
#8281 = LINE('',#8282,#8283);
#8282 = CARTESIAN_POINT('',(-5.877010409331E-04,-2.589221738698E-04));
#8283 = VECTOR('',#8284,1.);
#8284 = DIRECTION('',(1.,-2.305519351692E-33));
#8285 = ( GEOMETRIC_REPRESENTATION_CONTEXT(2) 
PARAMETRIC_REPRESENTATION_CONTEXT() REPRESENTATION_CONTEXT('2D SPACE',''
  ) );
#8286 = PCURVE('',#8206,#8287);
#8287 = DEFINITIONAL_REPRESENTATION('',(#8288),#8291);
#8288 = B_SPLINE_CURVE_WITH_KNOTS('',1,(#8289,#8290),.UNSPECIFIED.,.F.,
  .F.,(2,2),(0.,1.480059107604E-03),.PIECEWISE_BEZIER_KNOTS.);
#8289 = CARTESIAN_POINT('',(1.472932170145E-03,3.635544424051E-05));
#8290 = CARTESIAN_POINT('',(0.,-1.087162075461E-04));
#8291 = ( GEOMETRIC_REPRESENTATION_CONTEXT(2) 
PARAMETRIC_REPRESENTATION_CONTEXT() REPRESENTATION_CONTEXT('2D SPACE',''
  ) );
#8292 = ADVANCED_FACE('',(#8293),#5116,.T.);
#8293 = FACE_BOUND('',#8294,.T.);
#8294 = EDGE_LOOP('',(#8295,#8296,#8321));
#8295 = ORIENTED_EDGE('',*,*,#5102,.F.);
#8296 = ORIENTED_EDGE('',*,*,#8297,.F.);
#8297 = EDGE_CURVE('',#8252,#4963,#8298,.T.);
#8298 = SURFACE_CURVE('',#8299,(#8303,#8309),.PCURVE_S1.);
#8299 = LINE('',#8300,#8301);
#8300 = CARTESIAN_POINT('',(-1.472932170145E-03,-7.404929026961E-03,
    2.009257907048E-03));
#8301 = VECTOR('',#8302,1.);
#8302 = DIRECTION('',(-0.836457329013,0.253736349215,-0.485754054874));
#8303 = PCURVE('',#5116,#8304);
#8304 = DEFINITIONAL_REPRESENTATION('',(#8305),#8308);
#8305 = B_SPLINE_CURVE_WITH_KNOTS('',1,(#8306,#8307),.UNSPECIFIED.,.F.,
  .F.,(2,2),(0.,1.693246541586E-03),.PIECEWISE_BEZIER_KNOTS.);
#8306 = CARTESIAN_POINT('',(5.877011009554E-04,-5.635792036398E-04));
#8307 = CARTESIAN_POINT('',(-8.923581347578E-04,2.589221698374E-04));
#8308 = ( GEOMETRIC_REPRESENTATION_CONTEXT(2) 
PARAMETRIC_REPRESENTATION_CONTEXT() REPRESENTATION_CONTEXT('2D SPACE',''
  ) );
#8309 = PCURVE('',#8310,#8315);
#8310 = PLANE('',#8311);
#8311 = AXIS2_PLACEMENT_3D('',#8312,#8313,#8314);
#8312 = CARTESIAN_POINT('',(-2.326865722064E-03,-7.145891327822E-03,
    1.75033573721E-03));
#8313 = DIRECTION('',(0.290284459849,0.956940401682,-1.102157517994E-16)
  );
#8314 = DIRECTION('',(0.956940401682,-0.290284459849,0.));
#8315 = DEFINITIONAL_REPRESENTATION('',(#8316),#8320);
#8316 = LINE('',#8317,#8318);
#8317 = CARTESIAN_POINT('',(8.923581347578E-04,-2.589221698374E-04));
#8318 = VECTOR('',#8319,1.);
#8319 = DIRECTION('',(-0.874095531491,0.485754054874));
#8320 = ( GEOMETRIC_REPRESENTATION_CONTEXT(2) 
PARAMETRIC_REPRESENTATION_CONTEXT() REPRESENTATION_CONTEXT('2D SPACE',''
  ) );
#8321 = ORIENTED_EDGE('',*,*,#8251,.F.);
#8322 = ADVANCED_FACE('',(#8323),#8310,.T.);
#8323 = FACE_BOUND('',#8324,.T.);
#8324 = EDGE_LOOP('',(#8325,#8326,#8348));
#8325 = ORIENTED_EDGE('',*,*,#8297,.T.);
#8326 = ORIENTED_EDGE('',*,*,#8327,.T.);
#8327 = EDGE_CURVE('',#4963,#8328,#8330,.T.);
#8328 = VERTEX_POINT('',#8329);
#8329 = CARTESIAN_POINT('',(-2.889260649681E-03,-6.975290831178E-03,
    2.009257907048E-03));
#8330 = SURFACE_CURVE('',#8331,(#8335,#8342),.PCURVE_S1.);
#8331 = LINE('',#8332,#8333);
#8332 = CARTESIAN_POINT('',(-2.889260649681E-03,-6.975290831178E-03,
    1.186756533571E-03));
#8333 = VECTOR('',#8334,1.);
#8334 = DIRECTION('',(0.,0.,1.));
#8335 = PCURVE('',#8310,#8336);
#8336 = DEFINITIONAL_REPRESENTATION('',(#8337),#8341);
#8337 = LINE('',#8338,#8339);
#8338 = CARTESIAN_POINT('',(-5.877011009554E-04,5.635792036398E-04));
#8339 = VECTOR('',#8340,1.);
#8340 = DIRECTION('',(0.,-1.));
#8341 = ( GEOMETRIC_REPRESENTATION_CONTEXT(2) 
PARAMETRIC_REPRESENTATION_CONTEXT() REPRESENTATION_CONTEXT('2D SPACE',''
  ) );
#8342 = PCURVE('',#5004,#8343);
#8343 = DEFINITIONAL_REPRESENTATION('',(#8344),#8347);
#8344 = B_SPLINE_CURVE_WITH_KNOTS('',1,(#8345,#8346),.UNSPECIFIED.,.F.,
  .F.,(2,2),(0.,8.225013734773E-04),.PIECEWISE_BEZIER_KNOTS.);
#8345 = CARTESIAN_POINT('',(5.877008903639E-04,2.589221839853E-04));
#8346 = CARTESIAN_POINT('',(5.877008903639E-04,-5.63579189492E-04));
#8347 = ( GEOMETRIC_REPRESENTATION_CONTEXT(2) 
PARAMETRIC_REPRESENTATION_CONTEXT() REPRESENTATION_CONTEXT('2D SPACE',''
  ) );
#8348 = ORIENTED_EDGE('',*,*,#8349,.T.);
#8349 = EDGE_CURVE('',#8328,#8252,#8350,.T.);
#8350 = SURFACE_CURVE('',#8351,(#8355,#8362),.PCURVE_S1.);
#8351 = LINE('',#8352,#8353);
#8352 = CARTESIAN_POINT('',(-2.889260649681E-03,-6.975290831178E-03,
    2.009257907048E-03));
#8353 = VECTOR('',#8354,1.);
#8354 = DIRECTION('',(0.956940401682,-0.290284459849,0.));
#8355 = PCURVE('',#8310,#8356);
#8356 = DEFINITIONAL_REPRESENTATION('',(#8357),#8361);
#8357 = LINE('',#8358,#8359);
#8358 = CARTESIAN_POINT('',(-5.877011009554E-04,-2.589221698374E-04));
#8359 = VECTOR('',#8360,1.);
#8360 = DIRECTION('',(1.,-6.118203266205E-33));
#8361 = ( GEOMETRIC_REPRESENTATION_CONTEXT(2) 
PARAMETRIC_REPRESENTATION_CONTEXT() REPRESENTATION_CONTEXT('2D SPACE',''
  ) );
#8362 = PCURVE('',#8363,#8368);
#8363 = PLANE('',#8364);
#8364 = AXIS2_PLACEMENT_3D('',#8365,#8366,#8367);
#8365 = CARTESIAN_POINT('',(-2.847656597785E-03,-6.874850349917E-03,
    2.009257907048E-03));
#8366 = DIRECTION('',(2.862654440096E-30,7.380693652978E-30,-1.));
#8367 = DIRECTION('',(0.,-1.,-7.380693652978E-30));
#8368 = DEFINITIONAL_REPRESENTATION('',(#8369),#8372);
#8369 = B_SPLINE_CURVE_WITH_KNOTS('',1,(#8370,#8371),.UNSPECIFIED.,.F.,
  .F.,(2,2),(0.,1.480059235713E-03),.PIECEWISE_BEZIER_KNOTS.);
#8370 = CARTESIAN_POINT('',(1.004404812616E-04,4.160405189651E-05));
#8371 = CARTESIAN_POINT('',(5.300786770445E-04,-1.374724427639E-03));
#8372 = ( GEOMETRIC_REPRESENTATION_CONTEXT(2) 
PARAMETRIC_REPRESENTATION_CONTEXT() REPRESENTATION_CONTEXT('2D SPACE',''
  ) );
#8373 = ADVANCED_FACE('',(#8374),#5004,.T.);
#8374 = FACE_BOUND('',#8375,.T.);
#8375 = EDGE_LOOP('',(#8376,#8377,#8402));
#8376 = ORIENTED_EDGE('',*,*,#4990,.F.);
#8377 = ORIENTED_EDGE('',*,*,#8378,.F.);
#8378 = EDGE_CURVE('',#8328,#4851,#8379,.T.);
#8379 = SURFACE_CURVE('',#8380,(#8384,#8390),.PCURVE_S1.);
#8380 = LINE('',#8381,#8382);
#8381 = CARTESIAN_POINT('',(-2.889260649681E-03,-6.975290831178E-03,
    2.009257907048E-03));
#8382 = VECTOR('',#8383,1.);
#8383 = DIRECTION('',(-0.770883285608,0.41204593026,-0.485754167585));
#8384 = PCURVE('',#5004,#8385);
#8385 = DEFINITIONAL_REPRESENTATION('',(#8386),#8389);
#8386 = B_SPLINE_CURVE_WITH_KNOTS('',1,(#8387,#8388),.UNSPECIFIED.,.F.,
  .F.,(2,2),(0.,1.693246148698E-03),.PIECEWISE_BEZIER_KNOTS.);
#8387 = CARTESIAN_POINT('',(5.877008903639E-04,-5.63579189492E-04));
#8388 = CARTESIAN_POINT('',(-8.923578958706E-04,2.589221839853E-04));
#8389 = ( GEOMETRIC_REPRESENTATION_CONTEXT(2) 
PARAMETRIC_REPRESENTATION_CONTEXT() REPRESENTATION_CONTEXT('2D SPACE',''
  ) );
#8390 = PCURVE('',#8391,#8396);
#8391 = PLANE('',#8392);
#8392 = AXIS2_PLACEMENT_3D('',#8393,#8394,#8395);
#8393 = CARTESIAN_POINT('',(-3.676249956018E-03,-6.554636048687E-03,
    1.750335723063E-03));
#8394 = DIRECTION('',(0.471396941113,0.881921155154,0.));
#8395 = DIRECTION('',(0.881921155154,-0.471396941113,0.));
#8396 = DEFINITIONAL_REPRESENTATION('',(#8397),#8401);
#8397 = LINE('',#8398,#8399);
#8398 = CARTESIAN_POINT('',(8.923578958706E-04,-2.589221839853E-04));
#8399 = VECTOR('',#8400,1.);
#8400 = DIRECTION('',(-0.874095468856,0.485754167585));
#8401 = ( GEOMETRIC_REPRESENTATION_CONTEXT(2) 
PARAMETRIC_REPRESENTATION_CONTEXT() REPRESENTATION_CONTEXT('2D SPACE',''
  ) );
#8402 = ORIENTED_EDGE('',*,*,#8327,.F.);
#8403 = ADVANCED_FACE('',(#8404),#8391,.T.);
#8404 = FACE_BOUND('',#8405,.T.);
#8405 = EDGE_LOOP('',(#8406,#8407,#8429));
#8406 = ORIENTED_EDGE('',*,*,#8378,.T.);
#8407 = ORIENTED_EDGE('',*,*,#8408,.T.);
#8408 = EDGE_CURVE('',#4851,#8409,#8411,.T.);
#8409 = VERTEX_POINT('',#8410);
#8410 = CARTESIAN_POINT('',(-4.194555804133E-03,-6.277595646679E-03,
    2.009257907048E-03));
#8411 = SURFACE_CURVE('',#8412,(#8416,#8423),.PCURVE_S1.);
#8412 = LINE('',#8413,#8414);
#8413 = CARTESIAN_POINT('',(-4.194555804133E-03,-6.277595646679E-03,
    1.186756533571E-03));
#8414 = VECTOR('',#8415,1.);
#8415 = DIRECTION('',(0.,0.,1.));
#8416 = PCURVE('',#8391,#8417);
#8417 = DEFINITIONAL_REPRESENTATION('',(#8418),#8422);
#8418 = LINE('',#8419,#8420);
#8419 = CARTESIAN_POINT('',(-5.877008903639E-04,5.63579189492E-04));
#8420 = VECTOR('',#8421,1.);
#8421 = DIRECTION('',(0.,-1.));
#8422 = ( GEOMETRIC_REPRESENTATION_CONTEXT(2) 
PARAMETRIC_REPRESENTATION_CONTEXT() REPRESENTATION_CONTEXT('2D SPACE',''
  ) );
#8423 = PCURVE('',#4892,#8424);
#8424 = DEFINITIONAL_REPRESENTATION('',(#8425),#8428);
#8425 = B_SPLINE_CURVE_WITH_KNOTS('',1,(#8426,#8427),.UNSPECIFIED.,.F.,
  .F.,(2,2),(0.,8.225013734773E-04),.PIECEWISE_BEZIER_KNOTS.);
#8426 = CARTESIAN_POINT('',(5.877007639608E-04,2.589221924772E-04));
#8427 = CARTESIAN_POINT('',(5.877007639608E-04,-5.63579181E-04));
#8428 = ( GEOMETRIC_REPRESENTATION_CONTEXT(2) 
PARAMETRIC_REPRESENTATION_CONTEXT() REPRESENTATION_CONTEXT('2D SPACE',''
  ) );
#8429 = ORIENTED_EDGE('',*,*,#8430,.T.);
#8430 = EDGE_CURVE('',#8409,#8328,#8431,.T.);
#8431 = SURFACE_CURVE('',#8432,(#8436,#8443),.PCURVE_S1.);
#8432 = LINE('',#8433,#8434);
#8433 = CARTESIAN_POINT('',(-4.194555804133E-03,-6.277595646679E-03,
    2.009257907048E-03));
#8434 = VECTOR('',#8435,1.);
#8435 = DIRECTION('',(0.881921155154,-0.471396941113,0.));
#8436 = PCURVE('',#8391,#8437);
#8437 = DEFINITIONAL_REPRESENTATION('',(#8438),#8442);
#8438 = LINE('',#8439,#8440);
#8439 = CARTESIAN_POINT('',(-5.877008903639E-04,-2.589221839853E-04));
#8440 = VECTOR('',#8441,1.);
#8441 = DIRECTION('',(1.,0.));
#8442 = ( GEOMETRIC_REPRESENTATION_CONTEXT(2) 
PARAMETRIC_REPRESENTATION_CONTEXT() REPRESENTATION_CONTEXT('2D SPACE',''
  ) );
#8443 = PCURVE('',#8363,#8444);
#8444 = DEFINITIONAL_REPRESENTATION('',(#8445),#8448);
#8445 = B_SPLINE_CURVE_WITH_KNOTS('',1,(#8446,#8447),.UNSPECIFIED.,.F.,
  .F.,(2,2),(0.,1.480058786234E-03),.PIECEWISE_BEZIER_KNOTS.);
#8446 = CARTESIAN_POINT('',(-5.972547032374E-04,1.346899206349E-03));
#8447 = CARTESIAN_POINT('',(1.004404812616E-04,4.160405189651E-05));
#8448 = ( GEOMETRIC_REPRESENTATION_CONTEXT(2) 
PARAMETRIC_REPRESENTATION_CONTEXT() REPRESENTATION_CONTEXT('2D SPACE',''
  ) );
#8449 = ADVANCED_FACE('',(#8450),#4892,.T.);
#8450 = FACE_BOUND('',#8451,.T.);
#8451 = EDGE_LOOP('',(#8452,#8453,#8478));
#8452 = ORIENTED_EDGE('',*,*,#4878,.F.);
#8453 = ORIENTED_EDGE('',*,*,#8454,.F.);
#8454 = EDGE_CURVE('',#8409,#4629,#8455,.T.);
#8455 = SURFACE_CURVE('',#8456,(#8460,#8466),.PCURVE_S1.);
#8456 = LINE('',#8457,#8458);
#8457 = CARTESIAN_POINT('',(-4.194555804133E-03,-6.277595646679E-03,
    2.009257907048E-03));
#8458 = VECTOR('',#8459,1.);
#8459 = DIRECTION('',(-0.675685027919,0.554520122264,-0.485754235237));
#8460 = PCURVE('',#4892,#8461);
#8461 = DEFINITIONAL_REPRESENTATION('',(#8462),#8465);
#8462 = B_SPLINE_CURVE_WITH_KNOTS('',1,(#8463,#8464),.UNSPECIFIED.,.F.,
  .F.,(2,2),(0.,1.693245912876E-03),.PIECEWISE_BEZIER_KNOTS.);
#8463 = CARTESIAN_POINT('',(5.877007639608E-04,-5.63579181E-04));
#8464 = CARTESIAN_POINT('',(-8.923577524835E-04,2.589221924772E-04));
#8465 = ( GEOMETRIC_REPRESENTATION_CONTEXT(2) 
PARAMETRIC_REPRESENTATION_CONTEXT() REPRESENTATION_CONTEXT('2D SPACE',''
  ) );
#8466 = PCURVE('',#8467,#8472);
#8467 = PLANE('',#8468);
#8468 = AXIS2_PLACEMENT_3D('',#8469,#8470,#8471);
#8469 = CARTESIAN_POINT('',(-4.884357799817E-03,-5.711490033592E-03,
    1.750335714571E-03));
#8470 = DIRECTION('',(0.63439311365,0.7730105933,0.));
#8471 = DIRECTION('',(0.7730105933,-0.63439311365,0.));
#8472 = DEFINITIONAL_REPRESENTATION('',(#8473),#8477);
#8473 = LINE('',#8474,#8475);
#8474 = CARTESIAN_POINT('',(8.923577524835E-04,-2.589221924772E-04));
#8475 = VECTOR('',#8476,1.);
#8476 = DIRECTION('',(-0.87409543126,0.485754235237));
#8477 = ( GEOMETRIC_REPRESENTATION_CONTEXT(2) 
PARAMETRIC_REPRESENTATION_CONTEXT() REPRESENTATION_CONTEXT('2D SPACE',''
  ) );
#8478 = ORIENTED_EDGE('',*,*,#8408,.F.);
#8479 = ADVANCED_FACE('',(#8480),#8467,.T.);
#8480 = FACE_BOUND('',#8481,.T.);
#8481 = EDGE_LOOP('',(#8482,#8483,#8505));
#8482 = ORIENTED_EDGE('',*,*,#8454,.T.);
#8483 = ORIENTED_EDGE('',*,*,#8484,.T.);
#8484 = EDGE_CURVE('',#4629,#8485,#8487,.T.);
#8485 = VERTEX_POINT('',#8486);
#8486 = CARTESIAN_POINT('',(-5.338656716049E-03,-5.338656716049E-03,
    2.009257907048E-03));
#8487 = SURFACE_CURVE('',#8488,(#8492,#8499),.PCURVE_S1.);
#8488 = LINE('',#8489,#8490);
#8489 = CARTESIAN_POINT('',(-5.338656716049E-03,-5.338656716049E-03,
    1.186756533571E-03));
#8490 = VECTOR('',#8491,1.);
#8491 = DIRECTION('',(0.,0.,1.));
#8492 = PCURVE('',#8467,#8493);
#8493 = DEFINITIONAL_REPRESENTATION('',(#8494),#8498);
#8494 = LINE('',#8495,#8496);
#8495 = CARTESIAN_POINT('',(-5.877007639608E-04,5.63579181E-04));
#8496 = VECTOR('',#8497,1.);
#8497 = DIRECTION('',(0.,-1.));
#8498 = ( GEOMETRIC_REPRESENTATION_CONTEXT(2) 
PARAMETRIC_REPRESENTATION_CONTEXT() REPRESENTATION_CONTEXT('2D SPACE',''
  ) );
#8499 = PCURVE('',#4644,#8500);
#8500 = DEFINITIONAL_REPRESENTATION('',(#8501),#8504);
#8501 = B_SPLINE_CURVE_WITH_KNOTS('',1,(#8502,#8503),.UNSPECIFIED.,.F.,
  .F.,(2,2),(0.,8.225013734773E-04),.PIECEWISE_BEZIER_KNOTS.);
#8502 = CARTESIAN_POINT('',(-5.877010407763E-04,-2.589221738804E-04));
#8503 = CARTESIAN_POINT('',(-5.877010407763E-04,5.635791995969E-04));
#8504 = ( GEOMETRIC_REPRESENTATION_CONTEXT(2) 
PARAMETRIC_REPRESENTATION_CONTEXT() REPRESENTATION_CONTEXT('2D SPACE',''
  ) );
#8505 = ORIENTED_EDGE('',*,*,#8506,.T.);
#8506 = EDGE_CURVE('',#8485,#8409,#8507,.T.);
#8507 = SURFACE_CURVE('',#8508,(#8512,#8519),.PCURVE_S1.);
#8508 = LINE('',#8509,#8510);
#8509 = CARTESIAN_POINT('',(-5.338656716049E-03,-5.338656716049E-03,
    2.009257907048E-03));
#8510 = VECTOR('',#8511,1.);
#8511 = DIRECTION('',(0.7730105933,-0.63439311365,0.));
#8512 = PCURVE('',#8467,#8513);
#8513 = DEFINITIONAL_REPRESENTATION('',(#8514),#8518);
#8514 = LINE('',#8515,#8516);
#8515 = CARTESIAN_POINT('',(-5.877007639608E-04,-2.589221924772E-04));
#8516 = VECTOR('',#8517,1.);
#8517 = DIRECTION('',(1.,0.));
#8518 = ( GEOMETRIC_REPRESENTATION_CONTEXT(2) 
PARAMETRIC_REPRESENTATION_CONTEXT() REPRESENTATION_CONTEXT('2D SPACE',''
  ) );
#8519 = PCURVE('',#8520,#8525);
#8520 = PLANE('',#8521);
#8521 = AXIS2_PLACEMENT_3D('',#8522,#8523,#8524);
#8522 = CARTESIAN_POINT('',(-5.261783267555E-03,-5.261782814398E-03,
    2.009257907048E-03));
#8523 = DIRECTION('',(-0.,-0.,-1.));
#8524 = DIRECTION('',(-1.,0.,0.));
#8525 = DEFINITIONAL_REPRESENTATION('',(#8526),#8529);
#8526 = B_SPLINE_CURVE_WITH_KNOTS('',1,(#8527,#8528),.UNSPECIFIED.,.F.,
  .F.,(2,2),(0.,1.480058516444E-03),.PIECEWISE_BEZIER_KNOTS.);
#8527 = CARTESIAN_POINT('',(7.687344849382E-05,-7.687390165081E-05));
#8528 = CARTESIAN_POINT('',(-1.067227463421E-03,-1.015812832281E-03));
#8529 = ( GEOMETRIC_REPRESENTATION_CONTEXT(2) 
PARAMETRIC_REPRESENTATION_CONTEXT() REPRESENTATION_CONTEXT('2D SPACE',''
  ) );
#8530 = ADVANCED_FACE('',(#8531),#4644,.T.);
#8531 = FACE_BOUND('',#8532,.T.);
#8532 = EDGE_LOOP('',(#8533,#8534,#8559));
#8533 = ORIENTED_EDGE('',*,*,#4628,.F.);
#8534 = ORIENTED_EDGE('',*,*,#8535,.F.);
#8535 = EDGE_CURVE('',#8485,#4260,#8536,.T.);
#8536 = SURFACE_CURVE('',#8537,(#8541,#8547),.PCURVE_S1.);
#8537 = LINE('',#8538,#8539);
#8538 = CARTESIAN_POINT('',(-5.338656716049E-03,-5.338656716049E-03,
    2.009257907048E-03));
#8539 = VECTOR('',#8540,1.);
#8540 = DIRECTION('',(-0.554520503158,0.675684821836,-0.485754087083));
#8541 = PCURVE('',#4644,#8542);
#8542 = DEFINITIONAL_REPRESENTATION('',(#8543),#8546);
#8543 = B_SPLINE_CURVE_WITH_KNOTS('',1,(#8544,#8545),.UNSPECIFIED.,.F.,
  .F.,(2,2),(0.,1.693246429313E-03),.PIECEWISE_BEZIER_KNOTS.);
#8544 = CARTESIAN_POINT('',(-5.877010407763E-04,5.635791995969E-04));
#8545 = CARTESIAN_POINT('',(8.923580664928E-04,-2.589221738804E-04));
#8546 = ( GEOMETRIC_REPRESENTATION_CONTEXT(2) 
PARAMETRIC_REPRESENTATION_CONTEXT() REPRESENTATION_CONTEXT('2D SPACE',''
  ) );
#8547 = PCURVE('',#8548,#8553);
#8548 = PLANE('',#8549);
#8549 = AXIS2_PLACEMENT_3D('',#8550,#8551,#8552);
#8550 = CARTESIAN_POINT('',(-5.904762863871E-03,-4.648854752995E-03,
    1.750335733167E-03));
#8551 = DIRECTION('',(0.773010284722,0.634393489653,0.));
#8552 = DIRECTION('',(-0.634393489653,0.773010284722,0.));
#8553 = DEFINITIONAL_REPRESENTATION('',(#8554),#8558);
#8554 = LINE('',#8555,#8556);
#8555 = CARTESIAN_POINT('',(-8.923580664928E-04,2.589221738804E-04));
#8556 = VECTOR('',#8557,1.);
#8557 = DIRECTION('',(0.874095513592,-0.485754087083));
#8558 = ( GEOMETRIC_REPRESENTATION_CONTEXT(2) 
PARAMETRIC_REPRESENTATION_CONTEXT() REPRESENTATION_CONTEXT('2D SPACE',''
  ) );
#8559 = ORIENTED_EDGE('',*,*,#8484,.F.);
#8560 = ADVANCED_FACE('',(#8561),#8548,.T.);
#8561 = FACE_BOUND('',#8562,.T.);
#8562 = EDGE_LOOP('',(#8563,#8564,#8586));
#8563 = ORIENTED_EDGE('',*,*,#8535,.T.);
#8564 = ORIENTED_EDGE('',*,*,#8565,.T.);
#8565 = EDGE_CURVE('',#4260,#8566,#8568,.T.);
#8566 = VERTEX_POINT('',#8567);
#8567 = CARTESIAN_POINT('',(-6.277596578002E-03,-4.194555804133E-03,
    2.009257907048E-03));
#8568 = SURFACE_CURVE('',#8569,(#8573,#8580),.PCURVE_S1.);
#8569 = LINE('',#8570,#8571);
#8570 = CARTESIAN_POINT('',(-6.277596578002E-03,-4.194555804133E-03,
    1.186756533571E-03));
#8571 = VECTOR('',#8572,1.);
#8572 = DIRECTION('',(0.,0.,1.));
#8573 = PCURVE('',#8548,#8574);
#8574 = DEFINITIONAL_REPRESENTATION('',(#8575),#8579);
#8575 = LINE('',#8576,#8577);
#8576 = CARTESIAN_POINT('',(5.877010407763E-04,-5.635791995969E-04));
#8577 = VECTOR('',#8578,1.);
#8578 = DIRECTION('',(0.,1.));
#8579 = ( GEOMETRIC_REPRESENTATION_CONTEXT(2) 
PARAMETRIC_REPRESENTATION_CONTEXT() REPRESENTATION_CONTEXT('2D SPACE',''
  ) );
#8580 = PCURVE('',#4301,#8581);
#8581 = DEFINITIONAL_REPRESENTATION('',(#8582),#8585);
#8582 = B_SPLINE_CURVE_WITH_KNOTS('',1,(#8583,#8584),.UNSPECIFIED.,.F.,
  .F.,(2,2),(0.,8.225013734773E-04),.PIECEWISE_BEZIER_KNOTS.);
#8583 = CARTESIAN_POINT('',(-5.877008837235E-04,-2.589221844314E-04));
#8584 = CARTESIAN_POINT('',(-5.877008837235E-04,5.635791890459E-04));
#8585 = ( GEOMETRIC_REPRESENTATION_CONTEXT(2) 
PARAMETRIC_REPRESENTATION_CONTEXT() REPRESENTATION_CONTEXT('2D SPACE',''
  ) );
#8586 = ORIENTED_EDGE('',*,*,#8587,.T.);
#8587 = EDGE_CURVE('',#8566,#8485,#8588,.T.);
#8588 = SURFACE_CURVE('',#8589,(#8593,#8600),.PCURVE_S1.);
#8589 = LINE('',#8590,#8591);
#8590 = CARTESIAN_POINT('',(-6.277596578002E-03,-4.194555804133E-03,
    2.009257907048E-03));
#8591 = VECTOR('',#8592,1.);
#8592 = DIRECTION('',(0.634393489653,-0.773010284722,0.));
#8593 = PCURVE('',#8548,#8594);
#8594 = DEFINITIONAL_REPRESENTATION('',(#8595),#8599);
#8595 = LINE('',#8596,#8597);
#8596 = CARTESIAN_POINT('',(5.877010407763E-04,2.589221738804E-04));
#8597 = VECTOR('',#8598,1.);
#8598 = DIRECTION('',(-1.,0.));
#8599 = ( GEOMETRIC_REPRESENTATION_CONTEXT(2) 
PARAMETRIC_REPRESENTATION_CONTEXT() REPRESENTATION_CONTEXT('2D SPACE',''
  ) );
#8600 = PCURVE('',#8520,#8601);
#8601 = DEFINITIONAL_REPRESENTATION('',(#8602),#8605);
#8602 = B_SPLINE_CURVE_WITH_KNOTS('',1,(#8603,#8604),.UNSPECIFIED.,.F.,
  .F.,(2,2),(0.,1.480059107269E-03),.PIECEWISE_BEZIER_KNOTS.);
#8603 = CARTESIAN_POINT('',(1.015813310447E-03,1.067227010264E-03));
#8604 = CARTESIAN_POINT('',(7.687344849382E-05,-7.687390165081E-05));
#8605 = ( GEOMETRIC_REPRESENTATION_CONTEXT(2) 
PARAMETRIC_REPRESENTATION_CONTEXT() REPRESENTATION_CONTEXT('2D SPACE',''
  ) );
#8606 = ADVANCED_FACE('',(#8607),#4301,.T.);
#8607 = FACE_BOUND('',#8608,.T.);
#8608 = EDGE_LOOP('',(#8609,#8610,#8635));
#8609 = ORIENTED_EDGE('',*,*,#4287,.F.);
#8610 = ORIENTED_EDGE('',*,*,#8611,.F.);
#8611 = EDGE_CURVE('',#8566,#3812,#8612,.T.);
#8612 = SURFACE_CURVE('',#8613,(#8617,#8623),.PCURVE_S1.);
#8613 = LINE('',#8614,#8615);
#8614 = CARTESIAN_POINT('',(-6.277596578002E-03,-4.194555804133E-03,
    2.009257907048E-03));
#8615 = VECTOR('',#8616,1.);
#8616 = DIRECTION('',(-0.412045658263,0.770883428754,-0.485754171139));
#8617 = PCURVE('',#4301,#8618);
#8618 = DEFINITIONAL_REPRESENTATION('',(#8619),#8622);
#8619 = B_SPLINE_CURVE_WITH_KNOTS('',1,(#8620,#8621),.UNSPECIFIED.,.F.,
  .F.,(2,2),(0.,1.69324613631E-03),.PIECEWISE_BEZIER_KNOTS.);
#8620 = CARTESIAN_POINT('',(-5.877008837235E-04,5.635791890459E-04));
#8621 = CARTESIAN_POINT('',(8.92357888338E-04,-2.589221844314E-04));
#8622 = ( GEOMETRIC_REPRESENTATION_CONTEXT(2) 
PARAMETRIC_REPRESENTATION_CONTEXT() REPRESENTATION_CONTEXT('2D SPACE',''
  ) );
#8623 = PCURVE('',#8624,#8629);
#8624 = PLANE('',#8625);
#8625 = AXIS2_PLACEMENT_3D('',#8626,#8627,#8628);
#8626 = CARTESIAN_POINT('',(-6.698251080214E-03,-3.407566356525E-03,
    1.750335722616E-03));
#8627 = DIRECTION('',(0.881921320911,0.471396631004,-2.20431490984E-16)
  );
#8628 = DIRECTION('',(-0.471396631004,0.881921320911,0.));
#8629 = DEFINITIONAL_REPRESENTATION('',(#8630),#8634);
#8630 = LINE('',#8631,#8632);
#8631 = CARTESIAN_POINT('',(-8.92357888338E-04,2.589221844314E-04));
#8632 = VECTOR('',#8633,1.);
#8633 = DIRECTION('',(0.874095466881,-0.485754171139));
#8634 = ( GEOMETRIC_REPRESENTATION_CONTEXT(2) 
PARAMETRIC_REPRESENTATION_CONTEXT() REPRESENTATION_CONTEXT('2D SPACE',''
  ) );
#8635 = ORIENTED_EDGE('',*,*,#8565,.F.);
#8636 = ADVANCED_FACE('',(#8637),#8624,.T.);
#8637 = FACE_BOUND('',#8638,.T.);
#8638 = EDGE_LOOP('',(#8639,#8640,#8662));
#8639 = ORIENTED_EDGE('',*,*,#8611,.T.);
#8640 = ORIENTED_EDGE('',*,*,#8641,.T.);
#8641 = EDGE_CURVE('',#3812,#8642,#8644,.T.);
#8642 = VERTEX_POINT('',#8643);
#8643 = CARTESIAN_POINT('',(-6.97529129684E-03,-2.88926041685E-03,
    2.009257907048E-03));
#8644 = SURFACE_CURVE('',#8645,(#8649,#8656),.PCURVE_S1.);
#8645 = LINE('',#8646,#8647);
#8646 = CARTESIAN_POINT('',(-6.97529129684E-03,-2.88926041685E-03,
    1.186756533571E-03));
#8647 = VECTOR('',#8648,1.);
#8648 = DIRECTION('',(0.,0.,1.));
#8649 = PCURVE('',#8624,#8650);
#8650 = DEFINITIONAL_REPRESENTATION('',(#8651),#8655);
#8651 = LINE('',#8652,#8653);
#8652 = CARTESIAN_POINT('',(5.877008837235E-04,-5.635791890459E-04));
#8653 = VECTOR('',#8654,1.);
#8654 = DIRECTION('',(0.,1.));
#8655 = ( GEOMETRIC_REPRESENTATION_CONTEXT(2) 
PARAMETRIC_REPRESENTATION_CONTEXT() REPRESENTATION_CONTEXT('2D SPACE',''
  ) );
#8656 = PCURVE('',#4189,#8657);
#8657 = DEFINITIONAL_REPRESENTATION('',(#8658),#8661);
#8658 = B_SPLINE_CURVE_WITH_KNOTS('',1,(#8659,#8660),.UNSPECIFIED.,.F.,
  .F.,(2,2),(0.,8.225013734773E-04),.PIECEWISE_BEZIER_KNOTS.);
#8659 = CARTESIAN_POINT('',(-5.877010487607E-04,-2.58922173344E-04));
#8660 = CARTESIAN_POINT('',(-5.877010487607E-04,5.635792001333E-04));
#8661 = ( GEOMETRIC_REPRESENTATION_CONTEXT(2) 
PARAMETRIC_REPRESENTATION_CONTEXT() REPRESENTATION_CONTEXT('2D SPACE',''
  ) );
#8662 = ORIENTED_EDGE('',*,*,#8663,.T.);
#8663 = EDGE_CURVE('',#8642,#8566,#8664,.T.);
#8664 = SURFACE_CURVE('',#8665,(#8669,#8676),.PCURVE_S1.);
#8665 = LINE('',#8666,#8667);
#8666 = CARTESIAN_POINT('',(-6.97529129684E-03,-2.88926041685E-03,
    2.009257907048E-03));
#8667 = VECTOR('',#8668,1.);
#8668 = DIRECTION('',(0.471396631004,-0.881921320911,0.));
#8669 = PCURVE('',#8624,#8670);
#8670 = DEFINITIONAL_REPRESENTATION('',(#8671),#8675);
#8671 = LINE('',#8672,#8673);
#8672 = CARTESIAN_POINT('',(5.877008837235E-04,2.589221844314E-04));
#8673 = VECTOR('',#8674,1.);
#8674 = DIRECTION('',(-1.,2.438326585236E-32));
#8675 = ( GEOMETRIC_REPRESENTATION_CONTEXT(2) 
PARAMETRIC_REPRESENTATION_CONTEXT() REPRESENTATION_CONTEXT('2D SPACE',''
  ) );
#8676 = PCURVE('',#8677,#8682);
#8677 = PLANE('',#8678);
#8678 = AXIS2_PLACEMENT_3D('',#8679,#8680,#8681);
#8679 = CARTESIAN_POINT('',(-6.874850985112E-03,-2.847656506889E-03,
    2.009257907048E-03));
#8680 = DIRECTION('',(-3.535864462674E-29,-1.470568627776E-29,-1.));
#8681 = DIRECTION('',(-1.,0.,3.535864462674E-29));
#8682 = DEFINITIONAL_REPRESENTATION('',(#8683),#8686);
#8683 = B_SPLINE_CURVE_WITH_KNOTS('',1,(#8684,#8685),.UNSPECIFIED.,.F.,
  .F.,(2,2),(0.,1.480058772062E-03),.PIECEWISE_BEZIER_KNOTS.);
#8684 = CARTESIAN_POINT('',(1.004403117279E-04,-4.160390996115E-05));
#8685 = CARTESIAN_POINT('',(-5.972544071099E-04,-1.346899297244E-03));
#8686 = ( GEOMETRIC_REPRESENTATION_CONTEXT(2) 
PARAMETRIC_REPRESENTATION_CONTEXT() REPRESENTATION_CONTEXT('2D SPACE',''
  ) );
#8687 = ADVANCED_FACE('',(#8688),#4189,.T.);
#8688 = FACE_BOUND('',#8689,.T.);
#8689 = EDGE_LOOP('',(#8690,#8691,#8716));
#8690 = ORIENTED_EDGE('',*,*,#4175,.F.);
#8691 = ORIENTED_EDGE('',*,*,#8692,.F.);
#8692 = EDGE_CURVE('',#8642,#4123,#8693,.T.);
#8693 = SURFACE_CURVE('',#8694,(#8698,#8704),.PCURVE_S1.);
#8694 = LINE('',#8695,#8696);
#8695 = CARTESIAN_POINT('',(-6.97529129684E-03,-2.88926041685E-03,
    2.009257907048E-03));
#8696 = VECTOR('',#8697,1.);
#8697 = DIRECTION('',(-0.253736363807,0.836457308364,-0.485754082809));
#8698 = PCURVE('',#4189,#8699);
#8699 = DEFINITIONAL_REPRESENTATION('',(#8700),#8703);
#8700 = B_SPLINE_CURVE_WITH_KNOTS('',1,(#8701,#8702),.UNSPECIFIED.,.F.,
  .F.,(2,2),(0.,1.693246444209E-03),.PIECEWISE_BEZIER_KNOTS.);
#8701 = CARTESIAN_POINT('',(-5.877010487607E-04,5.635792001333E-04));
#8702 = CARTESIAN_POINT('',(8.9235807555E-04,-2.58922173344E-04));
#8703 = ( GEOMETRIC_REPRESENTATION_CONTEXT(2) 
PARAMETRIC_REPRESENTATION_CONTEXT() REPRESENTATION_CONTEXT('2D SPACE',''
  ) );
#8704 = PCURVE('',#8705,#8710);
#8705 = PLANE('',#8706);
#8706 = AXIS2_PLACEMENT_3D('',#8707,#8708,#8709);
#8707 = CARTESIAN_POINT('',(-7.23432899829E-03,-2.035326927504E-03,
    1.750335733704E-03));
#8708 = DIRECTION('',(0.956940395054,0.290284481698,-5.510787514197E-17)
  );
#8709 = DIRECTION('',(-0.290284481698,0.956940395054,0.));
#8710 = DEFINITIONAL_REPRESENTATION('',(#8711),#8715);
#8711 = LINE('',#8712,#8713);
#8712 = CARTESIAN_POINT('',(-8.9235807555E-04,2.58922173344E-04));
#8713 = VECTOR('',#8714,1.);
#8714 = DIRECTION('',(0.874095515967,-0.485754082809));
#8715 = ( GEOMETRIC_REPRESENTATION_CONTEXT(2) 
PARAMETRIC_REPRESENTATION_CONTEXT() REPRESENTATION_CONTEXT('2D SPACE',''
  ) );
#8716 = ORIENTED_EDGE('',*,*,#8641,.F.);
#8717 = ADVANCED_FACE('',(#8718),#8705,.T.);
#8718 = FACE_BOUND('',#8719,.T.);
#8719 = EDGE_LOOP('',(#8720,#8721,#8743));
#8720 = ORIENTED_EDGE('',*,*,#8692,.T.);
#8721 = ORIENTED_EDGE('',*,*,#8722,.T.);
#8722 = EDGE_CURVE('',#4123,#8723,#8725,.T.);
#8723 = VERTEX_POINT('',#8724);
#8724 = CARTESIAN_POINT('',(-7.404929492623E-03,-1.47293205373E-03,
    2.009257907048E-03));
#8725 = SURFACE_CURVE('',#8726,(#8730,#8737),.PCURVE_S1.);
#8726 = LINE('',#8727,#8728);
#8727 = CARTESIAN_POINT('',(-7.404929492623E-03,-1.47293205373E-03,
    1.186756533571E-03));
#8728 = VECTOR('',#8729,1.);
#8729 = DIRECTION('',(0.,0.,1.));
#8730 = PCURVE('',#8705,#8731);
#8731 = DEFINITIONAL_REPRESENTATION('',(#8732),#8736);
#8732 = LINE('',#8733,#8734);
#8733 = CARTESIAN_POINT('',(5.877010487607E-04,-5.635792001333E-04));
#8734 = VECTOR('',#8735,1.);
#8735 = DIRECTION('',(0.,1.));
#8736 = ( GEOMETRIC_REPRESENTATION_CONTEXT(2) 
PARAMETRIC_REPRESENTATION_CONTEXT() REPRESENTATION_CONTEXT('2D SPACE',''
  ) );
#8737 = PCURVE('',#4159,#8738);
#8738 = DEFINITIONAL_REPRESENTATION('',(#8739),#8742);
#8739 = B_SPLINE_CURVE_WITH_KNOTS('',1,(#8740,#8741),.UNSPECIFIED.,.F.,
  .F.,(2,2),(0.,8.225013734773E-04),.PIECEWISE_BEZIER_KNOTS.);
#8740 = CARTESIAN_POINT('',(-5.877009866523E-04,-2.589221775165E-04));
#8741 = CARTESIAN_POINT('',(-5.877009866523E-04,5.635791959608E-04));
#8742 = ( GEOMETRIC_REPRESENTATION_CONTEXT(2) 
PARAMETRIC_REPRESENTATION_CONTEXT() REPRESENTATION_CONTEXT('2D SPACE',''
  ) );
#8743 = ORIENTED_EDGE('',*,*,#8744,.T.);
#8744 = EDGE_CURVE('',#8723,#8642,#8745,.T.);
#8745 = SURFACE_CURVE('',#8746,(#8750,#8757),.PCURVE_S1.);
#8746 = LINE('',#8747,#8748);
#8747 = CARTESIAN_POINT('',(-7.404929492623E-03,-1.47293205373E-03,
    2.009257907048E-03));
#8748 = VECTOR('',#8749,1.);
#8749 = DIRECTION('',(0.290284481698,-0.956940395054,0.));
#8750 = PCURVE('',#8705,#8751);
#8751 = DEFINITIONAL_REPRESENTATION('',(#8752),#8756);
#8752 = LINE('',#8753,#8754);
#8753 = CARTESIAN_POINT('',(5.877010487607E-04,2.58922173344E-04));
#8754 = VECTOR('',#8755,1.);
#8755 = DIRECTION('',(-1.,0.));
#8756 = ( GEOMETRIC_REPRESENTATION_CONTEXT(2) 
PARAMETRIC_REPRESENTATION_CONTEXT() REPRESENTATION_CONTEXT('2D SPACE',''
  ) );
#8757 = PCURVE('',#8677,#8758);
#8758 = DEFINITIONAL_REPRESENTATION('',(#8759),#8762);
#8759 = B_SPLINE_CURVE_WITH_KNOTS('',1,(#8760,#8761),.UNSPECIFIED.,.F.,
  .F.,(2,2),(0.,1.480059124311E-03),.PIECEWISE_BEZIER_KNOTS.);
#8760 = CARTESIAN_POINT('',(5.300785075108E-04,1.374724453159E-03));
#8761 = CARTESIAN_POINT('',(1.004403117279E-04,-4.160390996115E-05));
#8762 = ( GEOMETRIC_REPRESENTATION_CONTEXT(2) 
PARAMETRIC_REPRESENTATION_CONTEXT() REPRESENTATION_CONTEXT('2D SPACE',''
  ) );
#8763 = ADVANCED_FACE('',(#8764),#4159,.T.);
#8764 = FACE_BOUND('',#8765,.T.);
#8765 = EDGE_LOOP('',(#8766,#8767,#8792));
#8766 = ORIENTED_EDGE('',*,*,#4145,.F.);
#8767 = ORIENTED_EDGE('',*,*,#8768,.F.);
#8768 = EDGE_CURVE('',#8723,#4067,#8769,.T.);
#8769 = SURFACE_CURVE('',#8770,(#8774,#8780),.PCURVE_S1.);
#8770 = LINE('',#8771,#8772);
#8771 = CARTESIAN_POINT('',(-7.404929492623E-03,-1.47293205373E-03,
    2.009257907048E-03));
#8772 = VECTOR('',#8773,1.);
#8773 = DIRECTION('',(-8.567663745002E-02,0.869886459565,-0.48575411605)
  );
#8774 = PCURVE('',#4159,#8775);
#8775 = DEFINITIONAL_REPRESENTATION('',(#8776),#8779);
#8776 = B_SPLINE_CURVE_WITH_KNOTS('',1,(#8777,#8778),.UNSPECIFIED.,.F.,
  .F.,(2,2),(0.,1.693246328338E-03),.PIECEWISE_BEZIER_KNOTS.);
#8777 = CARTESIAN_POINT('',(-5.877009866523E-04,5.635791959608E-04));
#8778 = CARTESIAN_POINT('',(8.923580050966E-04,-2.589221775165E-04));
#8779 = ( GEOMETRIC_REPRESENTATION_CONTEXT(2) 
PARAMETRIC_REPRESENTATION_CONTEXT() REPRESENTATION_CONTEXT('2D SPACE',''
  ) );
#8780 = PCURVE('',#8781,#8786);
#8781 = PLANE('',#8782);
#8782 = AXIS2_PLACEMENT_3D('',#8783,#8784,#8785);
#8783 = CARTESIAN_POINT('',(-7.492396175036E-03,-5.848710261379E-04,
    1.750335729531E-03));
#8784 = DIRECTION('',(0.995184693273,9.801747943515E-02,0.));
#8785 = DIRECTION('',(-9.801747943515E-02,0.995184693273,0.));
#8786 = DEFINITIONAL_REPRESENTATION('',(#8787),#8791);
#8787 = LINE('',#8788,#8789);
#8788 = CARTESIAN_POINT('',(-8.923580050966E-04,2.589221775165E-04));
#8789 = VECTOR('',#8790,1.);
#8790 = DIRECTION('',(0.874095497494,-0.48575411605));
#8791 = ( GEOMETRIC_REPRESENTATION_CONTEXT(2) 
PARAMETRIC_REPRESENTATION_CONTEXT() REPRESENTATION_CONTEXT('2D SPACE',''
  ) );
#8792 = ORIENTED_EDGE('',*,*,#8722,.F.);
#8793 = ADVANCED_FACE('',(#8794),#8781,.T.);
#8794 = FACE_BOUND('',#8795,.T.);
#8795 = EDGE_LOOP('',(#8796,#8797,#8819));
#8796 = ORIENTED_EDGE('',*,*,#8768,.T.);
#8797 = ORIENTED_EDGE('',*,*,#8798,.T.);
#8798 = EDGE_CURVE('',#4067,#8799,#8801,.T.);
#8799 = VERTEX_POINT('',#8800);
#8800 = CARTESIAN_POINT('',(-7.550001144409E-03,0.,2.009257907048E-03));
#8801 = SURFACE_CURVE('',#8802,(#8806,#8813),.PCURVE_S1.);
#8802 = LINE('',#8803,#8804);
#8803 = CARTESIAN_POINT('',(-7.550001144409E-03,0.,1.186756533571E-03));
#8804 = VECTOR('',#8805,1.);
#8805 = DIRECTION('',(0.,0.,1.));
#8806 = PCURVE('',#8781,#8807);
#8807 = DEFINITIONAL_REPRESENTATION('',(#8808),#8812);
#8808 = LINE('',#8809,#8810);
#8809 = CARTESIAN_POINT('',(5.877009866523E-04,-5.635791959608E-04));
#8810 = VECTOR('',#8811,1.);
#8811 = DIRECTION('',(0.,1.));
#8812 = ( GEOMETRIC_REPRESENTATION_CONTEXT(2) 
PARAMETRIC_REPRESENTATION_CONTEXT() REPRESENTATION_CONTEXT('2D SPACE',''
  ) );
#8813 = PCURVE('',#4108,#8814);
#8814 = DEFINITIONAL_REPRESENTATION('',(#8815),#8818);
#8815 = B_SPLINE_CURVE_WITH_KNOTS('',1,(#8816,#8817),.UNSPECIFIED.,.F.,
  .F.,(2,2),(0.,8.225013734773E-04),.PIECEWISE_BEZIER_KNOTS.);
#8816 = CARTESIAN_POINT('',(-5.877009866523E-04,-2.589221775165E-04));
#8817 = CARTESIAN_POINT('',(-5.877009866523E-04,5.635791959608E-04));
#8818 = ( GEOMETRIC_REPRESENTATION_CONTEXT(2) 
PARAMETRIC_REPRESENTATION_CONTEXT() REPRESENTATION_CONTEXT('2D SPACE',''
  ) );
#8819 = ORIENTED_EDGE('',*,*,#8820,.T.);
#8820 = EDGE_CURVE('',#8799,#8723,#8821,.T.);
#8821 = SURFACE_CURVE('',#8822,(#8826,#8833),.PCURVE_S1.);
#8822 = LINE('',#8823,#8824);
#8823 = CARTESIAN_POINT('',(-7.550001144409E-03,0.,2.009257907048E-03));
#8824 = VECTOR('',#8825,1.);
#8825 = DIRECTION('',(9.801747943515E-02,-0.995184693273,0.));
#8826 = PCURVE('',#8781,#8827);
#8827 = DEFINITIONAL_REPRESENTATION('',(#8828),#8832);
#8828 = LINE('',#8829,#8830);
#8829 = CARTESIAN_POINT('',(5.877009866523E-04,2.589221775165E-04));
#8830 = VECTOR('',#8831,1.);
#8831 = DIRECTION('',(-1.,0.));
#8832 = ( GEOMETRIC_REPRESENTATION_CONTEXT(2) 
PARAMETRIC_REPRESENTATION_CONTEXT() REPRESENTATION_CONTEXT('2D SPACE',''
  ) );
#8833 = PCURVE('',#8834,#8839);
#8834 = PLANE('',#8835);
#8835 = AXIS2_PLACEMENT_3D('',#8836,#8837,#8838);
#8836 = CARTESIAN_POINT('',(-7.441284936877E-03,0.,2.009257907048E-03));
#8837 = DIRECTION('',(-0.,-0.,-1.));
#8838 = DIRECTION('',(-1.,0.,0.));
#8839 = DEFINITIONAL_REPRESENTATION('',(#8840),#8843);
#8840 = B_SPLINE_CURVE_WITH_KNOTS('',1,(#8841,#8842),.UNSPECIFIED.,.F.,
  .F.,(2,2),(0.,1.480058991749E-03),.PIECEWISE_BEZIER_KNOTS.);
#8841 = CARTESIAN_POINT('',(1.087162075323E-04,0.));
#8842 = CARTESIAN_POINT('',(-3.635544425428E-05,-1.47293205373E-03));
#8843 = ( GEOMETRIC_REPRESENTATION_CONTEXT(2) 
PARAMETRIC_REPRESENTATION_CONTEXT() REPRESENTATION_CONTEXT('2D SPACE',''
  ) );
#8844 = ADVANCED_FACE('',(#8845),#4108,.T.);
#8845 = FACE_BOUND('',#8846,.T.);
#8846 = EDGE_LOOP('',(#8847,#8848,#8873));
#8847 = ORIENTED_EDGE('',*,*,#4094,.F.);
#8848 = ORIENTED_EDGE('',*,*,#8849,.F.);
#8849 = EDGE_CURVE('',#8799,#4011,#8850,.T.);
#8850 = SURFACE_CURVE('',#8851,(#8855,#8861),.PCURVE_S1.);
#8851 = LINE('',#8852,#8853);
#8852 = CARTESIAN_POINT('',(-7.550001144409E-03,0.,2.009257907048E-03));
#8853 = VECTOR('',#8854,1.);
#8854 = DIRECTION('',(8.567663745002E-02,0.869886459565,-0.48575411605)
  );
#8855 = PCURVE('',#4108,#8856);
#8856 = DEFINITIONAL_REPRESENTATION('',(#8857),#8860);
#8857 = B_SPLINE_CURVE_WITH_KNOTS('',1,(#8858,#8859),.UNSPECIFIED.,.F.,
  .F.,(2,2),(0.,1.693246328338E-03),.PIECEWISE_BEZIER_KNOTS.);
#8858 = CARTESIAN_POINT('',(-5.877009866523E-04,5.635791959608E-04));
#8859 = CARTESIAN_POINT('',(8.923580050966E-04,-2.589221775165E-04));
#8860 = ( GEOMETRIC_REPRESENTATION_CONTEXT(2) 
PARAMETRIC_REPRESENTATION_CONTEXT() REPRESENTATION_CONTEXT('2D SPACE',''
  ) );
#8861 = PCURVE('',#8862,#8867);
#8862 = PLANE('',#8863);
#8863 = AXIS2_PLACEMENT_3D('',#8864,#8865,#8866);
#8864 = CARTESIAN_POINT('',(-7.462534461996E-03,8.880610275919E-04,
    1.750335729531E-03));
#8865 = DIRECTION('',(0.995184693273,-9.801747943515E-02,
    -2.755393712015E-17));
#8866 = DIRECTION('',(9.801747943515E-02,0.995184693273,0.));
#8867 = DEFINITIONAL_REPRESENTATION('',(#8868),#8872);
#8868 = LINE('',#8869,#8870);
#8869 = CARTESIAN_POINT('',(-8.923580050966E-04,2.589221775165E-04));
#8870 = VECTOR('',#8871,1.);
#8871 = DIRECTION('',(0.874095497494,-0.48575411605));
#8872 = ( GEOMETRIC_REPRESENTATION_CONTEXT(2) 
PARAMETRIC_REPRESENTATION_CONTEXT() REPRESENTATION_CONTEXT('2D SPACE',''
  ) );
#8873 = ORIENTED_EDGE('',*,*,#8798,.F.);
#8874 = ADVANCED_FACE('',(#8875),#8862,.T.);
#8875 = FACE_BOUND('',#8876,.T.);
#8876 = EDGE_LOOP('',(#8877,#8878,#8900));
#8877 = ORIENTED_EDGE('',*,*,#8849,.T.);
#8878 = ORIENTED_EDGE('',*,*,#8879,.T.);
#8879 = EDGE_CURVE('',#4011,#8880,#8882,.T.);
#8880 = VERTEX_POINT('',#8881);
#8881 = CARTESIAN_POINT('',(-7.404929492623E-03,1.47293205373E-03,
    2.009257907048E-03));
#8882 = SURFACE_CURVE('',#8883,(#8887,#8894),.PCURVE_S1.);
#8883 = LINE('',#8884,#8885);
#8884 = CARTESIAN_POINT('',(-7.404929492623E-03,1.47293205373E-03,
    1.186756533571E-03));
#8885 = VECTOR('',#8886,1.);
#8886 = DIRECTION('',(0.,0.,1.));
#8887 = PCURVE('',#8862,#8888);
#8888 = DEFINITIONAL_REPRESENTATION('',(#8889),#8893);
#8889 = LINE('',#8890,#8891);
#8890 = CARTESIAN_POINT('',(5.877009866523E-04,-5.635791959608E-04));
#8891 = VECTOR('',#8892,1.);
#8892 = DIRECTION('',(0.,1.));
#8893 = ( GEOMETRIC_REPRESENTATION_CONTEXT(2) 
PARAMETRIC_REPRESENTATION_CONTEXT() REPRESENTATION_CONTEXT('2D SPACE',''
  ) );
#8894 = PCURVE('',#4052,#8895);
#8895 = DEFINITIONAL_REPRESENTATION('',(#8896),#8899);
#8896 = B_SPLINE_CURVE_WITH_KNOTS('',1,(#8897,#8898),.UNSPECIFIED.,.F.,
  .F.,(2,2),(0.,8.225013734773E-04),.PIECEWISE_BEZIER_KNOTS.);
#8897 = CARTESIAN_POINT('',(-5.877010487607E-04,-2.58922173344E-04));
#8898 = CARTESIAN_POINT('',(-5.877010487607E-04,5.635792001333E-04));
#8899 = ( GEOMETRIC_REPRESENTATION_CONTEXT(2) 
PARAMETRIC_REPRESENTATION_CONTEXT() REPRESENTATION_CONTEXT('2D SPACE',''
  ) );
#8900 = ORIENTED_EDGE('',*,*,#8901,.T.);
#8901 = EDGE_CURVE('',#8880,#8799,#8902,.T.);
#8902 = SURFACE_CURVE('',#8903,(#8907,#8914),.PCURVE_S1.);
#8903 = LINE('',#8904,#8905);
#8904 = CARTESIAN_POINT('',(-7.404929492623E-03,1.47293205373E-03,
    2.009257907048E-03));
#8905 = VECTOR('',#8906,1.);
#8906 = DIRECTION('',(-9.801747943515E-02,-0.995184693273,0.));
#8907 = PCURVE('',#8862,#8908);
#8908 = DEFINITIONAL_REPRESENTATION('',(#8909),#8913);
#8909 = LINE('',#8910,#8911);
#8910 = CARTESIAN_POINT('',(5.877009866523E-04,2.589221775165E-04));
#8911 = VECTOR('',#8912,1.);
#8912 = DIRECTION('',(-1.,3.823876926233E-34));
#8913 = ( GEOMETRIC_REPRESENTATION_CONTEXT(2) 
PARAMETRIC_REPRESENTATION_CONTEXT() REPRESENTATION_CONTEXT('2D SPACE',''
  ) );
#8914 = PCURVE('',#8834,#8915);
#8915 = DEFINITIONAL_REPRESENTATION('',(#8916),#8919);
#8916 = B_SPLINE_CURVE_WITH_KNOTS('',1,(#8917,#8918),.UNSPECIFIED.,.F.,
  .F.,(2,2),(0.,1.480058991749E-03),.PIECEWISE_BEZIER_KNOTS.);
#8917 = CARTESIAN_POINT('',(-3.635544425428E-05,1.47293205373E-03));
#8918 = CARTESIAN_POINT('',(1.087162075323E-04,0.));
#8919 = ( GEOMETRIC_REPRESENTATION_CONTEXT(2) 
PARAMETRIC_REPRESENTATION_CONTEXT() REPRESENTATION_CONTEXT('2D SPACE',''
  ) );
#8920 = ADVANCED_FACE('',(#8921),#4052,.T.);
#8921 = FACE_BOUND('',#8922,.T.);
#8922 = EDGE_LOOP('',(#8923,#8924,#8949));
#8923 = ORIENTED_EDGE('',*,*,#4038,.F.);
#8924 = ORIENTED_EDGE('',*,*,#8925,.F.);
#8925 = EDGE_CURVE('',#8880,#3955,#8926,.T.);
#8926 = SURFACE_CURVE('',#8927,(#8931,#8937),.PCURVE_S1.);
#8927 = LINE('',#8928,#8929);
#8928 = CARTESIAN_POINT('',(-7.404929492623E-03,1.47293205373E-03,
    2.009257907048E-03));
#8929 = VECTOR('',#8930,1.);
#8930 = DIRECTION('',(0.253736363807,0.836457308364,-0.485754082809));
#8931 = PCURVE('',#4052,#8932);
#8932 = DEFINITIONAL_REPRESENTATION('',(#8933),#8936);
#8933 = B_SPLINE_CURVE_WITH_KNOTS('',1,(#8934,#8935),.UNSPECIFIED.,.F.,
  .F.,(2,2),(0.,1.693246444209E-03),.PIECEWISE_BEZIER_KNOTS.);
#8934 = CARTESIAN_POINT('',(-5.877010487607E-04,5.635792001333E-04));
#8935 = CARTESIAN_POINT('',(8.9235807555E-04,-2.58922173344E-04));
#8936 = ( GEOMETRIC_REPRESENTATION_CONTEXT(2) 
PARAMETRIC_REPRESENTATION_CONTEXT() REPRESENTATION_CONTEXT('2D SPACE',''
  ) );
#8937 = PCURVE('',#8938,#8943);
#8938 = PLANE('',#8939);
#8939 = AXIS2_PLACEMENT_3D('',#8940,#8941,#8942);
#8940 = CARTESIAN_POINT('',(-7.145891791173E-03,2.326865543076E-03,
    1.750335733704E-03));
#8941 = DIRECTION('',(0.956940395054,-0.290284481698,0.));
#8942 = DIRECTION('',(0.290284481698,0.956940395054,0.));
#8943 = DEFINITIONAL_REPRESENTATION('',(#8944),#8948);
#8944 = LINE('',#8945,#8946);
#8945 = CARTESIAN_POINT('',(-8.9235807555E-04,2.58922173344E-04));
#8946 = VECTOR('',#8947,1.);
#8947 = DIRECTION('',(0.874095515967,-0.485754082809));
#8948 = ( GEOMETRIC_REPRESENTATION_CONTEXT(2) 
PARAMETRIC_REPRESENTATION_CONTEXT() REPRESENTATION_CONTEXT('2D SPACE',''
  ) );
#8949 = ORIENTED_EDGE('',*,*,#8879,.F.);
#8950 = ADVANCED_FACE('',(#8951),#8938,.T.);
#8951 = FACE_BOUND('',#8952,.T.);
#8952 = EDGE_LOOP('',(#8953,#8954,#8976));
#8953 = ORIENTED_EDGE('',*,*,#8925,.T.);
#8954 = ORIENTED_EDGE('',*,*,#8955,.T.);
#8955 = EDGE_CURVE('',#3955,#8956,#8958,.T.);
#8956 = VERTEX_POINT('',#8957);
#8957 = CARTESIAN_POINT('',(-6.97529129684E-03,2.88926041685E-03,
    2.009257907048E-03));
#8958 = SURFACE_CURVE('',#8959,(#8963,#8970),.PCURVE_S1.);
#8959 = LINE('',#8960,#8961);
#8960 = CARTESIAN_POINT('',(-6.97529129684E-03,2.88926041685E-03,
    1.186756533571E-03));
#8961 = VECTOR('',#8962,1.);
#8962 = DIRECTION('',(0.,0.,1.));
#8963 = PCURVE('',#8938,#8964);
#8964 = DEFINITIONAL_REPRESENTATION('',(#8965),#8969);
#8965 = LINE('',#8966,#8967);
#8966 = CARTESIAN_POINT('',(5.877010487607E-04,-5.635792001333E-04));
#8967 = VECTOR('',#8968,1.);
#8968 = DIRECTION('',(0.,1.));
#8969 = ( GEOMETRIC_REPRESENTATION_CONTEXT(2) 
PARAMETRIC_REPRESENTATION_CONTEXT() REPRESENTATION_CONTEXT('2D SPACE',''
  ) );
#8970 = PCURVE('',#3996,#8971);
#8971 = DEFINITIONAL_REPRESENTATION('',(#8972),#8975);
#8972 = B_SPLINE_CURVE_WITH_KNOTS('',1,(#8973,#8974),.UNSPECIFIED.,.F.,
  .F.,(2,2),(0.,8.225013734773E-04),.PIECEWISE_BEZIER_KNOTS.);
#8973 = CARTESIAN_POINT('',(-5.877008837235E-04,-2.589221844314E-04));
#8974 = CARTESIAN_POINT('',(-5.877008837235E-04,5.635791890459E-04));
#8975 = ( GEOMETRIC_REPRESENTATION_CONTEXT(2) 
PARAMETRIC_REPRESENTATION_CONTEXT() REPRESENTATION_CONTEXT('2D SPACE',''
  ) );
#8976 = ORIENTED_EDGE('',*,*,#8977,.T.);
#8977 = EDGE_CURVE('',#8956,#8880,#8978,.T.);
#8978 = SURFACE_CURVE('',#8979,(#8983,#8990),.PCURVE_S1.);
#8979 = LINE('',#8980,#8981);
#8980 = CARTESIAN_POINT('',(-6.97529129684E-03,2.88926041685E-03,
    2.009257907048E-03));
#8981 = VECTOR('',#8982,1.);
#8982 = DIRECTION('',(-0.290284481698,-0.956940395054,0.));
#8983 = PCURVE('',#8938,#8984);
#8984 = DEFINITIONAL_REPRESENTATION('',(#8985),#8989);
#8985 = LINE('',#8986,#8987);
#8986 = CARTESIAN_POINT('',(5.877010487607E-04,2.58922173344E-04));
#8987 = VECTOR('',#8988,1.);
#8988 = DIRECTION('',(-1.,0.));
#8989 = ( GEOMETRIC_REPRESENTATION_CONTEXT(2) 
PARAMETRIC_REPRESENTATION_CONTEXT() REPRESENTATION_CONTEXT('2D SPACE',''
  ) );
#8990 = PCURVE('',#8991,#8996);
#8991 = PLANE('',#8992);
#8992 = AXIS2_PLACEMENT_3D('',#8993,#8994,#8995);
#8993 = CARTESIAN_POINT('',(-6.874850985112E-03,2.847656506889E-03,
    2.009257907048E-03));
#8994 = DIRECTION('',(-0.,-0.,-1.));
#8995 = DIRECTION('',(-1.,0.,0.));
#8996 = DEFINITIONAL_REPRESENTATION('',(#8997),#9000);
#8997 = B_SPLINE_CURVE_WITH_KNOTS('',1,(#8998,#8999),.UNSPECIFIED.,.F.,
  .F.,(2,2),(0.,1.480059124311E-03),.PIECEWISE_BEZIER_KNOTS.);
#8998 = CARTESIAN_POINT('',(1.004403117279E-04,4.160390996115E-05));
#8999 = CARTESIAN_POINT('',(5.300785075108E-04,-1.374724453159E-03));
#9000 = ( GEOMETRIC_REPRESENTATION_CONTEXT(2) 
PARAMETRIC_REPRESENTATION_CONTEXT() REPRESENTATION_CONTEXT('2D SPACE',''
  ) );
#9001 = ADVANCED_FACE('',(#9002),#3996,.T.);
#9002 = FACE_BOUND('',#9003,.T.);
#9003 = EDGE_LOOP('',(#9004,#9005,#9030));
#9004 = ORIENTED_EDGE('',*,*,#3982,.F.);
#9005 = ORIENTED_EDGE('',*,*,#9006,.F.);
#9006 = EDGE_CURVE('',#8956,#3868,#9007,.T.);
#9007 = SURFACE_CURVE('',#9008,(#9012,#9018),.PCURVE_S1.);
#9008 = LINE('',#9009,#9010);
#9009 = CARTESIAN_POINT('',(-6.97529129684E-03,2.88926041685E-03,
    2.009257907048E-03));
#9010 = VECTOR('',#9011,1.);
#9011 = DIRECTION('',(0.412045658263,0.770883428754,-0.485754171139));
#9012 = PCURVE('',#3996,#9013);
#9013 = DEFINITIONAL_REPRESENTATION('',(#9014),#9017);
#9014 = B_SPLINE_CURVE_WITH_KNOTS('',1,(#9015,#9016),.UNSPECIFIED.,.F.,
  .F.,(2,2),(0.,1.69324613631E-03),.PIECEWISE_BEZIER_KNOTS.);
#9015 = CARTESIAN_POINT('',(-5.877008837235E-04,5.635791890459E-04));
#9016 = CARTESIAN_POINT('',(8.92357888338E-04,-2.589221844314E-04));
#9017 = ( GEOMETRIC_REPRESENTATION_CONTEXT(2) 
PARAMETRIC_REPRESENTATION_CONTEXT() REPRESENTATION_CONTEXT('2D SPACE',''
  ) );
#9018 = PCURVE('',#9019,#9024);
#9019 = PLANE('',#9020);
#9020 = AXIS2_PLACEMENT_3D('',#9021,#9022,#9023);
#9021 = CARTESIAN_POINT('',(-6.554636794627E-03,3.676249864459E-03,
    1.750335722616E-03));
#9022 = DIRECTION('',(0.881921320911,-0.471396631004,-1.10215745492E-16)
  );
#9023 = DIRECTION('',(0.471396631004,0.881921320911,6.162975822039E-33)
  );
#9024 = DEFINITIONAL_REPRESENTATION('',(#9025),#9029);
#9025 = LINE('',#9026,#9027);
#9026 = CARTESIAN_POINT('',(-8.92357888338E-04,2.589221844314E-04));
#9027 = VECTOR('',#9028,1.);
#9028 = DIRECTION('',(0.874095466881,-0.485754171139));
#9029 = ( GEOMETRIC_REPRESENTATION_CONTEXT(2) 
PARAMETRIC_REPRESENTATION_CONTEXT() REPRESENTATION_CONTEXT('2D SPACE',''
  ) );
#9030 = ORIENTED_EDGE('',*,*,#8955,.F.);
#9031 = ADVANCED_FACE('',(#9032),#9019,.T.);
#9032 = FACE_BOUND('',#9033,.T.);
#9033 = EDGE_LOOP('',(#9034,#9035,#9057));
#9034 = ORIENTED_EDGE('',*,*,#9006,.T.);
#9035 = ORIENTED_EDGE('',*,*,#9036,.T.);
#9036 = EDGE_CURVE('',#3868,#9037,#9039,.T.);
#9037 = VERTEX_POINT('',#9038);
#9038 = CARTESIAN_POINT('',(-6.277596578002E-03,4.194555804133E-03,
    2.009257907048E-03));
#9039 = SURFACE_CURVE('',#9040,(#9044,#9051),.PCURVE_S1.);
#9040 = LINE('',#9041,#9042);
#9041 = CARTESIAN_POINT('',(-6.277596578002E-03,4.194555804133E-03,
    1.186756533571E-03));
#9042 = VECTOR('',#9043,1.);
#9043 = DIRECTION('',(0.,0.,1.));
#9044 = PCURVE('',#9019,#9045);
#9045 = DEFINITIONAL_REPRESENTATION('',(#9046),#9050);
#9046 = LINE('',#9047,#9048);
#9047 = CARTESIAN_POINT('',(5.877008837235E-04,-5.635791890459E-04));
#9048 = VECTOR('',#9049,1.);
#9049 = DIRECTION('',(0.,1.));
#9050 = ( GEOMETRIC_REPRESENTATION_CONTEXT(2) 
PARAMETRIC_REPRESENTATION_CONTEXT() REPRESENTATION_CONTEXT('2D SPACE',''
  ) );
#9051 = PCURVE('',#3940,#9052);
#9052 = DEFINITIONAL_REPRESENTATION('',(#9053),#9056);
#9053 = B_SPLINE_CURVE_WITH_KNOTS('',1,(#9054,#9055),.UNSPECIFIED.,.F.,
  .F.,(2,2),(0.,8.225013734773E-04),.PIECEWISE_BEZIER_KNOTS.);
#9054 = CARTESIAN_POINT('',(-5.877010407763E-04,-2.589221738804E-04));
#9055 = CARTESIAN_POINT('',(-5.877010407763E-04,5.635791995969E-04));
#9056 = ( GEOMETRIC_REPRESENTATION_CONTEXT(2) 
PARAMETRIC_REPRESENTATION_CONTEXT() REPRESENTATION_CONTEXT('2D SPACE',''
  ) );
#9057 = ORIENTED_EDGE('',*,*,#9058,.T.);
#9058 = EDGE_CURVE('',#9037,#8956,#9059,.T.);
#9059 = SURFACE_CURVE('',#9060,(#9064,#9071),.PCURVE_S1.);
#9060 = LINE('',#9061,#9062);
#9061 = CARTESIAN_POINT('',(-6.277596578002E-03,4.194555804133E-03,
    2.009257907048E-03));
#9062 = VECTOR('',#9063,1.);
#9063 = DIRECTION('',(-0.471396631004,-0.881921320911,0.));
#9064 = PCURVE('',#9019,#9065);
#9065 = DEFINITIONAL_REPRESENTATION('',(#9066),#9070);
#9066 = LINE('',#9067,#9068);
#9067 = CARTESIAN_POINT('',(5.877008837235E-04,2.589221844314E-04));
#9068 = VECTOR('',#9069,1.);
#9069 = DIRECTION('',(-1.,6.207748728006E-33));
#9070 = ( GEOMETRIC_REPRESENTATION_CONTEXT(2) 
PARAMETRIC_REPRESENTATION_CONTEXT() REPRESENTATION_CONTEXT('2D SPACE',''
  ) );
#9071 = PCURVE('',#8991,#9072);
#9072 = DEFINITIONAL_REPRESENTATION('',(#9073),#9076);
#9073 = B_SPLINE_CURVE_WITH_KNOTS('',1,(#9074,#9075),.UNSPECIFIED.,.F.,
  .F.,(2,2),(0.,1.480058772062E-03),.PIECEWISE_BEZIER_KNOTS.);
#9074 = CARTESIAN_POINT('',(-5.972544071099E-04,1.346899297244E-03));
#9075 = CARTESIAN_POINT('',(1.004403117279E-04,4.160390996115E-05));
#9076 = ( GEOMETRIC_REPRESENTATION_CONTEXT(2) 
PARAMETRIC_REPRESENTATION_CONTEXT() REPRESENTATION_CONTEXT('2D SPACE',''
  ) );
#9077 = ADVANCED_FACE('',(#9078),#3940,.T.);
#9078 = FACE_BOUND('',#9079,.T.);
#9079 = EDGE_LOOP('',(#9080,#9081,#9106));
#9080 = ORIENTED_EDGE('',*,*,#3926,.F.);
#9081 = ORIENTED_EDGE('',*,*,#9082,.F.);
#9082 = EDGE_CURVE('',#9037,#3900,#9083,.T.);
#9083 = SURFACE_CURVE('',#9084,(#9088,#9094),.PCURVE_S1.);
#9084 = LINE('',#9085,#9086);
#9085 = CARTESIAN_POINT('',(-6.277596578002E-03,4.194555804133E-03,
    2.009257907048E-03));
#9086 = VECTOR('',#9087,1.);
#9087 = DIRECTION('',(0.554520503158,0.675684821836,-0.485754087083));
#9088 = PCURVE('',#3940,#9089);
#9089 = DEFINITIONAL_REPRESENTATION('',(#9090),#9093);
#9090 = B_SPLINE_CURVE_WITH_KNOTS('',1,(#9091,#9092),.UNSPECIFIED.,.F.,
  .F.,(2,2),(0.,1.693246429313E-03),.PIECEWISE_BEZIER_KNOTS.);
#9091 = CARTESIAN_POINT('',(-5.877010407763E-04,5.635791995969E-04));
#9092 = CARTESIAN_POINT('',(8.923580664928E-04,-2.589221738804E-04));
#9093 = ( GEOMETRIC_REPRESENTATION_CONTEXT(2) 
PARAMETRIC_REPRESENTATION_CONTEXT() REPRESENTATION_CONTEXT('2D SPACE',''
  ) );
#9094 = PCURVE('',#9095,#9100);
#9095 = PLANE('',#9096);
#9096 = AXIS2_PLACEMENT_3D('',#9097,#9098,#9099);
#9097 = CARTESIAN_POINT('',(-5.71149043018E-03,4.884357767187E-03,
    1.750335733167E-03));
#9098 = DIRECTION('',(0.773010284722,-0.634393489653,0.));
#9099 = DIRECTION('',(0.634393489653,0.773010284722,0.));
#9100 = DEFINITIONAL_REPRESENTATION('',(#9101),#9105);
#9101 = LINE('',#9102,#9103);
#9102 = CARTESIAN_POINT('',(-8.923580664928E-04,2.589221738804E-04));
#9103 = VECTOR('',#9104,1.);
#9104 = DIRECTION('',(0.874095513592,-0.485754087083));
#9105 = ( GEOMETRIC_REPRESENTATION_CONTEXT(2) 
PARAMETRIC_REPRESENTATION_CONTEXT() REPRESENTATION_CONTEXT('2D SPACE',''
  ) );
#9106 = ORIENTED_EDGE('',*,*,#9036,.F.);
#9107 = ADVANCED_FACE('',(#9108),#9095,.T.);
#9108 = FACE_BOUND('',#9109,.T.);
#9109 = EDGE_LOOP('',(#9110,#9111,#9133));
#9110 = ORIENTED_EDGE('',*,*,#9082,.T.);
#9111 = ORIENTED_EDGE('',*,*,#9112,.T.);
#9112 = EDGE_CURVE('',#3900,#9113,#9115,.T.);
#9113 = VERTEX_POINT('',#9114);
#9114 = CARTESIAN_POINT('',(-5.338656716049E-03,5.338656716049E-03,
    2.009257907048E-03));
#9115 = SURFACE_CURVE('',#9116,(#9120,#9127),.PCURVE_S1.);
#9116 = LINE('',#9117,#9118);
#9117 = CARTESIAN_POINT('',(-5.338656716049E-03,5.338656716049E-03,
    1.186756533571E-03));
#9118 = VECTOR('',#9119,1.);
#9119 = DIRECTION('',(0.,0.,1.));
#9120 = PCURVE('',#9095,#9121);
#9121 = DEFINITIONAL_REPRESENTATION('',(#9122),#9126);
#9122 = LINE('',#9123,#9124);
#9123 = CARTESIAN_POINT('',(5.877010407763E-04,-5.635791995969E-04));
#9124 = VECTOR('',#9125,1.);
#9125 = DIRECTION('',(0.,1.));
#9126 = ( GEOMETRIC_REPRESENTATION_CONTEXT(2) 
PARAMETRIC_REPRESENTATION_CONTEXT() REPRESENTATION_CONTEXT('2D SPACE',''
  ) );
#9127 = PCURVE('',#6532,#9128);
#9128 = DEFINITIONAL_REPRESENTATION('',(#9129),#9132);
#9129 = B_SPLINE_CURVE_WITH_KNOTS('',1,(#9130,#9131),.UNSPECIFIED.,.F.,
  .F.,(2,2),(0.,8.225013734773E-04),.PIECEWISE_BEZIER_KNOTS.);
#9130 = CARTESIAN_POINT('',(5.877007639608E-04,2.589221924772E-04));
#9131 = CARTESIAN_POINT('',(5.877007639608E-04,-5.63579181E-04));
#9132 = ( GEOMETRIC_REPRESENTATION_CONTEXT(2) 
PARAMETRIC_REPRESENTATION_CONTEXT() REPRESENTATION_CONTEXT('2D SPACE',''
  ) );
#9133 = ORIENTED_EDGE('',*,*,#9134,.T.);
#9134 = EDGE_CURVE('',#9113,#9037,#9135,.T.);
#9135 = SURFACE_CURVE('',#9136,(#9140,#9147),.PCURVE_S1.);
#9136 = LINE('',#9137,#9138);
#9137 = CARTESIAN_POINT('',(-5.338656716049E-03,5.338656716049E-03,
    2.009257907048E-03));
#9138 = VECTOR('',#9139,1.);
#9139 = DIRECTION('',(-0.634393489653,-0.773010284722,0.));
#9140 = PCURVE('',#9095,#9141);
#9141 = DEFINITIONAL_REPRESENTATION('',(#9142),#9146);
#9142 = LINE('',#9143,#9144);
#9143 = CARTESIAN_POINT('',(5.877010407763E-04,2.589221738804E-04));
#9144 = VECTOR('',#9145,1.);
#9145 = DIRECTION('',(-1.,0.));
#9146 = ( GEOMETRIC_REPRESENTATION_CONTEXT(2) 
PARAMETRIC_REPRESENTATION_CONTEXT() REPRESENTATION_CONTEXT('2D SPACE',''
  ) );
#9147 = PCURVE('',#9148,#9153);
#9148 = PLANE('',#9149);
#9149 = AXIS2_PLACEMENT_3D('',#9150,#9151,#9152);
#9150 = CARTESIAN_POINT('',(-5.261783267555E-03,5.261782814398E-03,
    2.009257907048E-03));
#9151 = DIRECTION('',(-0.,-0.,-1.));
#9152 = DIRECTION('',(-1.,0.,0.));
#9153 = DEFINITIONAL_REPRESENTATION('',(#9154),#9157);
#9154 = B_SPLINE_CURVE_WITH_KNOTS('',1,(#9155,#9156),.UNSPECIFIED.,.F.,
  .F.,(2,2),(0.,1.480059107269E-03),.PIECEWISE_BEZIER_KNOTS.);
#9155 = CARTESIAN_POINT('',(7.687344849382E-05,7.687390165081E-05));
#9156 = CARTESIAN_POINT('',(1.015813310447E-03,-1.067227010264E-03));
#9157 = ( GEOMETRIC_REPRESENTATION_CONTEXT(2) 
PARAMETRIC_REPRESENTATION_CONTEXT() REPRESENTATION_CONTEXT('2D SPACE',''
  ) );
#9158 = ADVANCED_FACE('',(#9159),#6532,.T.);
#9159 = FACE_BOUND('',#9160,.T.);
#9160 = EDGE_LOOP('',(#9161,#9162,#9187));
#9161 = ORIENTED_EDGE('',*,*,#6518,.F.);
#9162 = ORIENTED_EDGE('',*,*,#9163,.F.);
#9163 = EDGE_CURVE('',#9113,#6492,#9164,.T.);
#9164 = SURFACE_CURVE('',#9165,(#9169,#9175),.PCURVE_S1.);
#9165 = LINE('',#9166,#9167);
#9166 = CARTESIAN_POINT('',(-5.338656716049E-03,5.338656716049E-03,
    2.009257907048E-03));
#9167 = VECTOR('',#9168,1.);
#9168 = DIRECTION('',(0.675685027919,0.554520122264,-0.485754235237));
#9169 = PCURVE('',#6532,#9170);
#9170 = DEFINITIONAL_REPRESENTATION('',(#9171),#9174);
#9171 = B_SPLINE_CURVE_WITH_KNOTS('',1,(#9172,#9173),.UNSPECIFIED.,.F.,
  .F.,(2,2),(0.,1.693245912876E-03),.PIECEWISE_BEZIER_KNOTS.);
#9172 = CARTESIAN_POINT('',(5.877007639608E-04,-5.63579181E-04));
#9173 = CARTESIAN_POINT('',(-8.923577524835E-04,2.589221924772E-04));
#9174 = ( GEOMETRIC_REPRESENTATION_CONTEXT(2) 
PARAMETRIC_REPRESENTATION_CONTEXT() REPRESENTATION_CONTEXT('2D SPACE',''
  ) );
#9175 = PCURVE('',#9176,#9181);
#9176 = PLANE('',#9177);
#9177 = AXIS2_PLACEMENT_3D('',#9178,#9179,#9180);
#9178 = CARTESIAN_POINT('',(-4.648854720366E-03,5.904762329136E-03,
    1.750335714571E-03));
#9179 = DIRECTION('',(0.63439311365,-0.7730105933,-1.102157420146E-16));
#9180 = DIRECTION('',(-0.7730105933,-0.63439311365,-6.162975822039E-33)
  );
#9181 = DEFINITIONAL_REPRESENTATION('',(#9182),#9186);
#9182 = LINE('',#9183,#9184);
#9183 = CARTESIAN_POINT('',(8.923577524835E-04,-2.589221924772E-04));
#9184 = VECTOR('',#9185,1.);
#9185 = DIRECTION('',(-0.87409543126,0.485754235237));
#9186 = ( GEOMETRIC_REPRESENTATION_CONTEXT(2) 
PARAMETRIC_REPRESENTATION_CONTEXT() REPRESENTATION_CONTEXT('2D SPACE',''
  ) );
#9187 = ORIENTED_EDGE('',*,*,#9112,.F.);
#9188 = ADVANCED_FACE('',(#9189),#9176,.T.);
#9189 = FACE_BOUND('',#9190,.T.);
#9190 = EDGE_LOOP('',(#9191,#9192,#9214));
#9191 = ORIENTED_EDGE('',*,*,#9163,.T.);
#9192 = ORIENTED_EDGE('',*,*,#9193,.T.);
#9193 = EDGE_CURVE('',#6492,#9194,#9196,.T.);
#9194 = VERTEX_POINT('',#9195);
#9195 = CARTESIAN_POINT('',(-4.194555804133E-03,6.277595646679E-03,
    2.009257907048E-03));
#9196 = SURFACE_CURVE('',#9197,(#9201,#9208),.PCURVE_S1.);
#9197 = LINE('',#9198,#9199);
#9198 = CARTESIAN_POINT('',(-4.194555804133E-03,6.277595646679E-03,
    1.186756533571E-03));
#9199 = VECTOR('',#9200,1.);
#9200 = DIRECTION('',(0.,0.,1.));
#9201 = PCURVE('',#9176,#9202);
#9202 = DEFINITIONAL_REPRESENTATION('',(#9203),#9207);
#9203 = LINE('',#9204,#9205);
#9204 = CARTESIAN_POINT('',(-5.877007639608E-04,5.63579181E-04));
#9205 = VECTOR('',#9206,1.);
#9206 = DIRECTION('',(-1.232595164408E-32,-1.));
#9207 = ( GEOMETRIC_REPRESENTATION_CONTEXT(2) 
PARAMETRIC_REPRESENTATION_CONTEXT() REPRESENTATION_CONTEXT('2D SPACE',''
  ) );
#9208 = PCURVE('',#6695,#9209);
#9209 = DEFINITIONAL_REPRESENTATION('',(#9210),#9213);
#9210 = B_SPLINE_CURVE_WITH_KNOTS('',1,(#9211,#9212),.UNSPECIFIED.,.F.,
  .F.,(2,2),(0.,8.225013734773E-04),.PIECEWISE_BEZIER_KNOTS.);
#9211 = CARTESIAN_POINT('',(5.877008903639E-04,2.589221839853E-04));
#9212 = CARTESIAN_POINT('',(5.877008903639E-04,-5.63579189492E-04));
#9213 = ( GEOMETRIC_REPRESENTATION_CONTEXT(2) 
PARAMETRIC_REPRESENTATION_CONTEXT() REPRESENTATION_CONTEXT('2D SPACE',''
  ) );
#9214 = ORIENTED_EDGE('',*,*,#9215,.T.);
#9215 = EDGE_CURVE('',#9194,#9113,#9216,.T.);
#9216 = SURFACE_CURVE('',#9217,(#9221,#9228),.PCURVE_S1.);
#9217 = LINE('',#9218,#9219);
#9218 = CARTESIAN_POINT('',(-4.194555804133E-03,6.277595646679E-03,
    2.009257907048E-03));
#9219 = VECTOR('',#9220,1.);
#9220 = DIRECTION('',(-0.7730105933,-0.63439311365,0.));
#9221 = PCURVE('',#9176,#9222);
#9222 = DEFINITIONAL_REPRESENTATION('',(#9223),#9227);
#9223 = LINE('',#9224,#9225);
#9224 = CARTESIAN_POINT('',(-5.877007639608E-04,-2.589221924772E-04));
#9225 = VECTOR('',#9226,1.);
#9226 = DIRECTION('',(1.,-6.11820272304E-33));
#9227 = ( GEOMETRIC_REPRESENTATION_CONTEXT(2) 
PARAMETRIC_REPRESENTATION_CONTEXT() REPRESENTATION_CONTEXT('2D SPACE',''
  ) );
#9228 = PCURVE('',#9148,#9229);
#9229 = DEFINITIONAL_REPRESENTATION('',(#9230),#9233);
#9230 = B_SPLINE_CURVE_WITH_KNOTS('',1,(#9231,#9232),.UNSPECIFIED.,.F.,
  .F.,(2,2),(0.,1.480058516444E-03),.PIECEWISE_BEZIER_KNOTS.);
#9231 = CARTESIAN_POINT('',(-1.067227463421E-03,1.015812832281E-03));
#9232 = CARTESIAN_POINT('',(7.687344849382E-05,7.687390165081E-05));
#9233 = ( GEOMETRIC_REPRESENTATION_CONTEXT(2) 
PARAMETRIC_REPRESENTATION_CONTEXT() REPRESENTATION_CONTEXT('2D SPACE',''
  ) );
#9234 = ADVANCED_FACE('',(#9235),#6695,.T.);
#9235 = FACE_BOUND('',#9236,.T.);
#9236 = EDGE_LOOP('',(#9237,#9238,#9263));
#9237 = ORIENTED_EDGE('',*,*,#6681,.F.);
#9238 = ORIENTED_EDGE('',*,*,#9239,.F.);
#9239 = EDGE_CURVE('',#9194,#6655,#9240,.T.);
#9240 = SURFACE_CURVE('',#9241,(#9245,#9251),.PCURVE_S1.);
#9241 = LINE('',#9242,#9243);
#9242 = CARTESIAN_POINT('',(-4.194555804133E-03,6.277595646679E-03,
    2.009257907048E-03));
#9243 = VECTOR('',#9244,1.);
#9244 = DIRECTION('',(0.770883285608,0.41204593026,-0.485754167585));
#9245 = PCURVE('',#6695,#9246);
#9246 = DEFINITIONAL_REPRESENTATION('',(#9247),#9250);
#9247 = B_SPLINE_CURVE_WITH_KNOTS('',1,(#9248,#9249),.UNSPECIFIED.,.F.,
  .F.,(2,2),(0.,1.693246148698E-03),.PIECEWISE_BEZIER_KNOTS.);
#9248 = CARTESIAN_POINT('',(5.877008903639E-04,-5.63579189492E-04));
#9249 = CARTESIAN_POINT('',(-8.923578958706E-04,2.589221839853E-04));
#9250 = ( GEOMETRIC_REPRESENTATION_CONTEXT(2) 
PARAMETRIC_REPRESENTATION_CONTEXT() REPRESENTATION_CONTEXT('2D SPACE',''
  ) );
#9251 = PCURVE('',#9252,#9257);
#9252 = PLANE('',#9253);
#9253 = AXIS2_PLACEMENT_3D('',#9254,#9255,#9256);
#9254 = CARTESIAN_POINT('',(-3.407566497796E-03,6.698250429171E-03,
    1.750335723063E-03));
#9255 = DIRECTION('',(0.471396941113,-0.881921155154,-0.));
#9256 = DIRECTION('',(-0.881921155154,-0.471396941113,0.));
#9257 = DEFINITIONAL_REPRESENTATION('',(#9258),#9262);
#9258 = LINE('',#9259,#9260);
#9259 = CARTESIAN_POINT('',(8.923578958706E-04,-2.589221839853E-04));
#9260 = VECTOR('',#9261,1.);
#9261 = DIRECTION('',(-0.874095468856,0.485754167585));
#9262 = ( GEOMETRIC_REPRESENTATION_CONTEXT(2) 
PARAMETRIC_REPRESENTATION_CONTEXT() REPRESENTATION_CONTEXT('2D SPACE',''
  ) );
#9263 = ORIENTED_EDGE('',*,*,#9193,.F.);
#9264 = ADVANCED_FACE('',(#9265),#9252,.T.);
#9265 = FACE_BOUND('',#9266,.T.);
#9266 = EDGE_LOOP('',(#9267,#9268,#9290));
#9267 = ORIENTED_EDGE('',*,*,#9239,.T.);
#9268 = ORIENTED_EDGE('',*,*,#9269,.T.);
#9269 = EDGE_CURVE('',#6655,#9270,#9272,.T.);
#9270 = VERTEX_POINT('',#9271);
#9271 = CARTESIAN_POINT('',(-2.889260649681E-03,6.975290831178E-03,
    2.009257907048E-03));
#9272 = SURFACE_CURVE('',#9273,(#9277,#9284),.PCURVE_S1.);
#9273 = LINE('',#9274,#9275);
#9274 = CARTESIAN_POINT('',(-2.889260649681E-03,6.975290831178E-03,
    1.186756533571E-03));
#9275 = VECTOR('',#9276,1.);
#9276 = DIRECTION('',(0.,0.,1.));
#9277 = PCURVE('',#9252,#9278);
#9278 = DEFINITIONAL_REPRESENTATION('',(#9279),#9283);
#9279 = LINE('',#9280,#9281);
#9280 = CARTESIAN_POINT('',(-5.877008903639E-04,5.63579189492E-04));
#9281 = VECTOR('',#9282,1.);
#9282 = DIRECTION('',(0.,-1.));
#9283 = ( GEOMETRIC_REPRESENTATION_CONTEXT(2) 
PARAMETRIC_REPRESENTATION_CONTEXT() REPRESENTATION_CONTEXT('2D SPACE',''
  ) );
#9284 = PCURVE('',#6751,#9285);
#9285 = DEFINITIONAL_REPRESENTATION('',(#9286),#9289);
#9286 = B_SPLINE_CURVE_WITH_KNOTS('',1,(#9287,#9288),.UNSPECIFIED.,.F.,
  .F.,(2,2),(0.,8.225013734773E-04),.PIECEWISE_BEZIER_KNOTS.);
#9287 = CARTESIAN_POINT('',(5.877011009554E-04,2.589221698374E-04));
#9288 = CARTESIAN_POINT('',(5.877011009554E-04,-5.635792036398E-04));
#9289 = ( GEOMETRIC_REPRESENTATION_CONTEXT(2) 
PARAMETRIC_REPRESENTATION_CONTEXT() REPRESENTATION_CONTEXT('2D SPACE',''
  ) );
#9290 = ORIENTED_EDGE('',*,*,#9291,.T.);
#9291 = EDGE_CURVE('',#9270,#9194,#9292,.T.);
#9292 = SURFACE_CURVE('',#9293,(#9297,#9304),.PCURVE_S1.);
#9293 = LINE('',#9294,#9295);
#9294 = CARTESIAN_POINT('',(-2.889260649681E-03,6.975290831178E-03,
    2.009257907048E-03));
#9295 = VECTOR('',#9296,1.);
#9296 = DIRECTION('',(-0.881921155154,-0.471396941113,0.));
#9297 = PCURVE('',#9252,#9298);
#9298 = DEFINITIONAL_REPRESENTATION('',(#9299),#9303);
#9299 = LINE('',#9300,#9301);
#9300 = CARTESIAN_POINT('',(-5.877008903639E-04,-2.589221839853E-04));
#9301 = VECTOR('',#9302,1.);
#9302 = DIRECTION('',(1.,0.));
#9303 = ( GEOMETRIC_REPRESENTATION_CONTEXT(2) 
PARAMETRIC_REPRESENTATION_CONTEXT() REPRESENTATION_CONTEXT('2D SPACE',''
  ) );
#9304 = PCURVE('',#9305,#9310);
#9305 = PLANE('',#9306);
#9306 = AXIS2_PLACEMENT_3D('',#9307,#9308,#9309);
#9307 = CARTESIAN_POINT('',(-2.847656597785E-03,6.874850349917E-03,
    2.009257907048E-03));
#9308 = DIRECTION('',(-1.65218699565E-29,4.020570564179E-29,-1.));
#9309 = DIRECTION('',(0.,-1.,-4.020570564179E-29));
#9310 = DEFINITIONAL_REPRESENTATION('',(#9311),#9314);
#9311 = B_SPLINE_CURVE_WITH_KNOTS('',1,(#9312,#9313),.UNSPECIFIED.,.F.,
  .F.,(2,2),(0.,1.480058786234E-03),.PIECEWISE_BEZIER_KNOTS.);
#9312 = CARTESIAN_POINT('',(-1.004404812616E-04,4.16040518965E-05));
#9313 = CARTESIAN_POINT('',(5.972547032374E-04,1.346899206349E-03));
#9314 = ( GEOMETRIC_REPRESENTATION_CONTEXT(2) 
PARAMETRIC_REPRESENTATION_CONTEXT() REPRESENTATION_CONTEXT('2D SPACE',''
  ) );
#9315 = ADVANCED_FACE('',(#9316),#9305,.T.);
#9316 = FACE_BOUND('',#9317,.T.);
#9317 = EDGE_LOOP('',(#9318,#9345,#9346));
#9318 = ORIENTED_EDGE('',*,*,#9319,.T.);
#9319 = EDGE_CURVE('',#9320,#9194,#9322,.T.);
#9320 = VERTEX_POINT('',#9321);
#9321 = CARTESIAN_POINT('',(-1.472932170145E-03,7.404929026961E-03,
    2.009257907048E-03));
#9322 = SURFACE_CURVE('',#9323,(#9327,#9334),.PCURVE_S1.);
#9323 = LINE('',#9324,#9325);
#9324 = CARTESIAN_POINT('',(-1.472932170145E-03,7.404929026961E-03,
    2.009257907048E-03));
#9325 = VECTOR('',#9326,1.);
#9326 = DIRECTION('',(-0.923879537383,-0.382683420604,0.));
#9327 = PCURVE('',#9305,#9328);
#9328 = DEFINITIONAL_REPRESENTATION('',(#9329),#9333);
#9329 = LINE('',#9330,#9331);
#9330 = CARTESIAN_POINT('',(-5.300786770445E-04,-1.374724427639E-03));
#9331 = VECTOR('',#9332,1.);
#9332 = DIRECTION('',(0.382683420604,0.923879537383));
#9333 = ( GEOMETRIC_REPRESENTATION_CONTEXT(2) 
PARAMETRIC_REPRESENTATION_CONTEXT() REPRESENTATION_CONTEXT('2D SPACE',''
  ) );
#9334 = PCURVE('',#9335,#9340);
#9335 = PLANE('',#9336);
#9336 = AXIS2_PLACEMENT_3D('',#9337,#9338,#9339);
#9337 = CARTESIAN_POINT('',(-1.38911379302E-03,6.983545983334E-03,
    2.009257907048E-03));
#9338 = DIRECTION('',(-0.,-0.,-1.));
#9339 = DIRECTION('',(-1.,0.,0.));
#9340 = DEFINITIONAL_REPRESENTATION('',(#9341),#9344);
#9341 = B_SPLINE_CURVE_WITH_KNOTS('',1,(#9342,#9343),.UNSPECIFIED.,.F.,
  .F.,(2,2),(0.,2.945864178027E-03),.PIECEWISE_BEZIER_KNOTS.);
#9342 = CARTESIAN_POINT('',(8.381837712521E-05,4.213830436276E-04));
#9343 = CARTESIAN_POINT('',(2.805442011113E-03,-7.059503366543E-04));
#9344 = ( GEOMETRIC_REPRESENTATION_CONTEXT(2) 
PARAMETRIC_REPRESENTATION_CONTEXT() REPRESENTATION_CONTEXT('2D SPACE',''
  ) );
#9345 = ORIENTED_EDGE('',*,*,#9291,.F.);
#9346 = ORIENTED_EDGE('',*,*,#9347,.T.);
#9347 = EDGE_CURVE('',#9270,#9320,#9348,.T.);
#9348 = SURFACE_CURVE('',#9349,(#9353,#9360),.PCURVE_S1.);
#9349 = LINE('',#9350,#9351);
#9350 = CARTESIAN_POINT('',(-2.889260649681E-03,6.975290831178E-03,
    2.009257907048E-03));
#9351 = VECTOR('',#9352,1.);
#9352 = DIRECTION('',(0.956940401682,0.290284459849,0.));
#9353 = PCURVE('',#9305,#9354);
#9354 = DEFINITIONAL_REPRESENTATION('',(#9355),#9359);
#9355 = LINE('',#9356,#9357);
#9356 = CARTESIAN_POINT('',(-1.004404812616E-04,4.16040518965E-05));
#9357 = VECTOR('',#9358,1.);
#9358 = DIRECTION('',(-0.290284459849,-0.956940401682));
#9359 = ( GEOMETRIC_REPRESENTATION_CONTEXT(2) 
PARAMETRIC_REPRESENTATION_CONTEXT() REPRESENTATION_CONTEXT('2D SPACE',''
  ) );
#9360 = PCURVE('',#9361,#9366);
#9361 = PLANE('',#9362);
#9362 = AXIS2_PLACEMENT_3D('',#9363,#9364,#9365);
#9363 = CARTESIAN_POINT('',(-2.035327097762E-03,7.234328530318E-03,
    1.75033573721E-03));
#9364 = DIRECTION('',(0.290284459849,-0.956940401682,5.510787589972E-17)
  );
#9365 = DIRECTION('',(-0.956940401682,-0.290284459849,0.));
#9366 = DEFINITIONAL_REPRESENTATION('',(#9367),#9370);
#9367 = B_SPLINE_CURVE_WITH_KNOTS('',1,(#9368,#9369),.UNSPECIFIED.,.F.,
  .F.,(2,2),(0.,1.480059235713E-03),.PIECEWISE_BEZIER_KNOTS.);
#9368 = CARTESIAN_POINT('',(8.923581347578E-04,-2.589221698374E-04));
#9369 = CARTESIAN_POINT('',(-5.877011009554E-04,-2.589221698374E-04));
#9370 = ( GEOMETRIC_REPRESENTATION_CONTEXT(2) 
PARAMETRIC_REPRESENTATION_CONTEXT() REPRESENTATION_CONTEXT('2D SPACE',''
  ) );
#9371 = ADVANCED_FACE('',(#9372),#7026,.T.);
#9372 = FACE_BOUND('',#9373,.T.);
#9373 = EDGE_LOOP('',(#9374,#9394,#9414));
#9374 = ORIENTED_EDGE('',*,*,#9375,.T.);
#9375 = EDGE_CURVE('',#6991,#9320,#9376,.T.);
#9376 = SURFACE_CURVE('',#9377,(#9381,#9388),.PCURVE_S1.);
#9377 = LINE('',#9378,#9379);
#9378 = CARTESIAN_POINT('',(1.472932170145E-03,7.404929026961E-03,
    2.009257907048E-03));
#9379 = VECTOR('',#9380,1.);
#9380 = DIRECTION('',(-1.,0.,0.));
#9381 = PCURVE('',#7026,#9382);
#9382 = DEFINITIONAL_REPRESENTATION('',(#9383),#9387);
#9383 = LINE('',#9384,#9385);
#9384 = CARTESIAN_POINT('',(-1.472932170145E-03,-3.635544424051E-05));
#9385 = VECTOR('',#9386,1.);
#9386 = DIRECTION('',(1.,0.));
#9387 = ( GEOMETRIC_REPRESENTATION_CONTEXT(2) 
PARAMETRIC_REPRESENTATION_CONTEXT() REPRESENTATION_CONTEXT('2D SPACE',''
  ) );
#9388 = PCURVE('',#9335,#9389);
#9389 = DEFINITIONAL_REPRESENTATION('',(#9390),#9393);
#9390 = B_SPLINE_CURVE_WITH_KNOTS('',1,(#9391,#9392),.UNSPECIFIED.,.F.,
  .F.,(2,2),(0.,2.94586434029E-03),.PIECEWISE_BEZIER_KNOTS.);
#9391 = CARTESIAN_POINT('',(-2.862045963165E-03,4.213830436276E-04));
#9392 = CARTESIAN_POINT('',(8.381837712521E-05,4.213830436276E-04));
#9393 = ( GEOMETRIC_REPRESENTATION_CONTEXT(2) 
PARAMETRIC_REPRESENTATION_CONTEXT() REPRESENTATION_CONTEXT('2D SPACE',''
  ) );
#9394 = ORIENTED_EDGE('',*,*,#9395,.T.);
#9395 = EDGE_CURVE('',#9320,#6935,#9396,.T.);
#9396 = SURFACE_CURVE('',#9397,(#9401,#9408),.PCURVE_S1.);
#9397 = LINE('',#9398,#9399);
#9398 = CARTESIAN_POINT('',(-1.472932170145E-03,7.404929026961E-03,
    2.009257907048E-03));
#9399 = VECTOR('',#9400,1.);
#9400 = DIRECTION('',(0.995184694029,9.801747176263E-02,0.));
#9401 = PCURVE('',#7026,#9402);
#9402 = DEFINITIONAL_REPRESENTATION('',(#9403),#9407);
#9403 = LINE('',#9404,#9405);
#9404 = CARTESIAN_POINT('',(1.472932170145E-03,-3.635544424051E-05));
#9405 = VECTOR('',#9406,1.);
#9406 = DIRECTION('',(-0.995184694029,9.801747176263E-02));
#9407 = ( GEOMETRIC_REPRESENTATION_CONTEXT(2) 
PARAMETRIC_REPRESENTATION_CONTEXT() REPRESENTATION_CONTEXT('2D SPACE',''
  ) );
#9408 = PCURVE('',#6975,#9409);
#9409 = DEFINITIONAL_REPRESENTATION('',(#9410),#9413);
#9410 = B_SPLINE_CURVE_WITH_KNOTS('',1,(#9411,#9412),.UNSPECIFIED.,.F.,
  .F.,(2,2),(0.,1.480059107604E-03),.PIECEWISE_BEZIER_KNOTS.);
#9411 = CARTESIAN_POINT('',(8.923580666707E-04,-2.589221738698E-04));
#9412 = CARTESIAN_POINT('',(-5.877010409331E-04,-2.589221738698E-04));
#9413 = ( GEOMETRIC_REPRESENTATION_CONTEXT(2) 
PARAMETRIC_REPRESENTATION_CONTEXT() REPRESENTATION_CONTEXT('2D SPACE',''
  ) );
#9414 = ORIENTED_EDGE('',*,*,#7012,.F.);
#9415 = ADVANCED_FACE('',(#9416),#7107,.T.);
#9416 = FACE_BOUND('',#9417,.T.);
#9417 = EDGE_LOOP('',(#9418,#9443,#9444));
#9418 = ORIENTED_EDGE('',*,*,#9419,.T.);
#9419 = EDGE_CURVE('',#7153,#6991,#9420,.T.);
#9420 = SURFACE_CURVE('',#9421,(#9425,#9432),.PCURVE_S1.);
#9421 = LINE('',#9422,#9423);
#9422 = CARTESIAN_POINT('',(4.194555804133E-03,6.277595646679E-03,
    2.009257907048E-03));
#9423 = VECTOR('',#9424,1.);
#9424 = DIRECTION('',(-0.923879537383,0.382683420604,0.));
#9425 = PCURVE('',#7107,#9426);
#9426 = DEFINITIONAL_REPRESENTATION('',(#9427),#9431);
#9427 = LINE('',#9428,#9429);
#9428 = CARTESIAN_POINT('',(5.972547032374E-04,-1.346899206349E-03));
#9429 = VECTOR('',#9430,1.);
#9430 = DIRECTION('',(-0.382683420604,0.923879537383));
#9431 = ( GEOMETRIC_REPRESENTATION_CONTEXT(2) 
PARAMETRIC_REPRESENTATION_CONTEXT() REPRESENTATION_CONTEXT('2D SPACE',''
  ) );
#9432 = PCURVE('',#9433,#9438);
#9433 = PLANE('',#9434);
#9434 = AXIS2_PLACEMENT_3D('',#9435,#9436,#9437);
#9435 = CARTESIAN_POINT('',(3.955861523629E-03,5.920364604876E-03,
    2.009257907048E-03));
#9436 = DIRECTION('',(-0.,-0.,-1.));
#9437 = DIRECTION('',(-1.,0.,0.));
#9438 = DEFINITIONAL_REPRESENTATION('',(#9439),#9442);
#9439 = B_SPLINE_CURVE_WITH_KNOTS('',1,(#9440,#9441),.UNSPECIFIED.,.F.,
  .F.,(2,2),(0.,2.945864178027E-03),.PIECEWISE_BEZIER_KNOTS.);
#9440 = CARTESIAN_POINT('',(-2.38694280504E-04,3.572310418036E-04));
#9441 = CARTESIAN_POINT('',(2.482929353484E-03,1.484564422086E-03));
#9442 = ( GEOMETRIC_REPRESENTATION_CONTEXT(2) 
PARAMETRIC_REPRESENTATION_CONTEXT() REPRESENTATION_CONTEXT('2D SPACE',''
  ) );
#9443 = ORIENTED_EDGE('',*,*,#7093,.F.);
#9444 = ORIENTED_EDGE('',*,*,#7174,.F.);
#9445 = ADVANCED_FACE('',(#9446),#7264,.T.);
#9446 = FACE_BOUND('',#9447,.T.);
#9447 = EDGE_LOOP('',(#9448,#9468,#9469));
#9448 = ORIENTED_EDGE('',*,*,#9449,.T.);
#9449 = EDGE_CURVE('',#7310,#7153,#9450,.T.);
#9450 = SURFACE_CURVE('',#9451,(#9455,#9462),.PCURVE_S1.);
#9451 = LINE('',#9452,#9453);
#9452 = CARTESIAN_POINT('',(6.277596578002E-03,4.194555804133E-03,
    2.009257907048E-03));
#9453 = VECTOR('',#9454,1.);
#9454 = DIRECTION('',(-0.707106939259,0.707106623114,0.));
#9455 = PCURVE('',#7264,#9456);
#9456 = DEFINITIONAL_REPRESENTATION('',(#9457),#9461);
#9457 = LINE('',#9458,#9459);
#9458 = CARTESIAN_POINT('',(-1.015813310447E-03,-1.067227010264E-03));
#9459 = VECTOR('',#9460,1.);
#9460 = DIRECTION('',(0.707106939259,0.707106623114));
#9461 = ( GEOMETRIC_REPRESENTATION_CONTEXT(2) 
PARAMETRIC_REPRESENTATION_CONTEXT() REPRESENTATION_CONTEXT('2D SPACE',''
  ) );
#9462 = PCURVE('',#9433,#9463);
#9463 = DEFINITIONAL_REPRESENTATION('',(#9464),#9467);
#9464 = B_SPLINE_CURVE_WITH_KNOTS('',1,(#9465,#9466),.UNSPECIFIED.,.F.,
  .F.,(2,2),(0.,2.945863854837E-03),.PIECEWISE_BEZIER_KNOTS.);
#9465 = CARTESIAN_POINT('',(-2.321735054373E-03,-1.725808800742E-03));
#9466 = CARTESIAN_POINT('',(-2.38694280504E-04,3.572310418036E-04));
#9467 = ( GEOMETRIC_REPRESENTATION_CONTEXT(2) 
PARAMETRIC_REPRESENTATION_CONTEXT() REPRESENTATION_CONTEXT('2D SPACE',''
  ) );
#9468 = ORIENTED_EDGE('',*,*,#7250,.F.);
#9469 = ORIENTED_EDGE('',*,*,#7331,.F.);
#9470 = ADVANCED_FACE('',(#9471),#7421,.T.);
#9471 = FACE_BOUND('',#9472,.T.);
#9472 = EDGE_LOOP('',(#9473,#9498,#9499));
#9473 = ORIENTED_EDGE('',*,*,#9474,.T.);
#9474 = EDGE_CURVE('',#7467,#7310,#9475,.T.);
#9475 = SURFACE_CURVE('',#9476,(#9480,#9487),.PCURVE_S1.);
#9476 = LINE('',#9477,#9478);
#9477 = CARTESIAN_POINT('',(7.404929492623E-03,1.47293205373E-03,
    2.009257907048E-03));
#9478 = VECTOR('',#9479,1.);
#9479 = DIRECTION('',(-0.382683271708,0.923879599057,0.));
#9480 = PCURVE('',#7421,#9481);
#9481 = DEFINITIONAL_REPRESENTATION('',(#9482),#9486);
#9482 = LINE('',#9483,#9484);
#9483 = CARTESIAN_POINT('',(-5.300785075108E-04,-1.374724453159E-03));
#9484 = VECTOR('',#9485,1.);
#9485 = DIRECTION('',(0.382683271708,0.923879599057));
#9486 = ( GEOMETRIC_REPRESENTATION_CONTEXT(2) 
PARAMETRIC_REPRESENTATION_CONTEXT() REPRESENTATION_CONTEXT('2D SPACE',''
  ) );
#9487 = PCURVE('',#9488,#9493);
#9488 = PLANE('',#9489);
#9489 = AXIS2_PLACEMENT_3D('',#9490,#9491,#9492);
#9490 = CARTESIAN_POINT('',(6.983546618007E-03,1.389113826614E-03,
    2.009257907048E-03));
#9491 = DIRECTION('',(-0.,-0.,-1.));
#9492 = DIRECTION('',(-1.,0.,0.));
#9493 = DEFINITIONAL_REPRESENTATION('',(#9494),#9497);
#9494 = B_SPLINE_CURVE_WITH_KNOTS('',1,(#9495,#9496),.UNSPECIFIED.,.F.,
  .F.,(2,2),(0.,2.94586410738E-03),.PIECEWISE_BEZIER_KNOTS.);
#9495 = CARTESIAN_POINT('',(-4.213828746152E-04,8.381822711555E-05));
#9496 = CARTESIAN_POINT('',(7.059500400054E-04,2.805441977519E-03));
#9497 = ( GEOMETRIC_REPRESENTATION_CONTEXT(2) 
PARAMETRIC_REPRESENTATION_CONTEXT() REPRESENTATION_CONTEXT('2D SPACE',''
  ) );
#9498 = ORIENTED_EDGE('',*,*,#7407,.F.);
#9499 = ORIENTED_EDGE('',*,*,#7488,.F.);
#9500 = ADVANCED_FACE('',(#9501),#7578,.T.);
#9501 = FACE_BOUND('',#9502,.T.);
#9502 = EDGE_LOOP('',(#9503,#9523,#9524));
#9503 = ORIENTED_EDGE('',*,*,#9504,.T.);
#9504 = EDGE_CURVE('',#7624,#7467,#9505,.T.);
#9505 = SURFACE_CURVE('',#9506,(#9510,#9517),.PCURVE_S1.);
#9506 = LINE('',#9507,#9508);
#9507 = CARTESIAN_POINT('',(7.404929492623E-03,-1.47293205373E-03,
    2.009257907048E-03));
#9508 = VECTOR('',#9509,1.);
#9509 = DIRECTION('',(0.,1.,0.));
#9510 = PCURVE('',#7578,#9511);
#9511 = DEFINITIONAL_REPRESENTATION('',(#9512),#9516);
#9512 = LINE('',#9513,#9514);
#9513 = CARTESIAN_POINT('',(3.635544425428E-05,-1.47293205373E-03));
#9514 = VECTOR('',#9515,1.);
#9515 = DIRECTION('',(0.,1.));
#9516 = ( GEOMETRIC_REPRESENTATION_CONTEXT(2) 
PARAMETRIC_REPRESENTATION_CONTEXT() REPRESENTATION_CONTEXT('2D SPACE',''
  ) );
#9517 = PCURVE('',#9488,#9518);
#9518 = DEFINITIONAL_REPRESENTATION('',(#9519),#9522);
#9519 = B_SPLINE_CURVE_WITH_KNOTS('',1,(#9520,#9521),.UNSPECIFIED.,.F.,
  .F.,(2,2),(0.,2.94586410746E-03),.PIECEWISE_BEZIER_KNOTS.);
#9520 = CARTESIAN_POINT('',(-4.213828746152E-04,-2.862045880344E-03));
#9521 = CARTESIAN_POINT('',(-4.213828746152E-04,8.381822711555E-05));
#9522 = ( GEOMETRIC_REPRESENTATION_CONTEXT(2) 
PARAMETRIC_REPRESENTATION_CONTEXT() REPRESENTATION_CONTEXT('2D SPACE',''
  ) );
#9523 = ORIENTED_EDGE('',*,*,#7564,.F.);
#9524 = ORIENTED_EDGE('',*,*,#7645,.F.);
#9525 = ADVANCED_FACE('',(#9526),#7735,.T.);
#9526 = FACE_BOUND('',#9527,.T.);
#9527 = EDGE_LOOP('',(#9528,#9553,#9554));
#9528 = ORIENTED_EDGE('',*,*,#9529,.T.);
#9529 = EDGE_CURVE('',#7781,#7624,#9530,.T.);
#9530 = SURFACE_CURVE('',#9531,(#9535,#9542),.PCURVE_S1.);
#9531 = LINE('',#9532,#9533);
#9532 = CARTESIAN_POINT('',(6.277596578002E-03,-4.194555804133E-03,
    2.009257907048E-03));
#9533 = VECTOR('',#9534,1.);
#9534 = DIRECTION('',(0.382683271708,0.923879599057,0.));
#9535 = PCURVE('',#7735,#9536);
#9536 = DEFINITIONAL_REPRESENTATION('',(#9537),#9541);
#9537 = LINE('',#9538,#9539);
#9538 = CARTESIAN_POINT('',(5.972544071099E-04,-1.346899297244E-03));
#9539 = VECTOR('',#9540,1.);
#9540 = DIRECTION('',(-0.382683271708,0.923879599057));
#9541 = ( GEOMETRIC_REPRESENTATION_CONTEXT(2) 
PARAMETRIC_REPRESENTATION_CONTEXT() REPRESENTATION_CONTEXT('2D SPACE',''
  ) );
#9542 = PCURVE('',#9543,#9548);
#9543 = PLANE('',#9544);
#9544 = AXIS2_PLACEMENT_3D('',#9545,#9546,#9547);
#9545 = CARTESIAN_POINT('',(5.920365012778E-03,-3.955861141684E-03,
    2.009257907048E-03));
#9546 = DIRECTION('',(1.420355883115E-30,-9.51518870628E-31,-1.));
#9547 = DIRECTION('',(-1.,0.,-1.420355883115E-30));
#9548 = DEFINITIONAL_REPRESENTATION('',(#9549),#9552);
#9549 = B_SPLINE_CURVE_WITH_KNOTS('',1,(#9550,#9551),.UNSPECIFIED.,.F.,
  .F.,(2,2),(0.,2.94586410738E-03),.PIECEWISE_BEZIER_KNOTS.);
#9550 = CARTESIAN_POINT('',(-3.572315652241E-04,-2.386946624496E-04));
#9551 = CARTESIAN_POINT('',(-1.484564479845E-03,2.482929087954E-03));
#9552 = ( GEOMETRIC_REPRESENTATION_CONTEXT(2) 
PARAMETRIC_REPRESENTATION_CONTEXT() REPRESENTATION_CONTEXT('2D SPACE',''
  ) );
#9553 = ORIENTED_EDGE('',*,*,#7721,.F.);
#9554 = ORIENTED_EDGE('',*,*,#7802,.F.);
#9555 = ADVANCED_FACE('',(#9556),#7892,.T.);
#9556 = FACE_BOUND('',#9557,.T.);
#9557 = EDGE_LOOP('',(#9558,#9578,#9579));
#9558 = ORIENTED_EDGE('',*,*,#9559,.T.);
#9559 = EDGE_CURVE('',#7938,#7781,#9560,.T.);
#9560 = SURFACE_CURVE('',#9561,(#9565,#9572),.PCURVE_S1.);
#9561 = LINE('',#9562,#9563);
#9562 = CARTESIAN_POINT('',(4.194555804133E-03,-6.277595646679E-03,
    2.009257907048E-03));
#9563 = VECTOR('',#9564,1.);
#9564 = DIRECTION('',(0.707106939259,0.707106623114,0.));
#9565 = PCURVE('',#7892,#9566);
#9566 = DEFINITIONAL_REPRESENTATION('',(#9567),#9571);
#9567 = LINE('',#9568,#9569);
#9568 = CARTESIAN_POINT('',(1.067227463421E-03,-1.015812832281E-03));
#9569 = VECTOR('',#9570,1.);
#9570 = DIRECTION('',(-0.707106939259,0.707106623114));
#9571 = ( GEOMETRIC_REPRESENTATION_CONTEXT(2) 
PARAMETRIC_REPRESENTATION_CONTEXT() REPRESENTATION_CONTEXT('2D SPACE',''
  ) );
#9572 = PCURVE('',#9543,#9573);
#9573 = DEFINITIONAL_REPRESENTATION('',(#9574),#9577);
#9574 = B_SPLINE_CURVE_WITH_KNOTS('',1,(#9575,#9576),.UNSPECIFIED.,.F.,
  .F.,(2,2),(0.,2.945863854837E-03),.PIECEWISE_BEZIER_KNOTS.);
#9575 = CARTESIAN_POINT('',(1.725809208644E-03,-2.321734504996E-03));
#9576 = CARTESIAN_POINT('',(-3.572315652241E-04,-2.386946624496E-04));
#9577 = ( GEOMETRIC_REPRESENTATION_CONTEXT(2) 
PARAMETRIC_REPRESENTATION_CONTEXT() REPRESENTATION_CONTEXT('2D SPACE',''
  ) );
#9578 = ORIENTED_EDGE('',*,*,#7878,.F.);
#9579 = ORIENTED_EDGE('',*,*,#7959,.F.);
#9580 = ADVANCED_FACE('',(#9581),#8049,.T.);
#9581 = FACE_BOUND('',#9582,.T.);
#9582 = EDGE_LOOP('',(#9583,#9608,#9609));
#9583 = ORIENTED_EDGE('',*,*,#9584,.T.);
#9584 = EDGE_CURVE('',#8095,#7938,#9585,.T.);
#9585 = SURFACE_CURVE('',#9586,(#9590,#9597),.PCURVE_S1.);
#9586 = LINE('',#9587,#9588);
#9587 = CARTESIAN_POINT('',(1.472932170145E-03,-7.404929026961E-03,
    2.009257907048E-03));
#9588 = VECTOR('',#9589,1.);
#9589 = DIRECTION('',(0.923879537383,0.382683420604,0.));
#9590 = PCURVE('',#8049,#9591);
#9591 = DEFINITIONAL_REPRESENTATION('',(#9592),#9596);
#9592 = LINE('',#9593,#9594);
#9593 = CARTESIAN_POINT('',(5.300786770445E-04,1.374724427639E-03));
#9594 = VECTOR('',#9595,1.);
#9595 = DIRECTION('',(-0.382683420604,-0.923879537383));
#9596 = ( GEOMETRIC_REPRESENTATION_CONTEXT(2) 
PARAMETRIC_REPRESENTATION_CONTEXT() REPRESENTATION_CONTEXT('2D SPACE',''
  ) );
#9597 = PCURVE('',#9598,#9603);
#9598 = PLANE('',#9599);
#9599 = AXIS2_PLACEMENT_3D('',#9600,#9601,#9602);
#9600 = CARTESIAN_POINT('',(1.38911379302E-03,-6.983545983334E-03,
    2.009257907048E-03));
#9601 = DIRECTION('',(-0.,-0.,-1.));
#9602 = DIRECTION('',(-1.,0.,0.));
#9603 = DEFINITIONAL_REPRESENTATION('',(#9604),#9607);
#9604 = B_SPLINE_CURVE_WITH_KNOTS('',1,(#9605,#9606),.UNSPECIFIED.,.F.,
  .F.,(2,2),(0.,2.945864178027E-03),.PIECEWISE_BEZIER_KNOTS.);
#9605 = CARTESIAN_POINT('',(-8.381837712521E-05,-4.213830436276E-04));
#9606 = CARTESIAN_POINT('',(-2.805442011113E-03,7.059503366543E-04));
#9607 = ( GEOMETRIC_REPRESENTATION_CONTEXT(2) 
PARAMETRIC_REPRESENTATION_CONTEXT() REPRESENTATION_CONTEXT('2D SPACE',''
  ) );
#9608 = ORIENTED_EDGE('',*,*,#8035,.F.);
#9609 = ORIENTED_EDGE('',*,*,#8116,.F.);
#9610 = ADVANCED_FACE('',(#9611),#8206,.T.);
#9611 = FACE_BOUND('',#9612,.T.);
#9612 = EDGE_LOOP('',(#9613,#9633,#9634));
#9613 = ORIENTED_EDGE('',*,*,#9614,.T.);
#9614 = EDGE_CURVE('',#8252,#8095,#9615,.T.);
#9615 = SURFACE_CURVE('',#9616,(#9620,#9627),.PCURVE_S1.);
#9616 = LINE('',#9617,#9618);
#9617 = CARTESIAN_POINT('',(-1.472932170145E-03,-7.404929026961E-03,
    2.009257907048E-03));
#9618 = VECTOR('',#9619,1.);
#9619 = DIRECTION('',(1.,0.,0.));
#9620 = PCURVE('',#8206,#9621);
#9621 = DEFINITIONAL_REPRESENTATION('',(#9622),#9626);
#9622 = LINE('',#9623,#9624);
#9623 = CARTESIAN_POINT('',(1.472932170145E-03,3.635544424051E-05));
#9624 = VECTOR('',#9625,1.);
#9625 = DIRECTION('',(-1.,0.));
#9626 = ( GEOMETRIC_REPRESENTATION_CONTEXT(2) 
PARAMETRIC_REPRESENTATION_CONTEXT() REPRESENTATION_CONTEXT('2D SPACE',''
  ) );
#9627 = PCURVE('',#9598,#9628);
#9628 = DEFINITIONAL_REPRESENTATION('',(#9629),#9632);
#9629 = B_SPLINE_CURVE_WITH_KNOTS('',1,(#9630,#9631),.UNSPECIFIED.,.F.,
  .F.,(2,2),(0.,2.94586434029E-03),.PIECEWISE_BEZIER_KNOTS.);
#9630 = CARTESIAN_POINT('',(2.862045963165E-03,-4.213830436276E-04));
#9631 = CARTESIAN_POINT('',(-8.381837712521E-05,-4.213830436276E-04));
#9632 = ( GEOMETRIC_REPRESENTATION_CONTEXT(2) 
PARAMETRIC_REPRESENTATION_CONTEXT() REPRESENTATION_CONTEXT('2D SPACE',''
  ) );
#9633 = ORIENTED_EDGE('',*,*,#8192,.F.);
#9634 = ORIENTED_EDGE('',*,*,#8273,.F.);
#9635 = ADVANCED_FACE('',(#9636),#8363,.T.);
#9636 = FACE_BOUND('',#9637,.T.);
#9637 = EDGE_LOOP('',(#9638,#9663,#9664));
#9638 = ORIENTED_EDGE('',*,*,#9639,.T.);
#9639 = EDGE_CURVE('',#8409,#8252,#9640,.T.);
#9640 = SURFACE_CURVE('',#9641,(#9645,#9652),.PCURVE_S1.);
#9641 = LINE('',#9642,#9643);
#9642 = CARTESIAN_POINT('',(-4.194555804133E-03,-6.277595646679E-03,
    2.009257907048E-03));
#9643 = VECTOR('',#9644,1.);
#9644 = DIRECTION('',(0.923879537383,-0.382683420604,0.));
#9645 = PCURVE('',#8363,#9646);
#9646 = DEFINITIONAL_REPRESENTATION('',(#9647),#9651);
#9647 = LINE('',#9648,#9649);
#9648 = CARTESIAN_POINT('',(-5.972547032374E-04,1.346899206349E-03));
#9649 = VECTOR('',#9650,1.);
#9650 = DIRECTION('',(0.382683420604,-0.923879537383));
#9651 = ( GEOMETRIC_REPRESENTATION_CONTEXT(2) 
PARAMETRIC_REPRESENTATION_CONTEXT() REPRESENTATION_CONTEXT('2D SPACE',''
  ) );
#9652 = PCURVE('',#9653,#9658);
#9653 = PLANE('',#9654);
#9654 = AXIS2_PLACEMENT_3D('',#9655,#9656,#9657);
#9655 = CARTESIAN_POINT('',(-3.955861523629E-03,-5.920364604876E-03,
    2.009257907048E-03));
#9656 = DIRECTION('',(-0.,-0.,-1.));
#9657 = DIRECTION('',(-1.,0.,0.));
#9658 = DEFINITIONAL_REPRESENTATION('',(#9659),#9662);
#9659 = B_SPLINE_CURVE_WITH_KNOTS('',1,(#9660,#9661),.UNSPECIFIED.,.F.,
  .F.,(2,2),(0.,2.945864178027E-03),.PIECEWISE_BEZIER_KNOTS.);
#9660 = CARTESIAN_POINT('',(2.38694280504E-04,-3.572310418036E-04));
#9661 = CARTESIAN_POINT('',(-2.482929353484E-03,-1.484564422086E-03));
#9662 = ( GEOMETRIC_REPRESENTATION_CONTEXT(2) 
PARAMETRIC_REPRESENTATION_CONTEXT() REPRESENTATION_CONTEXT('2D SPACE',''
  ) );
#9663 = ORIENTED_EDGE('',*,*,#8349,.F.);
#9664 = ORIENTED_EDGE('',*,*,#8430,.F.);
#9665 = ADVANCED_FACE('',(#9666),#8520,.T.);
#9666 = FACE_BOUND('',#9667,.T.);
#9667 = EDGE_LOOP('',(#9668,#9688,#9689));
#9668 = ORIENTED_EDGE('',*,*,#9669,.T.);
#9669 = EDGE_CURVE('',#8566,#8409,#9670,.T.);
#9670 = SURFACE_CURVE('',#9671,(#9675,#9682),.PCURVE_S1.);
#9671 = LINE('',#9672,#9673);
#9672 = CARTESIAN_POINT('',(-6.277596578002E-03,-4.194555804133E-03,
    2.009257907048E-03));
#9673 = VECTOR('',#9674,1.);
#9674 = DIRECTION('',(0.707106939259,-0.707106623114,0.));
#9675 = PCURVE('',#8520,#9676);
#9676 = DEFINITIONAL_REPRESENTATION('',(#9677),#9681);
#9677 = LINE('',#9678,#9679);
#9678 = CARTESIAN_POINT('',(1.015813310447E-03,1.067227010264E-03));
#9679 = VECTOR('',#9680,1.);
#9680 = DIRECTION('',(-0.707106939259,-0.707106623114));
#9681 = ( GEOMETRIC_REPRESENTATION_CONTEXT(2) 
PARAMETRIC_REPRESENTATION_CONTEXT() REPRESENTATION_CONTEXT('2D SPACE',''
  ) );
#9682 = PCURVE('',#9653,#9683);
#9683 = DEFINITIONAL_REPRESENTATION('',(#9684),#9687);
#9684 = B_SPLINE_CURVE_WITH_KNOTS('',1,(#9685,#9686),.UNSPECIFIED.,.F.,
  .F.,(2,2),(0.,2.945863854837E-03),.PIECEWISE_BEZIER_KNOTS.);
#9685 = CARTESIAN_POINT('',(2.321735054373E-03,1.725808800742E-03));
#9686 = CARTESIAN_POINT('',(2.38694280504E-04,-3.572310418036E-04));
#9687 = ( GEOMETRIC_REPRESENTATION_CONTEXT(2) 
PARAMETRIC_REPRESENTATION_CONTEXT() REPRESENTATION_CONTEXT('2D SPACE',''
  ) );
#9688 = ORIENTED_EDGE('',*,*,#8506,.F.);
#9689 = ORIENTED_EDGE('',*,*,#8587,.F.);
#9690 = ADVANCED_FACE('',(#9691),#8677,.T.);
#9691 = FACE_BOUND('',#9692,.T.);
#9692 = EDGE_LOOP('',(#9693,#9718,#9719));
#9693 = ORIENTED_EDGE('',*,*,#9694,.T.);
#9694 = EDGE_CURVE('',#8723,#8566,#9695,.T.);
#9695 = SURFACE_CURVE('',#9696,(#9700,#9707),.PCURVE_S1.);
#9696 = LINE('',#9697,#9698);
#9697 = CARTESIAN_POINT('',(-7.404929492623E-03,-1.47293205373E-03,
    2.009257907048E-03));
#9698 = VECTOR('',#9699,1.);
#9699 = DIRECTION('',(0.382683271708,-0.923879599057,0.));
#9700 = PCURVE('',#8677,#9701);
#9701 = DEFINITIONAL_REPRESENTATION('',(#9702),#9706);
#9702 = LINE('',#9703,#9704);
#9703 = CARTESIAN_POINT('',(5.300785075108E-04,1.374724453159E-03));
#9704 = VECTOR('',#9705,1.);
#9705 = DIRECTION('',(-0.382683271708,-0.923879599057));
#9706 = ( GEOMETRIC_REPRESENTATION_CONTEXT(2) 
PARAMETRIC_REPRESENTATION_CONTEXT() REPRESENTATION_CONTEXT('2D SPACE',''
  ) );
#9707 = PCURVE('',#9708,#9713);
#9708 = PLANE('',#9709);
#9709 = AXIS2_PLACEMENT_3D('',#9710,#9711,#9712);
#9710 = CARTESIAN_POINT('',(-6.983546618007E-03,-1.389113826614E-03,
    2.009257907048E-03));
#9711 = DIRECTION('',(-0.,-0.,-1.));
#9712 = DIRECTION('',(-1.,0.,0.));
#9713 = DEFINITIONAL_REPRESENTATION('',(#9714),#9717);
#9714 = B_SPLINE_CURVE_WITH_KNOTS('',1,(#9715,#9716),.UNSPECIFIED.,.F.,
  .F.,(2,2),(0.,2.94586410738E-03),.PIECEWISE_BEZIER_KNOTS.);
#9715 = CARTESIAN_POINT('',(4.213828746152E-04,-8.381822711555E-05));
#9716 = CARTESIAN_POINT('',(-7.059500400054E-04,-2.805441977519E-03));
#9717 = ( GEOMETRIC_REPRESENTATION_CONTEXT(2) 
PARAMETRIC_REPRESENTATION_CONTEXT() REPRESENTATION_CONTEXT('2D SPACE',''
  ) );
#9718 = ORIENTED_EDGE('',*,*,#8663,.F.);
#9719 = ORIENTED_EDGE('',*,*,#8744,.F.);
#9720 = ADVANCED_FACE('',(#9721),#8834,.T.);
#9721 = FACE_BOUND('',#9722,.T.);
#9722 = EDGE_LOOP('',(#9723,#9743,#9744));
#9723 = ORIENTED_EDGE('',*,*,#9724,.T.);
#9724 = EDGE_CURVE('',#8880,#8723,#9725,.T.);
#9725 = SURFACE_CURVE('',#9726,(#9730,#9737),.PCURVE_S1.);
#9726 = LINE('',#9727,#9728);
#9727 = CARTESIAN_POINT('',(-7.404929492623E-03,1.47293205373E-03,
    2.009257907048E-03));
#9728 = VECTOR('',#9729,1.);
#9729 = DIRECTION('',(0.,-1.,0.));
#9730 = PCURVE('',#8834,#9731);
#9731 = DEFINITIONAL_REPRESENTATION('',(#9732),#9736);
#9732 = LINE('',#9733,#9734);
#9733 = CARTESIAN_POINT('',(-3.635544425428E-05,1.47293205373E-03));
#9734 = VECTOR('',#9735,1.);
#9735 = DIRECTION('',(0.,-1.));
#9736 = ( GEOMETRIC_REPRESENTATION_CONTEXT(2) 
PARAMETRIC_REPRESENTATION_CONTEXT() REPRESENTATION_CONTEXT('2D SPACE',''
  ) );
#9737 = PCURVE('',#9708,#9738);
#9738 = DEFINITIONAL_REPRESENTATION('',(#9739),#9742);
#9739 = B_SPLINE_CURVE_WITH_KNOTS('',1,(#9740,#9741),.UNSPECIFIED.,.F.,
  .F.,(2,2),(0.,2.94586410746E-03),.PIECEWISE_BEZIER_KNOTS.);
#9740 = CARTESIAN_POINT('',(4.213828746152E-04,2.862045880344E-03));
#9741 = CARTESIAN_POINT('',(4.213828746152E-04,-8.381822711555E-05));
#9742 = ( GEOMETRIC_REPRESENTATION_CONTEXT(2) 
PARAMETRIC_REPRESENTATION_CONTEXT() REPRESENTATION_CONTEXT('2D SPACE',''
  ) );
#9743 = ORIENTED_EDGE('',*,*,#8820,.F.);
#9744 = ORIENTED_EDGE('',*,*,#8901,.F.);
#9745 = ADVANCED_FACE('',(#9746),#8991,.T.);
#9746 = FACE_BOUND('',#9747,.T.);
#9747 = EDGE_LOOP('',(#9748,#9773,#9774));
#9748 = ORIENTED_EDGE('',*,*,#9749,.T.);
#9749 = EDGE_CURVE('',#9037,#8880,#9750,.T.);
#9750 = SURFACE_CURVE('',#9751,(#9755,#9762),.PCURVE_S1.);
#9751 = LINE('',#9752,#9753);
#9752 = CARTESIAN_POINT('',(-6.277596578002E-03,4.194555804133E-03,
    2.009257907048E-03));
#9753 = VECTOR('',#9754,1.);
#9754 = DIRECTION('',(-0.382683271708,-0.923879599057,0.));
#9755 = PCURVE('',#8991,#9756);
#9756 = DEFINITIONAL_REPRESENTATION('',(#9757),#9761);
#9757 = LINE('',#9758,#9759);
#9758 = CARTESIAN_POINT('',(-5.972544071099E-04,1.346899297244E-03));
#9759 = VECTOR('',#9760,1.);
#9760 = DIRECTION('',(0.382683271708,-0.923879599057));
#9761 = ( GEOMETRIC_REPRESENTATION_CONTEXT(2) 
PARAMETRIC_REPRESENTATION_CONTEXT() REPRESENTATION_CONTEXT('2D SPACE',''
  ) );
#9762 = PCURVE('',#9763,#9768);
#9763 = PLANE('',#9764);
#9764 = AXIS2_PLACEMENT_3D('',#9765,#9766,#9767);
#9765 = CARTESIAN_POINT('',(-5.920365012778E-03,3.955861141684E-03,
    2.009257907048E-03));
#9766 = DIRECTION('',(-1.420355883115E-30,9.51518870628E-31,-1.));
#9767 = DIRECTION('',(-1.,0.,1.420355883115E-30));
#9768 = DEFINITIONAL_REPRESENTATION('',(#9769),#9772);
#9769 = B_SPLINE_CURVE_WITH_KNOTS('',1,(#9770,#9771),.UNSPECIFIED.,.F.,
  .F.,(2,2),(0.,2.94586410738E-03),.PIECEWISE_BEZIER_KNOTS.);
#9770 = CARTESIAN_POINT('',(3.572315652241E-04,2.386946624496E-04));
#9771 = CARTESIAN_POINT('',(1.484564479845E-03,-2.482929087954E-03));
#9772 = ( GEOMETRIC_REPRESENTATION_CONTEXT(2) 
PARAMETRIC_REPRESENTATION_CONTEXT() REPRESENTATION_CONTEXT('2D SPACE',''
  ) );
#9773 = ORIENTED_EDGE('',*,*,#8977,.F.);
#9774 = ORIENTED_EDGE('',*,*,#9058,.F.);
#9775 = ADVANCED_FACE('',(#9776),#9148,.T.);
#9776 = FACE_BOUND('',#9777,.T.);
#9777 = EDGE_LOOP('',(#9778,#9798,#9799));
#9778 = ORIENTED_EDGE('',*,*,#9779,.T.);
#9779 = EDGE_CURVE('',#9194,#9037,#9780,.T.);
#9780 = SURFACE_CURVE('',#9781,(#9785,#9792),.PCURVE_S1.);
#9781 = LINE('',#9782,#9783);
#9782 = CARTESIAN_POINT('',(-4.194555804133E-03,6.277595646679E-03,
    2.009257907048E-03));
#9783 = VECTOR('',#9784,1.);
#9784 = DIRECTION('',(-0.707106939259,-0.707106623114,0.));
#9785 = PCURVE('',#9148,#9786);
#9786 = DEFINITIONAL_REPRESENTATION('',(#9787),#9791);
#9787 = LINE('',#9788,#9789);
#9788 = CARTESIAN_POINT('',(-1.067227463421E-03,1.015812832281E-03));
#9789 = VECTOR('',#9790,1.);
#9790 = DIRECTION('',(0.707106939259,-0.707106623114));
#9791 = ( GEOMETRIC_REPRESENTATION_CONTEXT(2) 
PARAMETRIC_REPRESENTATION_CONTEXT() REPRESENTATION_CONTEXT('2D SPACE',''
  ) );
#9792 = PCURVE('',#9763,#9793);
#9793 = DEFINITIONAL_REPRESENTATION('',(#9794),#9797);
#9794 = B_SPLINE_CURVE_WITH_KNOTS('',1,(#9795,#9796),.UNSPECIFIED.,.F.,
  .F.,(2,2),(0.,2.945863854837E-03),.PIECEWISE_BEZIER_KNOTS.);
#9795 = CARTESIAN_POINT('',(-1.725809208644E-03,2.321734504996E-03));
#9796 = CARTESIAN_POINT('',(3.572315652241E-04,2.386946624496E-04));
#9797 = ( GEOMETRIC_REPRESENTATION_CONTEXT(2) 
PARAMETRIC_REPRESENTATION_CONTEXT() REPRESENTATION_CONTEXT('2D SPACE',''
  ) );
#9798 = ORIENTED_EDGE('',*,*,#9134,.F.);
#9799 = ORIENTED_EDGE('',*,*,#9215,.F.);
#9800 = ADVANCED_FACE('',(#9801),#9335,.T.);
#9801 = FACE_BOUND('',#9802,.T.);
#9802 = EDGE_LOOP('',(#9803,#9828,#9829));
#9803 = ORIENTED_EDGE('',*,*,#9804,.T.);
#9804 = EDGE_CURVE('',#6991,#9194,#9805,.T.);
#9805 = SURFACE_CURVE('',#9806,(#9810,#9817),.PCURVE_S1.);
#9806 = LINE('',#9807,#9808);
#9807 = CARTESIAN_POINT('',(1.472932170145E-03,7.404929026961E-03,
    2.009257907048E-03));
#9808 = VECTOR('',#9809,1.);
#9809 = DIRECTION('',(-0.980785282714,-0.1950903104,0.));
#9810 = PCURVE('',#9335,#9811);
#9811 = DEFINITIONAL_REPRESENTATION('',(#9812),#9816);
#9812 = LINE('',#9813,#9814);
#9813 = CARTESIAN_POINT('',(-2.862045963165E-03,4.213830436276E-04));
#9814 = VECTOR('',#9815,1.);
#9815 = DIRECTION('',(0.980785282714,-0.1950903104));
#9816 = ( GEOMETRIC_REPRESENTATION_CONTEXT(2) 
PARAMETRIC_REPRESENTATION_CONTEXT() REPRESENTATION_CONTEXT('2D SPACE',''
  ) );
#9817 = PCURVE('',#9818,#9823);
#9818 = PLANE('',#9819);
#9819 = AXIS2_PLACEMENT_3D('',#9820,#9821,#9822);
#9820 = CARTESIAN_POINT('',(1.153640612171E-03,5.799742334246E-03,
    2.009257907048E-03));
#9821 = DIRECTION('',(-0.,-0.,-1.));
#9822 = DIRECTION('',(-1.,0.,0.));
#9823 = DEFINITIONAL_REPRESENTATION('',(#9824),#9827);
#9824 = B_SPLINE_CURVE_WITH_KNOTS('',1,(#9825,#9826),.UNSPECIFIED.,.F.,
  .F.,(2,2),(0.,5.778520614214E-03),.PIECEWISE_BEZIER_KNOTS.);
#9825 = CARTESIAN_POINT('',(-3.192915579738E-04,1.605186692716E-03));
#9826 = CARTESIAN_POINT('',(5.348196416305E-03,4.778533124337E-04));
#9827 = ( GEOMETRIC_REPRESENTATION_CONTEXT(2) 
PARAMETRIC_REPRESENTATION_CONTEXT() REPRESENTATION_CONTEXT('2D SPACE',''
  ) );
#9828 = ORIENTED_EDGE('',*,*,#9319,.F.);
#9829 = ORIENTED_EDGE('',*,*,#9375,.F.);
#9830 = ADVANCED_FACE('',(#9831),#9433,.T.);
#9831 = FACE_BOUND('',#9832,.T.);
#9832 = EDGE_LOOP('',(#9833,#9853,#9854));
#9833 = ORIENTED_EDGE('',*,*,#9834,.T.);
#9834 = EDGE_CURVE('',#7310,#6991,#9835,.T.);
#9835 = SURFACE_CURVE('',#9836,(#9840,#9847),.PCURVE_S1.);
#9836 = LINE('',#9837,#9838);
#9837 = CARTESIAN_POINT('',(6.277596578002E-03,4.194555804133E-03,
    2.009257907048E-03));
#9838 = VECTOR('',#9839,1.);
#9839 = DIRECTION('',(-0.831469683999,0.555570125718,0.));
#9840 = PCURVE('',#9433,#9841);
#9841 = DEFINITIONAL_REPRESENTATION('',(#9842),#9846);
#9842 = LINE('',#9843,#9844);
#9843 = CARTESIAN_POINT('',(-2.321735054373E-03,-1.725808800742E-03));
#9844 = VECTOR('',#9845,1.);
#9845 = DIRECTION('',(0.831469683999,0.555570125718));
#9846 = ( GEOMETRIC_REPRESENTATION_CONTEXT(2) 
PARAMETRIC_REPRESENTATION_CONTEXT() REPRESENTATION_CONTEXT('2D SPACE',''
  ) );
#9847 = PCURVE('',#9818,#9848);
#9848 = DEFINITIONAL_REPRESENTATION('',(#9849),#9852);
#9849 = B_SPLINE_CURVE_WITH_KNOTS('',1,(#9850,#9851),.UNSPECIFIED.,.F.,
  .F.,(2,2),(0.,5.778520251931E-03),.PIECEWISE_BEZIER_KNOTS.);
#9850 = CARTESIAN_POINT('',(-5.123955965831E-03,-1.605186530112E-03));
#9851 = CARTESIAN_POINT('',(-3.192915579738E-04,1.605186692716E-03));
#9852 = ( GEOMETRIC_REPRESENTATION_CONTEXT(2) 
PARAMETRIC_REPRESENTATION_CONTEXT() REPRESENTATION_CONTEXT('2D SPACE',''
  ) );
#9853 = ORIENTED_EDGE('',*,*,#9419,.F.);
#9854 = ORIENTED_EDGE('',*,*,#9449,.F.);
#9855 = ADVANCED_FACE('',(#9856),#9488,.T.);
#9856 = FACE_BOUND('',#9857,.T.);
#9857 = EDGE_LOOP('',(#9858,#9883,#9884));
#9858 = ORIENTED_EDGE('',*,*,#9859,.T.);
#9859 = EDGE_CURVE('',#7624,#7310,#9860,.T.);
#9860 = SURFACE_CURVE('',#9861,(#9865,#9872),.PCURVE_S1.);
#9861 = LINE('',#9862,#9863);
#9862 = CARTESIAN_POINT('',(7.404929492623E-03,-1.47293205373E-03,
    2.009257907048E-03));
#9863 = VECTOR('',#9864,1.);
#9864 = DIRECTION('',(-0.195090236737,0.980785297366,0.));
#9865 = PCURVE('',#9488,#9866);
#9866 = DEFINITIONAL_REPRESENTATION('',(#9867),#9871);
#9867 = LINE('',#9868,#9869);
#9868 = CARTESIAN_POINT('',(-4.213828746152E-04,-2.862045880344E-03));
#9869 = VECTOR('',#9870,1.);
#9870 = DIRECTION('',(0.195090236737,0.980785297366));
#9871 = ( GEOMETRIC_REPRESENTATION_CONTEXT(2) 
PARAMETRIC_REPRESENTATION_CONTEXT() REPRESENTATION_CONTEXT('2D SPACE',''
  ) );
#9872 = PCURVE('',#9873,#9878);
#9873 = PLANE('',#9874);
#9874 = AXIS2_PLACEMENT_3D('',#9875,#9876,#9877);
#9875 = CARTESIAN_POINT('',(5.799742808853E-03,-1.153640212881E-03,
    2.009257907048E-03));
#9876 = DIRECTION('',(1.092686466918E-31,-7.399261936963E-33,-1.));
#9877 = DIRECTION('',(-1.,0.,-1.092686466918E-31));
#9878 = DEFINITIONAL_REPRESENTATION('',(#9879),#9882);
#9879 = B_SPLINE_CURVE_WITH_KNOTS('',1,(#9880,#9881),.UNSPECIFIED.,.F.,
  .F.,(2,2),(0.,5.778520409189E-03),.PIECEWISE_BEZIER_KNOTS.);
#9880 = CARTESIAN_POINT('',(-1.605186683769E-03,-3.192918408493E-04));
#9881 = CARTESIAN_POINT('',(-4.778537691485E-04,5.348196017014E-03));
#9882 = ( GEOMETRIC_REPRESENTATION_CONTEXT(2) 
PARAMETRIC_REPRESENTATION_CONTEXT() REPRESENTATION_CONTEXT('2D SPACE',''
  ) );
#9883 = ORIENTED_EDGE('',*,*,#9474,.F.);
#9884 = ORIENTED_EDGE('',*,*,#9504,.F.);
#9885 = ADVANCED_FACE('',(#9886),#9543,.T.);
#9886 = FACE_BOUND('',#9887,.T.);
#9887 = EDGE_LOOP('',(#9888,#9908,#9909));
#9888 = ORIENTED_EDGE('',*,*,#9889,.T.);
#9889 = EDGE_CURVE('',#7938,#7624,#9890,.T.);
#9890 = SURFACE_CURVE('',#9891,(#9895,#9902),.PCURVE_S1.);
#9891 = LINE('',#9892,#9893);
#9892 = CARTESIAN_POINT('',(4.194555804133E-03,-6.277595646679E-03,
    2.009257907048E-03));
#9893 = VECTOR('',#9894,1.);
#9894 = DIRECTION('',(0.555570246574,0.831469603246,0.));
#9895 = PCURVE('',#9543,#9896);
#9896 = DEFINITIONAL_REPRESENTATION('',(#9897),#9901);
#9897 = LINE('',#9898,#9899);
#9898 = CARTESIAN_POINT('',(1.725809208644E-03,-2.321734504996E-03));
#9899 = VECTOR('',#9900,1.);
#9900 = DIRECTION('',(-0.555570246574,0.831469603246));
#9901 = ( GEOMETRIC_REPRESENTATION_CONTEXT(2) 
PARAMETRIC_REPRESENTATION_CONTEXT() REPRESENTATION_CONTEXT('2D SPACE',''
  ) );
#9902 = PCURVE('',#9873,#9903);
#9903 = DEFINITIONAL_REPRESENTATION('',(#9904),#9907);
#9904 = B_SPLINE_CURVE_WITH_KNOTS('',1,(#9905,#9906),.UNSPECIFIED.,.F.,
  .F.,(2,2),(0.,5.778519833068E-03),.PIECEWISE_BEZIER_KNOTS.);
#9905 = CARTESIAN_POINT('',(1.60518700472E-03,-5.123955433799E-03));
#9906 = CARTESIAN_POINT('',(-1.605186683769E-03,-3.192918408493E-04));
#9907 = ( GEOMETRIC_REPRESENTATION_CONTEXT(2) 
PARAMETRIC_REPRESENTATION_CONTEXT() REPRESENTATION_CONTEXT('2D SPACE',''
  ) );
#9908 = ORIENTED_EDGE('',*,*,#9529,.F.);
#9909 = ORIENTED_EDGE('',*,*,#9559,.F.);
#9910 = ADVANCED_FACE('',(#9911),#9598,.T.);
#9911 = FACE_BOUND('',#9912,.T.);
#9912 = EDGE_LOOP('',(#9913,#9938,#9939));
#9913 = ORIENTED_EDGE('',*,*,#9914,.T.);
#9914 = EDGE_CURVE('',#8252,#7938,#9915,.T.);
#9915 = SURFACE_CURVE('',#9916,(#9920,#9927),.PCURVE_S1.);
#9916 = LINE('',#9917,#9918);
#9917 = CARTESIAN_POINT('',(-1.472932170145E-03,-7.404929026961E-03,
    2.009257907048E-03));
#9918 = VECTOR('',#9919,1.);
#9919 = DIRECTION('',(0.980785282714,0.1950903104,0.));
#9920 = PCURVE('',#9598,#9921);
#9921 = DEFINITIONAL_REPRESENTATION('',(#9922),#9926);
#9922 = LINE('',#9923,#9924);
#9923 = CARTESIAN_POINT('',(2.862045963165E-03,-4.213830436276E-04));
#9924 = VECTOR('',#9925,1.);
#9925 = DIRECTION('',(-0.980785282714,0.1950903104));
#9926 = ( GEOMETRIC_REPRESENTATION_CONTEXT(2) 
PARAMETRIC_REPRESENTATION_CONTEXT() REPRESENTATION_CONTEXT('2D SPACE',''
  ) );
#9927 = PCURVE('',#9928,#9933);
#9928 = PLANE('',#9929);
#9929 = AXIS2_PLACEMENT_3D('',#9930,#9931,#9932);
#9930 = CARTESIAN_POINT('',(-1.153640612171E-03,-5.799742334246E-03,
    2.009257907048E-03));
#9931 = DIRECTION('',(-0.,-0.,-1.));
#9932 = DIRECTION('',(-1.,0.,0.));
#9933 = DEFINITIONAL_REPRESENTATION('',(#9934),#9937);
#9934 = B_SPLINE_CURVE_WITH_KNOTS('',1,(#9935,#9936),.UNSPECIFIED.,.F.,
  .F.,(2,2),(0.,5.778520614214E-03),.PIECEWISE_BEZIER_KNOTS.);
#9935 = CARTESIAN_POINT('',(3.192915579738E-04,-1.605186692716E-03));
#9936 = CARTESIAN_POINT('',(-5.348196416305E-03,-4.778533124337E-04));
#9937 = ( GEOMETRIC_REPRESENTATION_CONTEXT(2) 
PARAMETRIC_REPRESENTATION_CONTEXT() REPRESENTATION_CONTEXT('2D SPACE',''
  ) );
#9938 = ORIENTED_EDGE('',*,*,#9584,.F.);
#9939 = ORIENTED_EDGE('',*,*,#9614,.F.);
#9940 = ADVANCED_FACE('',(#9941),#9653,.T.);
#9941 = FACE_BOUND('',#9942,.T.);
#9942 = EDGE_LOOP('',(#9943,#9963,#9964));
#9943 = ORIENTED_EDGE('',*,*,#9944,.T.);
#9944 = EDGE_CURVE('',#8566,#8252,#9945,.T.);
#9945 = SURFACE_CURVE('',#9946,(#9950,#9957),.PCURVE_S1.);
#9946 = LINE('',#9947,#9948);
#9947 = CARTESIAN_POINT('',(-6.277596578002E-03,-4.194555804133E-03,
    2.009257907048E-03));
#9948 = VECTOR('',#9949,1.);
#9949 = DIRECTION('',(0.831469683999,-0.555570125718,0.));
#9950 = PCURVE('',#9653,#9951);
#9951 = DEFINITIONAL_REPRESENTATION('',(#9952),#9956);
#9952 = LINE('',#9953,#9954);
#9953 = CARTESIAN_POINT('',(2.321735054373E-03,1.725808800742E-03));
#9954 = VECTOR('',#9955,1.);
#9955 = DIRECTION('',(-0.831469683999,-0.555570125718));
#9956 = ( GEOMETRIC_REPRESENTATION_CONTEXT(2) 
PARAMETRIC_REPRESENTATION_CONTEXT() REPRESENTATION_CONTEXT('2D SPACE',''
  ) );
#9957 = PCURVE('',#9928,#9958);
#9958 = DEFINITIONAL_REPRESENTATION('',(#9959),#9962);
#9959 = B_SPLINE_CURVE_WITH_KNOTS('',1,(#9960,#9961),.UNSPECIFIED.,.F.,
  .F.,(2,2),(0.,5.778520251931E-03),.PIECEWISE_BEZIER_KNOTS.);
#9960 = CARTESIAN_POINT('',(5.123955965831E-03,1.605186530112E-03));
#9961 = CARTESIAN_POINT('',(3.192915579738E-04,-1.605186692716E-03));
#9962 = ( GEOMETRIC_REPRESENTATION_CONTEXT(2) 
PARAMETRIC_REPRESENTATION_CONTEXT() REPRESENTATION_CONTEXT('2D SPACE',''
  ) );
#9963 = ORIENTED_EDGE('',*,*,#9639,.F.);
#9964 = ORIENTED_EDGE('',*,*,#9669,.F.);
#9965 = ADVANCED_FACE('',(#9966),#9708,.T.);
#9966 = FACE_BOUND('',#9967,.T.);
#9967 = EDGE_LOOP('',(#9968,#9993,#9994));
#9968 = ORIENTED_EDGE('',*,*,#9969,.T.);
#9969 = EDGE_CURVE('',#8880,#8566,#9970,.T.);
#9970 = SURFACE_CURVE('',#9971,(#9975,#9982),.PCURVE_S1.);
#9971 = LINE('',#9972,#9973);
#9972 = CARTESIAN_POINT('',(-7.404929492623E-03,1.47293205373E-03,
    2.009257907048E-03));
#9973 = VECTOR('',#9974,1.);
#9974 = DIRECTION('',(0.195090236737,-0.980785297366,0.));
#9975 = PCURVE('',#9708,#9976);
#9976 = DEFINITIONAL_REPRESENTATION('',(#9977),#9981);
#9977 = LINE('',#9978,#9979);
#9978 = CARTESIAN_POINT('',(4.213828746152E-04,2.862045880344E-03));
#9979 = VECTOR('',#9980,1.);
#9980 = DIRECTION('',(-0.195090236737,-0.980785297366));
#9981 = ( GEOMETRIC_REPRESENTATION_CONTEXT(2) 
PARAMETRIC_REPRESENTATION_CONTEXT() REPRESENTATION_CONTEXT('2D SPACE',''
  ) );
#9982 = PCURVE('',#9983,#9988);
#9983 = PLANE('',#9984);
#9984 = AXIS2_PLACEMENT_3D('',#9985,#9986,#9987);
#9985 = CARTESIAN_POINT('',(-5.799742808853E-03,1.153640212881E-03,
    2.009257907048E-03));
#9986 = DIRECTION('',(-1.092686466918E-31,7.399261936963E-33,-1.));
#9987 = DIRECTION('',(-1.,0.,1.092686466918E-31));
#9988 = DEFINITIONAL_REPRESENTATION('',(#9989),#9992);
#9989 = B_SPLINE_CURVE_WITH_KNOTS('',1,(#9990,#9991),.UNSPECIFIED.,.F.,
  .F.,(2,2),(0.,5.778520409189E-03),.PIECEWISE_BEZIER_KNOTS.);
#9990 = CARTESIAN_POINT('',(1.605186683769E-03,3.192918408493E-04));
#9991 = CARTESIAN_POINT('',(4.778537691485E-04,-5.348196017014E-03));
#9992 = ( GEOMETRIC_REPRESENTATION_CONTEXT(2) 
PARAMETRIC_REPRESENTATION_CONTEXT() REPRESENTATION_CONTEXT('2D SPACE',''
  ) );
#9993 = ORIENTED_EDGE('',*,*,#9694,.F.);
#9994 = ORIENTED_EDGE('',*,*,#9724,.F.);
#9995 = ADVANCED_FACE('',(#9996),#9763,.T.);
#9996 = FACE_BOUND('',#9997,.T.);
#9997 = EDGE_LOOP('',(#9998,#10018,#10019));
#9998 = ORIENTED_EDGE('',*,*,#9999,.T.);
#9999 = EDGE_CURVE('',#9194,#8880,#10000,.T.);
#10000 = SURFACE_CURVE('',#10001,(#10005,#10012),.PCURVE_S1.);
#10001 = LINE('',#10002,#10003);
#10002 = CARTESIAN_POINT('',(-4.194555804133E-03,6.277595646679E-03,
    2.009257907048E-03));
#10003 = VECTOR('',#10004,1.);
#10004 = DIRECTION('',(-0.555570246574,-0.831469603246,0.));
#10005 = PCURVE('',#9763,#10006);
#10006 = DEFINITIONAL_REPRESENTATION('',(#10007),#10011);
#10007 = LINE('',#10008,#10009);
#10008 = CARTESIAN_POINT('',(-1.725809208644E-03,2.321734504996E-03));
#10009 = VECTOR('',#10010,1.);
#10010 = DIRECTION('',(0.555570246574,-0.831469603246));
#10011 = ( GEOMETRIC_REPRESENTATION_CONTEXT(2) 
PARAMETRIC_REPRESENTATION_CONTEXT() REPRESENTATION_CONTEXT('2D SPACE',''
  ) );
#10012 = PCURVE('',#9983,#10013);
#10013 = DEFINITIONAL_REPRESENTATION('',(#10014),#10017);
#10014 = B_SPLINE_CURVE_WITH_KNOTS('',1,(#10015,#10016),.UNSPECIFIED.,
  .F.,.F.,(2,2),(0.,5.778519833068E-03),.PIECEWISE_BEZIER_KNOTS.);
#10015 = CARTESIAN_POINT('',(-1.60518700472E-03,5.123955433799E-03));
#10016 = CARTESIAN_POINT('',(1.605186683769E-03,3.192918408493E-04));
#10017 = ( GEOMETRIC_REPRESENTATION_CONTEXT(2) 
PARAMETRIC_REPRESENTATION_CONTEXT() REPRESENTATION_CONTEXT('2D SPACE',''
  ) );
#10018 = ORIENTED_EDGE('',*,*,#9749,.F.);
#10019 = ORIENTED_EDGE('',*,*,#9779,.F.);
#10020 = ADVANCED_FACE('',(#10021),#9818,.T.);
#10021 = FACE_BOUND('',#10022,.T.);
#10022 = EDGE_LOOP('',(#10023,#10048,#10049));
#10023 = ORIENTED_EDGE('',*,*,#10024,.T.);
#10024 = EDGE_CURVE('',#7310,#9194,#10025,.T.);
#10025 = SURFACE_CURVE('',#10026,(#10030,#10037),.PCURVE_S1.);
#10026 = LINE('',#10027,#10028);
#10027 = CARTESIAN_POINT('',(6.277596578002E-03,4.194555804133E-03,
    2.009257907048E-03));
#10028 = VECTOR('',#10029,1.);
#10029 = DIRECTION('',(-0.980785294369,0.195090251803,0.));
#10030 = PCURVE('',#9818,#10031);
#10031 = DEFINITIONAL_REPRESENTATION('',(#10032),#10036);
#10032 = LINE('',#10033,#10034);
#10033 = CARTESIAN_POINT('',(-5.123955965831E-03,-1.605186530112E-03));
#10034 = VECTOR('',#10035,1.);
#10035 = DIRECTION('',(0.980785294369,0.195090251803));
#10036 = ( GEOMETRIC_REPRESENTATION_CONTEXT(2) 
PARAMETRIC_REPRESENTATION_CONTEXT() REPRESENTATION_CONTEXT('2D SPACE',''
  ) );
#10037 = PCURVE('',#10038,#10043);
#10038 = PLANE('',#10039);
#10039 = AXIS2_PLACEMENT_3D('',#10040,#10041,#10042);
#10040 = CARTESIAN_POINT('',(1.838665465102E-03,1.228557040066E-03,
    2.009257907048E-03));
#10041 = DIRECTION('',(-9.027759157497E-33,-3.772114476972E-33,-1.));
#10042 = DIRECTION('',(-1.,0.,9.027759157497E-33));
#10043 = DEFINITIONAL_REPRESENTATION('',(#10044),#10047);
#10044 = B_SPLINE_CURVE_WITH_KNOTS('',1,(#10045,#10046),.UNSPECIFIED.,
  .F.,.F.,(2,2),(0.,1.067731382419E-02),.PIECEWISE_BEZIER_KNOTS.);
#10045 = CARTESIAN_POINT('',(-4.438931112899E-03,2.965998764068E-03));
#10046 = CARTESIAN_POINT('',(6.033221269236E-03,5.049038606614E-03));
#10047 = ( GEOMETRIC_REPRESENTATION_CONTEXT(2) 
PARAMETRIC_REPRESENTATION_CONTEXT() REPRESENTATION_CONTEXT('2D SPACE',''
  ) );
#10048 = ORIENTED_EDGE('',*,*,#9804,.F.);
#10049 = ORIENTED_EDGE('',*,*,#9834,.F.);
#10050 = ADVANCED_FACE('',(#10051),#9873,.T.);
#10051 = FACE_BOUND('',#10052,.T.);
#10052 = EDGE_LOOP('',(#10053,#10073,#10074));
#10053 = ORIENTED_EDGE('',*,*,#10054,.T.);
#10054 = EDGE_CURVE('',#7938,#7310,#10055,.T.);
#10055 = SURFACE_CURVE('',#10056,(#10060,#10067),.PCURVE_S1.);
#10056 = LINE('',#10057,#10058);
#10057 = CARTESIAN_POINT('',(4.194555804133E-03,-6.277595646679E-03,
    2.009257907048E-03));
#10058 = VECTOR('',#10059,1.);
#10059 = DIRECTION('',(0.195090352398,0.98078527436,0.));
#10060 = PCURVE('',#9873,#10061);
#10061 = DEFINITIONAL_REPRESENTATION('',(#10062),#10066);
#10062 = LINE('',#10063,#10064);
#10063 = CARTESIAN_POINT('',(1.60518700472E-03,-5.123955433799E-03));
#10064 = VECTOR('',#10065,1.);
#10065 = DIRECTION('',(-0.195090352398,0.98078527436));
#10066 = ( GEOMETRIC_REPRESENTATION_CONTEXT(2) 
PARAMETRIC_REPRESENTATION_CONTEXT() REPRESENTATION_CONTEXT('2D SPACE',''
  ) );
#10067 = PCURVE('',#10038,#10068);
#10068 = DEFINITIONAL_REPRESENTATION('',(#10069),#10072);
#10069 = B_SPLINE_CURVE_WITH_KNOTS('',1,(#10070,#10071),.UNSPECIFIED.,
  .F.,.F.,(2,2),(0.,1.067731309246E-02),.PIECEWISE_BEZIER_KNOTS.);
#10070 = CARTESIAN_POINT('',(-2.355890339031E-03,-7.506152686745E-03));
#10071 = CARTESIAN_POINT('',(-4.438931112899E-03,2.965998764068E-03));
#10072 = ( GEOMETRIC_REPRESENTATION_CONTEXT(2) 
PARAMETRIC_REPRESENTATION_CONTEXT() REPRESENTATION_CONTEXT('2D SPACE',''
  ) );
#10073 = ORIENTED_EDGE('',*,*,#9859,.F.);
#10074 = ORIENTED_EDGE('',*,*,#9889,.F.);
#10075 = ADVANCED_FACE('',(#10076),#9928,.T.);
#10076 = FACE_BOUND('',#10077,.T.);
#10077 = EDGE_LOOP('',(#10078,#10103,#10104));
#10078 = ORIENTED_EDGE('',*,*,#10079,.T.);
#10079 = EDGE_CURVE('',#8566,#7938,#10080,.T.);
#10080 = SURFACE_CURVE('',#10081,(#10085,#10092),.PCURVE_S1.);
#10081 = LINE('',#10082,#10083);
#10082 = CARTESIAN_POINT('',(-6.277596578002E-03,-4.194555804133E-03,
    2.009257907048E-03));
#10083 = VECTOR('',#10084,1.);
#10084 = DIRECTION('',(0.980785294369,-0.195090251803,0.));
#10085 = PCURVE('',#9928,#10086);
#10086 = DEFINITIONAL_REPRESENTATION('',(#10087),#10091);
#10087 = LINE('',#10088,#10089);
#10088 = CARTESIAN_POINT('',(5.123955965831E-03,1.605186530112E-03));
#10089 = VECTOR('',#10090,1.);
#10090 = DIRECTION('',(-0.980785294369,-0.195090251803));
#10091 = ( GEOMETRIC_REPRESENTATION_CONTEXT(2) 
PARAMETRIC_REPRESENTATION_CONTEXT() REPRESENTATION_CONTEXT('2D SPACE',''
  ) );
#10092 = PCURVE('',#10093,#10098);
#10093 = PLANE('',#10094);
#10094 = AXIS2_PLACEMENT_3D('',#10095,#10096,#10097);
#10095 = CARTESIAN_POINT('',(-1.838665465102E-03,-1.228557040066E-03,
    2.009257907048E-03));
#10096 = DIRECTION('',(9.027759157497E-33,3.772114476972E-33,-1.));
#10097 = DIRECTION('',(-1.,0.,-9.027759157497E-33));
#10098 = DEFINITIONAL_REPRESENTATION('',(#10099),#10102);
#10099 = B_SPLINE_CURVE_WITH_KNOTS('',1,(#10100,#10101),.UNSPECIFIED.,
  .F.,.F.,(2,2),(0.,1.067731382419E-02),.PIECEWISE_BEZIER_KNOTS.);
#10100 = CARTESIAN_POINT('',(4.438931112899E-03,-2.965998764068E-03));
#10101 = CARTESIAN_POINT('',(-6.033221269236E-03,-5.049038606614E-03));
#10102 = ( GEOMETRIC_REPRESENTATION_CONTEXT(2) 
PARAMETRIC_REPRESENTATION_CONTEXT() REPRESENTATION_CONTEXT('2D SPACE',''
  ) );
#10103 = ORIENTED_EDGE('',*,*,#9914,.F.);
#10104 = ORIENTED_EDGE('',*,*,#9944,.F.);
#10105 = ADVANCED_FACE('',(#10106),#9983,.T.);
#10106 = FACE_BOUND('',#10107,.T.);
#10107 = EDGE_LOOP('',(#10108,#10128,#10129));
#10108 = ORIENTED_EDGE('',*,*,#10109,.T.);
#10109 = EDGE_CURVE('',#9194,#8566,#10110,.T.);
#10110 = SURFACE_CURVE('',#10111,(#10115,#10122),.PCURVE_S1.);
#10111 = LINE('',#10112,#10113);
#10112 = CARTESIAN_POINT('',(-4.194555804133E-03,6.277595646679E-03,
    2.009257907048E-03));
#10113 = VECTOR('',#10114,1.);
#10114 = DIRECTION('',(-0.195090352398,-0.98078527436,0.));
#10115 = PCURVE('',#9983,#10116);
#10116 = DEFINITIONAL_REPRESENTATION('',(#10117),#10121);
#10117 = LINE('',#10118,#10119);
#10118 = CARTESIAN_POINT('',(-1.60518700472E-03,5.123955433799E-03));
#10119 = VECTOR('',#10120,1.);
#10120 = DIRECTION('',(0.195090352398,-0.98078527436));
#10121 = ( GEOMETRIC_REPRESENTATION_CONTEXT(2) 
PARAMETRIC_REPRESENTATION_CONTEXT() REPRESENTATION_CONTEXT('2D SPACE',''
  ) );
#10122 = PCURVE('',#10093,#10123);
#10123 = DEFINITIONAL_REPRESENTATION('',(#10124),#10127);
#10124 = B_SPLINE_CURVE_WITH_KNOTS('',1,(#10125,#10126),.UNSPECIFIED.,
  .F.,.F.,(2,2),(0.,1.067731309246E-02),.PIECEWISE_BEZIER_KNOTS.);
#10125 = CARTESIAN_POINT('',(2.355890339031E-03,7.506152686745E-03));
#10126 = CARTESIAN_POINT('',(4.438931112899E-03,-2.965998764068E-03));
#10127 = ( GEOMETRIC_REPRESENTATION_CONTEXT(2) 
PARAMETRIC_REPRESENTATION_CONTEXT() REPRESENTATION_CONTEXT('2D SPACE',''
  ) );
#10128 = ORIENTED_EDGE('',*,*,#9969,.F.);
#10129 = ORIENTED_EDGE('',*,*,#9999,.F.);
#10130 = ADVANCED_FACE('',(#10131),#10038,.T.);
#10131 = FACE_BOUND('',#10132,.T.);
#10132 = EDGE_LOOP('',(#10133,#10153,#10154));
#10133 = ORIENTED_EDGE('',*,*,#10134,.T.);
#10134 = EDGE_CURVE('',#7938,#9194,#10135,.T.);
#10135 = SURFACE_CURVE('',#10136,(#10140,#10147),.PCURVE_S1.);
#10136 = LINE('',#10137,#10138);
#10137 = CARTESIAN_POINT('',(4.194555804133E-03,-6.277595646679E-03,
    2.009257907048E-03));
#10138 = VECTOR('',#10139,1.);
#10139 = DIRECTION('',(-0.555570278394,0.831469581984,0.));
#10140 = PCURVE('',#10038,#10141);
#10141 = DEFINITIONAL_REPRESENTATION('',(#10142),#10146);
#10142 = LINE('',#10143,#10144);
#10143 = CARTESIAN_POINT('',(-2.355890339031E-03,-7.506152686745E-03));
#10144 = VECTOR('',#10145,1.);
#10145 = DIRECTION('',(0.555570278394,0.831469581984));
#10146 = ( GEOMETRIC_REPRESENTATION_CONTEXT(2) 
PARAMETRIC_REPRESENTATION_CONTEXT() REPRESENTATION_CONTEXT('2D SPACE',''
  ) );
#10147 = PCURVE('',#10093,#10148);
#10148 = DEFINITIONAL_REPRESENTATION('',(#10149),#10152);
#10149 = B_SPLINE_CURVE_WITH_KNOTS('',1,(#10150,#10151),.UNSPECIFIED.,
  .F.,.F.,(2,2),(0.,1.510000072811E-02),.PIECEWISE_BEZIER_KNOTS.);
#10150 = CARTESIAN_POINT('',(-6.033221269236E-03,-5.049038606614E-03));
#10151 = CARTESIAN_POINT('',(2.355890339031E-03,7.506152686745E-03));
#10152 = ( GEOMETRIC_REPRESENTATION_CONTEXT(2) 
PARAMETRIC_REPRESENTATION_CONTEXT() REPRESENTATION_CONTEXT('2D SPACE',''
  ) );
#10153 = ORIENTED_EDGE('',*,*,#10024,.F.);
#10154 = ORIENTED_EDGE('',*,*,#10054,.F.);
#10155 = ADVANCED_FACE('',(#10156),#10093,.T.);
#10156 = FACE_BOUND('',#10157,.T.);
#10157 = EDGE_LOOP('',(#10158,#10159,#10160));
#10158 = ORIENTED_EDGE('',*,*,#10134,.F.);
#10159 = ORIENTED_EDGE('',*,*,#10079,.F.);
#10160 = ORIENTED_EDGE('',*,*,#10109,.F.);
#10161 = ADVANCED_FACE('',(#10162),#9361,.T.);
#10162 = FACE_BOUND('',#10163,.T.);
#10163 = EDGE_LOOP('',(#10164,#10184,#10204));
#10164 = ORIENTED_EDGE('',*,*,#10165,.T.);
#10165 = EDGE_CURVE('',#9270,#6711,#10166,.T.);
#10166 = SURFACE_CURVE('',#10167,(#10171,#10178),.PCURVE_S1.);
#10167 = LINE('',#10168,#10169);
#10168 = CARTESIAN_POINT('',(-2.889260649681E-03,6.975290831178E-03,
    2.009257907048E-03));
#10169 = VECTOR('',#10170,1.);
#10170 = DIRECTION('',(0.836457329013,0.253736349215,-0.485754054874));
#10171 = PCURVE('',#9361,#10172);
#10172 = DEFINITIONAL_REPRESENTATION('',(#10173),#10177);
#10173 = LINE('',#10174,#10175);
#10174 = CARTESIAN_POINT('',(8.923581347578E-04,-2.589221698374E-04));
#10175 = VECTOR('',#10176,1.);
#10176 = DIRECTION('',(-0.874095531491,0.485754054874));
#10177 = ( GEOMETRIC_REPRESENTATION_CONTEXT(2) 
PARAMETRIC_REPRESENTATION_CONTEXT() REPRESENTATION_CONTEXT('2D SPACE',''
  ) );
#10178 = PCURVE('',#6751,#10179);
#10179 = DEFINITIONAL_REPRESENTATION('',(#10180),#10183);
#10180 = B_SPLINE_CURVE_WITH_KNOTS('',1,(#10181,#10182),.UNSPECIFIED.,
  .F.,.F.,(2,2),(0.,1.693246541586E-03),.PIECEWISE_BEZIER_KNOTS.);
#10181 = CARTESIAN_POINT('',(5.877011009554E-04,-5.635792036398E-04));
#10182 = CARTESIAN_POINT('',(-8.923581347578E-04,2.589221698374E-04));
#10183 = ( GEOMETRIC_REPRESENTATION_CONTEXT(2) 
PARAMETRIC_REPRESENTATION_CONTEXT() REPRESENTATION_CONTEXT('2D SPACE',''
  ) );
#10184 = ORIENTED_EDGE('',*,*,#10185,.T.);
#10185 = EDGE_CURVE('',#6711,#9320,#10186,.T.);
#10186 = SURFACE_CURVE('',#10187,(#10191,#10198),.PCURVE_S1.);
#10187 = LINE('',#10188,#10189);
#10188 = CARTESIAN_POINT('',(-1.472932170145E-03,7.404929026961E-03,
    1.186756533571E-03));
#10189 = VECTOR('',#10190,1.);
#10190 = DIRECTION('',(0.,0.,1.));
#10191 = PCURVE('',#9361,#10192);
#10192 = DEFINITIONAL_REPRESENTATION('',(#10193),#10197);
#10193 = LINE('',#10194,#10195);
#10194 = CARTESIAN_POINT('',(-5.877011009554E-04,5.635792036398E-04));
#10195 = VECTOR('',#10196,1.);
#10196 = DIRECTION('',(0.,-1.));
#10197 = ( GEOMETRIC_REPRESENTATION_CONTEXT(2) 
PARAMETRIC_REPRESENTATION_CONTEXT() REPRESENTATION_CONTEXT('2D SPACE',''
  ) );
#10198 = PCURVE('',#6888,#10199);
#10199 = DEFINITIONAL_REPRESENTATION('',(#10200),#10203);
#10200 = B_SPLINE_CURVE_WITH_KNOTS('',1,(#10201,#10202),.UNSPECIFIED.,
  .F.,.F.,(2,2),(0.,8.225013734773E-04),.PIECEWISE_BEZIER_KNOTS.);
#10201 = CARTESIAN_POINT('',(5.877010409331E-04,2.589221738698E-04));
#10202 = CARTESIAN_POINT('',(5.877010409331E-04,-5.635791996074E-04));
#10203 = ( GEOMETRIC_REPRESENTATION_CONTEXT(2) 
PARAMETRIC_REPRESENTATION_CONTEXT() REPRESENTATION_CONTEXT('2D SPACE',''
  ) );
#10204 = ORIENTED_EDGE('',*,*,#9347,.F.);
#10205 = ADVANCED_FACE('',(#10206),#6751,.T.);
#10206 = FACE_BOUND('',#10207,.T.);
#10207 = EDGE_LOOP('',(#10208,#10209,#10210));
#10208 = ORIENTED_EDGE('',*,*,#6737,.F.);
#10209 = ORIENTED_EDGE('',*,*,#10165,.F.);
#10210 = ORIENTED_EDGE('',*,*,#9269,.F.);
#10211 = ADVANCED_FACE('',(#10212),#6975,.T.);
#10212 = FACE_BOUND('',#10213,.T.);
#10213 = EDGE_LOOP('',(#10214,#10234,#10235));
#10214 = ORIENTED_EDGE('',*,*,#10215,.T.);
#10215 = EDGE_CURVE('',#9320,#6853,#10216,.T.);
#10216 = SURFACE_CURVE('',#10217,(#10221,#10228),.PCURVE_S1.);
#10217 = LINE('',#10218,#10219);
#10218 = CARTESIAN_POINT('',(-1.472932170145E-03,7.404929026961E-03,
    2.009257907048E-03));
#10219 = VECTOR('',#10220,1.);
#10220 = DIRECTION('',(0.869886476293,8.567663232595E-02,-0.485754086999
    ));
#10221 = PCURVE('',#6975,#10222);
#10222 = DEFINITIONAL_REPRESENTATION('',(#10223),#10227);
#10223 = LINE('',#10224,#10225);
#10224 = CARTESIAN_POINT('',(8.923580666707E-04,-2.589221738698E-04));
#10225 = VECTOR('',#10226,1.);
#10226 = DIRECTION('',(-0.874095513639,0.485754086999));
#10227 = ( GEOMETRIC_REPRESENTATION_CONTEXT(2) 
PARAMETRIC_REPRESENTATION_CONTEXT() REPRESENTATION_CONTEXT('2D SPACE',''
  ) );
#10228 = PCURVE('',#6888,#10229);
#10229 = DEFINITIONAL_REPRESENTATION('',(#10230),#10233);
#10230 = B_SPLINE_CURVE_WITH_KNOTS('',1,(#10231,#10232),.UNSPECIFIED.,
  .F.,.F.,(2,2),(0.,1.693246429606E-03),.PIECEWISE_BEZIER_KNOTS.);
#10231 = CARTESIAN_POINT('',(5.877010409331E-04,-5.635791996074E-04));
#10232 = CARTESIAN_POINT('',(-8.923580666707E-04,2.589221738698E-04));
#10233 = ( GEOMETRIC_REPRESENTATION_CONTEXT(2) 
PARAMETRIC_REPRESENTATION_CONTEXT() REPRESENTATION_CONTEXT('2D SPACE',''
  ) );
#10234 = ORIENTED_EDGE('',*,*,#6961,.F.);
#10235 = ORIENTED_EDGE('',*,*,#9395,.F.);
#10236 = ADVANCED_FACE('',(#10237),#6888,.T.);
#10237 = FACE_BOUND('',#10238,.T.);
#10238 = EDGE_LOOP('',(#10239,#10240,#10241));
#10239 = ORIENTED_EDGE('',*,*,#6874,.F.);
#10240 = ORIENTED_EDGE('',*,*,#10215,.F.);
#10241 = ORIENTED_EDGE('',*,*,#10185,.F.);
#10242 = ADVANCED_FACE('',(#10243),#3233,.T.);
#10243 = FACE_BOUND('',#10244,.T.);
#10244 = EDGE_LOOP('',(#10245,#10265,#10285));
#10245 = ORIENTED_EDGE('',*,*,#10246,.T.);
#10246 = EDGE_CURVE('',#3193,#4484,#10247,.T.);
#10247 = SURFACE_CURVE('',#10248,(#10252,#10259),.PCURVE_S1.);
#10248 = LINE('',#10249,#10250);
#10249 = CARTESIAN_POINT('',(-1.000000163913E-02,-7.400001399219E-03,
    2.500000176951E-03));
#10250 = VECTOR('',#10251,1.);
#10251 = DIRECTION('',(0.360076829777,-3.546430076229E-02,
    -0.932248336029));
#10252 = PCURVE('',#3233,#10253);
#10253 = DEFINITIONAL_REPRESENTATION('',(#10254),#10258);
#10254 = LINE('',#10255,#10256);
#10255 = CARTESIAN_POINT('',(3.584064702838E-04,-5.530597830749E-04));
#10256 = VECTOR('',#10257,1.);
#10257 = DIRECTION('',(-0.361819070767,0.932248336029));
#10258 = ( GEOMETRIC_REPRESENTATION_CONTEXT(2) 
PARAMETRIC_REPRESENTATION_CONTEXT() REPRESENTATION_CONTEXT('2D SPACE',''
  ) );
#10259 = PCURVE('',#4524,#10260);
#10260 = DEFINITIONAL_REPRESENTATION('',(#10261),#10264);
#10261 = B_SPLINE_CURVE_WITH_KNOTS('',1,(#10262,#10263),.UNSPECIFIED.,
  .F.,.F.,(2,2),(0.,1.408684352255E-03),.PIECEWISE_BEZIER_KNOTS.);
#10262 = CARTESIAN_POINT('',(1.512823930529E-04,-7.601838603058E-04));
#10263 = CARTESIAN_POINT('',(-3.584064702838E-04,5.530597830749E-04));
#10264 = ( GEOMETRIC_REPRESENTATION_CONTEXT(2) 
PARAMETRIC_REPRESENTATION_CONTEXT() REPRESENTATION_CONTEXT('2D SPACE',''
  ) );
#10265 = ORIENTED_EDGE('',*,*,#10266,.T.);
#10266 = EDGE_CURVE('',#4484,#3137,#10267,.T.);
#10267 = SURFACE_CURVE('',#10268,(#10272,#10279),.PCURVE_S1.);
#10268 = LINE('',#10269,#10270);
#10269 = CARTESIAN_POINT('',(-9.492767043412E-03,-7.449959404767E-03,
    1.186756533571E-03));
#10270 = VECTOR('',#10271,1.);
#10271 = DIRECTION('',(0.,0.,1.));
#10272 = PCURVE('',#3233,#10273);
#10273 = DEFINITIONAL_REPRESENTATION('',(#10274),#10278);
#10274 = LINE('',#10275,#10276);
#10275 = CARTESIAN_POINT('',(-1.512823930529E-04,7.601838603058E-04));
#10276 = VECTOR('',#10277,1.);
#10277 = DIRECTION('',(0.,-1.));
#10278 = ( GEOMETRIC_REPRESENTATION_CONTEXT(2) 
PARAMETRIC_REPRESENTATION_CONTEXT() REPRESENTATION_CONTEXT('2D SPACE',''
  ) );
#10279 = PCURVE('',#4581,#10280);
#10280 = DEFINITIONAL_REPRESENTATION('',(#10281),#10284);
#10281 = B_SPLINE_CURVE_WITH_KNOTS('',1,(#10282,#10283),.UNSPECIFIED.,
  .F.,.F.,(2,2),(0.,1.313243643381E-03),.PIECEWISE_BEZIER_KNOTS.);
#10282 = CARTESIAN_POINT('',(1.512824681639E-04,5.53059747876E-04));
#10283 = CARTESIAN_POINT('',(1.512824681639E-04,-7.601838955047E-04));
#10284 = ( GEOMETRIC_REPRESENTATION_CONTEXT(2) 
PARAMETRIC_REPRESENTATION_CONTEXT() REPRESENTATION_CONTEXT('2D SPACE',''
  ) );
#10285 = ORIENTED_EDGE('',*,*,#3219,.F.);
#10286 = ADVANCED_FACE('',(#10287),#4524,.T.);
#10287 = FACE_BOUND('',#10288,.T.);
#10288 = EDGE_LOOP('',(#10289,#10290,#10291));
#10289 = ORIENTED_EDGE('',*,*,#4510,.F.);
#10290 = ORIENTED_EDGE('',*,*,#10246,.F.);
#10291 = ORIENTED_EDGE('',*,*,#10292,.T.);
#10292 = EDGE_CURVE('',#3193,#4428,#10293,.T.);
#10293 = SURFACE_CURVE('',#10294,(#10298,#10305),.PCURVE_S1.);
#10294 = LINE('',#10295,#10296);
#10295 = CARTESIAN_POINT('',(-1.000000163913E-02,-7.400001399219E-03,
    2.500000176951E-03));
#10296 = VECTOR('',#10297,1.);
#10297 = DIRECTION('',(0.,0.,-1.));
#10298 = PCURVE('',#4524,#10299);
#10299 = DEFINITIONAL_REPRESENTATION('',(#10300),#10304);
#10300 = LINE('',#10301,#10302);
#10301 = CARTESIAN_POINT('',(1.512823930529E-04,-7.601838603058E-04));
#10302 = VECTOR('',#10303,1.);
#10303 = DIRECTION('',(0.,1.));
#10304 = ( GEOMETRIC_REPRESENTATION_CONTEXT(2) 
PARAMETRIC_REPRESENTATION_CONTEXT() REPRESENTATION_CONTEXT('2D SPACE',''
  ) );
#10305 = PCURVE('',#3340,#10306);
#10306 = DEFINITIONAL_REPRESENTATION('',(#10307),#10310);
#10307 = B_SPLINE_CURVE_WITH_KNOTS('',1,(#10308,#10309),.UNSPECIFIED.,
  .F.,.F.,(2,2),(0.,1.313243643381E-03),.PIECEWISE_BEZIER_KNOTS.);
#10308 = CARTESIAN_POINT('',(-1.512827085994E-04,-5.530596352023E-04));
#10309 = CARTESIAN_POINT('',(-1.512827085994E-04,7.601840081784E-04));
#10310 = ( GEOMETRIC_REPRESENTATION_CONTEXT(2) 
PARAMETRIC_REPRESENTATION_CONTEXT() REPRESENTATION_CONTEXT('2D SPACE',''
  ) );
#10311 = ADVANCED_FACE('',(#10312),#3177,.T.);
#10312 = FACE_BOUND('',#10313,.T.);
#10313 = EDGE_LOOP('',(#10314,#10334,#10354));
#10314 = ORIENTED_EDGE('',*,*,#10315,.T.);
#10315 = EDGE_CURVE('',#3137,#4541,#10316,.T.);
#10316 = SURFACE_CURVE('',#10317,(#10321,#10328),.PCURVE_S1.);
#10317 = LINE('',#10318,#10319);
#10318 = CARTESIAN_POINT('',(-9.492767043412E-03,-7.449959404767E-03,
    2.500000176951E-03));
#10319 = VECTOR('',#10320,1.);
#10320 = DIRECTION('',(0.346239372795,-0.105030639303,-0.932248283203));
#10321 = PCURVE('',#3177,#10322);
#10322 = DEFINITIONAL_REPRESENTATION('',(#10323),#10327);
#10323 = LINE('',#10324,#10325);
#10324 = CARTESIAN_POINT('',(3.584066157926E-04,-5.53059747876E-04));
#10325 = VECTOR('',#10326,1.);
#10326 = DIRECTION('',(-0.361819206878,0.932248283203));
#10327 = ( GEOMETRIC_REPRESENTATION_CONTEXT(2) 
PARAMETRIC_REPRESENTATION_CONTEXT() REPRESENTATION_CONTEXT('2D SPACE',''
  ) );
#10328 = PCURVE('',#4581,#10329);
#10329 = DEFINITIONAL_REPRESENTATION('',(#10330),#10333);
#10330 = B_SPLINE_CURVE_WITH_KNOTS('',1,(#10331,#10332),.UNSPECIFIED.,
  .F.,.F.,(2,2),(0.,1.40868443208E-03),.PIECEWISE_BEZIER_KNOTS.);
#10331 = CARTESIAN_POINT('',(1.512824681639E-04,-7.601838955047E-04));
#10332 = CARTESIAN_POINT('',(-3.584066157926E-04,5.53059747876E-04));
#10333 = ( GEOMETRIC_REPRESENTATION_CONTEXT(2) 
PARAMETRIC_REPRESENTATION_CONTEXT() REPRESENTATION_CONTEXT('2D SPACE',''
  ) );
#10334 = ORIENTED_EDGE('',*,*,#10335,.T.);
#10335 = EDGE_CURVE('',#4541,#2969,#10336,.T.);
#10336 = SURFACE_CURVE('',#10337,(#10341,#10348),.PCURVE_S1.);
#10337 = LINE('',#10338,#10339);
#10338 = CARTESIAN_POINT('',(-9.005025029182E-03,-7.597914431244E-03,
    1.186756533571E-03));
#10339 = VECTOR('',#10340,1.);
#10340 = DIRECTION('',(0.,0.,1.));
#10341 = PCURVE('',#3177,#10342);
#10342 = DEFINITIONAL_REPRESENTATION('',(#10343),#10347);
#10343 = LINE('',#10344,#10345);
#10344 = CARTESIAN_POINT('',(-1.512824681639E-04,7.601838955047E-04));
#10345 = VECTOR('',#10346,1.);
#10346 = DIRECTION('',(0.,-1.));
#10347 = ( GEOMETRIC_REPRESENTATION_CONTEXT(2) 
PARAMETRIC_REPRESENTATION_CONTEXT() REPRESENTATION_CONTEXT('2D SPACE',''
  ) );
#10348 = PCURVE('',#4780,#10349);
#10349 = DEFINITIONAL_REPRESENTATION('',(#10350),#10353);
#10350 = B_SPLINE_CURVE_WITH_KNOTS('',1,(#10351,#10352),.UNSPECIFIED.,
  .F.,.F.,(2,2),(0.,1.313243643381E-03),.PIECEWISE_BEZIER_KNOTS.);
#10351 = CARTESIAN_POINT('',(1.512824800149E-04,5.530597423224E-04));
#10352 = CARTESIAN_POINT('',(1.512824800149E-04,-7.601839010583E-04));
#10353 = ( GEOMETRIC_REPRESENTATION_CONTEXT(2) 
PARAMETRIC_REPRESENTATION_CONTEXT() REPRESENTATION_CONTEXT('2D SPACE',''
  ) );
#10354 = ORIENTED_EDGE('',*,*,#3163,.F.);
#10355 = ADVANCED_FACE('',(#10356),#4581,.T.);
#10356 = FACE_BOUND('',#10357,.T.);
#10357 = EDGE_LOOP('',(#10358,#10359,#10360));
#10358 = ORIENTED_EDGE('',*,*,#4567,.F.);
#10359 = ORIENTED_EDGE('',*,*,#10315,.F.);
#10360 = ORIENTED_EDGE('',*,*,#10266,.F.);
#10361 = ADVANCED_FACE('',(#10362),#3009,.T.);
#10362 = FACE_BOUND('',#10363,.T.);
#10363 = EDGE_LOOP('',(#10364,#10384,#10404));
#10364 = ORIENTED_EDGE('',*,*,#10365,.T.);
#10365 = EDGE_CURVE('',#2969,#4714,#10366,.T.);
#10366 = SURFACE_CURVE('',#10367,(#10371,#10378),.PCURVE_S1.);
#10367 = LINE('',#10368,#10369);
#10368 = CARTESIAN_POINT('',(-9.005025029182E-03,-7.597914431244E-03,
    2.500000176951E-03));
#10369 = VECTOR('',#10370,1.);
#10370 = DIRECTION('',(0.319096044757,-0.170560453291,-0.932248274868));
#10371 = PCURVE('',#3009,#10372);
#10372 = DEFINITIONAL_REPRESENTATION('',(#10373),#10377);
#10373 = LINE('',#10374,#10375);
#10374 = CARTESIAN_POINT('',(3.584066387508E-04,-5.530597423224E-04));
#10375 = VECTOR('',#10376,1.);
#10376 = DIRECTION('',(-0.361819228354,0.932248274868));
#10377 = ( GEOMETRIC_REPRESENTATION_CONTEXT(2) 
PARAMETRIC_REPRESENTATION_CONTEXT() REPRESENTATION_CONTEXT('2D SPACE',''
  ) );
#10378 = PCURVE('',#4780,#10379);
#10379 = DEFINITIONAL_REPRESENTATION('',(#10380),#10383);
#10380 = B_SPLINE_CURVE_WITH_KNOTS('',1,(#10381,#10382),.UNSPECIFIED.,
  .F.,.F.,(2,2),(0.,1.408684444675E-03),.PIECEWISE_BEZIER_KNOTS.);
#10381 = CARTESIAN_POINT('',(1.512824800149E-04,-7.601839010583E-04));
#10382 = CARTESIAN_POINT('',(-3.584066387508E-04,5.530597423224E-04));
#10383 = ( GEOMETRIC_REPRESENTATION_CONTEXT(2) 
PARAMETRIC_REPRESENTATION_CONTEXT() REPRESENTATION_CONTEXT('2D SPACE',''
  ) );
#10384 = ORIENTED_EDGE('',*,*,#10385,.T.);
#10385 = EDGE_CURVE('',#4714,#2913,#10386,.T.);
#10386 = SURFACE_CURVE('',#10387,(#10391,#10398),.PCURVE_S1.);
#10387 = LINE('',#10388,#10389);
#10388 = CARTESIAN_POINT('',(-8.555519394577E-03,-7.838180288672E-03,
    1.186756533571E-03));
#10389 = VECTOR('',#10390,1.);
#10390 = DIRECTION('',(0.,0.,1.));
#10391 = PCURVE('',#3009,#10392);
#10392 = DEFINITIONAL_REPRESENTATION('',(#10393),#10397);
#10393 = LINE('',#10394,#10395);
#10394 = CARTESIAN_POINT('',(-1.512824800149E-04,7.601839010583E-04));
#10395 = VECTOR('',#10396,1.);
#10396 = DIRECTION('',(0.,-1.));
#10397 = ( GEOMETRIC_REPRESENTATION_CONTEXT(2) 
PARAMETRIC_REPRESENTATION_CONTEXT() REPRESENTATION_CONTEXT('2D SPACE',''
  ) );
#10398 = PCURVE('',#4750,#10399);
#10399 = DEFINITIONAL_REPRESENTATION('',(#10400),#10403);
#10400 = B_SPLINE_CURVE_WITH_KNOTS('',1,(#10401,#10402),.UNSPECIFIED.,
  .F.,.F.,(2,2),(0.,1.313243643381E-03),.PIECEWISE_BEZIER_KNOTS.);
#10401 = CARTESIAN_POINT('',(1.512824408174E-04,5.530597606913E-04));
#10402 = CARTESIAN_POINT('',(1.512824408174E-04,-7.601838826894E-04));
#10403 = ( GEOMETRIC_REPRESENTATION_CONTEXT(2) 
PARAMETRIC_REPRESENTATION_CONTEXT() REPRESENTATION_CONTEXT('2D SPACE',''
  ) );
#10404 = ORIENTED_EDGE('',*,*,#2995,.F.);
#10405 = ADVANCED_FACE('',(#10406),#4780,.T.);
#10406 = FACE_BOUND('',#10407,.T.);
#10407 = EDGE_LOOP('',(#10408,#10409,#10410));
#10408 = ORIENTED_EDGE('',*,*,#4766,.F.);
#10409 = ORIENTED_EDGE('',*,*,#10365,.F.);
#10410 = ORIENTED_EDGE('',*,*,#10335,.F.);
#10411 = ADVANCED_FACE('',(#10412),#2953,.T.);
#10412 = FACE_BOUND('',#10413,.T.);
#10413 = EDGE_LOOP('',(#10414,#10434,#10454));
#10414 = ORIENTED_EDGE('',*,*,#10415,.T.);
#10415 = EDGE_CURVE('',#2913,#4596,#10416,.T.);
#10416 = SURFACE_CURVE('',#10417,(#10421,#10428),.PCURVE_S1.);
#10417 = LINE('',#10418,#10419);
#10418 = CARTESIAN_POINT('',(-8.555519394577E-03,-7.838180288672E-03,
    2.500000176951E-03));
#10419 = VECTOR('',#10420,1.);
#10420 = DIRECTION('',(0.279690101647,-0.229535508465,-0.932248302436));
#10421 = PCURVE('',#2953,#10422);
#10422 = DEFINITIONAL_REPRESENTATION('',(#10423),#10427);
#10423 = LINE('',#10424,#10425);
#10424 = CARTESIAN_POINT('',(3.584065628156E-04,-5.530597606913E-04));
#10425 = VECTOR('',#10426,1.);
#10426 = DIRECTION('',(-0.361819157322,0.932248302436));
#10427 = ( GEOMETRIC_REPRESENTATION_CONTEXT(2) 
PARAMETRIC_REPRESENTATION_CONTEXT() REPRESENTATION_CONTEXT('2D SPACE',''
  ) );
#10428 = PCURVE('',#4750,#10429);
#10429 = DEFINITIONAL_REPRESENTATION('',(#10430),#10433);
#10430 = B_SPLINE_CURVE_WITH_KNOTS('',1,(#10431,#10432),.UNSPECIFIED.,
  .F.,.F.,(2,2),(0.,1.408684403017E-03),.PIECEWISE_BEZIER_KNOTS.);
#10431 = CARTESIAN_POINT('',(1.512824408174E-04,-7.601838826894E-04));
#10432 = CARTESIAN_POINT('',(-3.584065628156E-04,5.530597606913E-04));
#10433 = ( GEOMETRIC_REPRESENTATION_CONTEXT(2) 
PARAMETRIC_REPRESENTATION_CONTEXT() REPRESENTATION_CONTEXT('2D SPACE',''
  ) );
#10434 = ORIENTED_EDGE('',*,*,#10435,.T.);
#10435 = EDGE_CURVE('',#4596,#2745,#10436,.T.);
#10436 = SURFACE_CURVE('',#10437,(#10441,#10448),.PCURVE_S1.);
#10437 = LINE('',#10438,#10439);
#10438 = CARTESIAN_POINT('',(-8.161524310708E-03,-8.161523379385E-03,
    1.186756533571E-03));
#10439 = VECTOR('',#10440,1.);
#10440 = DIRECTION('',(0.,0.,1.));
#10441 = PCURVE('',#2953,#10442);
#10442 = DEFINITIONAL_REPRESENTATION('',(#10443),#10447);
#10443 = LINE('',#10444,#10445);
#10444 = CARTESIAN_POINT('',(-1.512824408174E-04,7.601838826894E-04));
#10445 = VECTOR('',#10446,1.);
#10446 = DIRECTION('',(0.,-1.));
#10447 = ( GEOMETRIC_REPRESENTATION_CONTEXT(2) 
PARAMETRIC_REPRESENTATION_CONTEXT() REPRESENTATION_CONTEXT('2D SPACE',''
  ) );
#10448 = PCURVE('',#2785,#10449);
#10449 = DEFINITIONAL_REPRESENTATION('',(#10450),#10453);
#10450 = B_SPLINE_CURVE_WITH_KNOTS('',1,(#10451,#10452),.UNSPECIFIED.,
  .F.,.F.,(2,2),(0.,1.313243643381E-03),.PIECEWISE_BEZIER_KNOTS.);
#10451 = CARTESIAN_POINT('',(-1.512826419666E-04,-7.601839769527E-04));
#10452 = CARTESIAN_POINT('',(-1.512826419666E-04,5.53059666428E-04));
#10453 = ( GEOMETRIC_REPRESENTATION_CONTEXT(2) 
PARAMETRIC_REPRESENTATION_CONTEXT() REPRESENTATION_CONTEXT('2D SPACE',''
  ) );
#10454 = ORIENTED_EDGE('',*,*,#2939,.F.);
#10455 = ADVANCED_FACE('',(#10456),#4750,.T.);
#10456 = FACE_BOUND('',#10457,.T.);
#10457 = EDGE_LOOP('',(#10458,#10459,#10460));
#10458 = ORIENTED_EDGE('',*,*,#4736,.F.);
#10459 = ORIENTED_EDGE('',*,*,#10415,.F.);
#10460 = ORIENTED_EDGE('',*,*,#10385,.F.);
#10461 = ADVANCED_FACE('',(#10462),#2785,.T.);
#10462 = FACE_BOUND('',#10463,.T.);
#10463 = EDGE_LOOP('',(#10464,#10490,#10491));
#10464 = ORIENTED_EDGE('',*,*,#10465,.T.);
#10465 = EDGE_CURVE('',#4596,#2578,#10466,.T.);
#10466 = SURFACE_CURVE('',#10467,(#10471,#10478),.PCURVE_S1.);
#10467 = LINE('',#10468,#10469);
#10468 = CARTESIAN_POINT('',(-8.161524310708E-03,-8.161523379385E-03,
    1.186756533571E-03));
#10469 = VECTOR('',#10470,1.);
#10470 = DIRECTION('',(0.229536134761,-0.279690059203,0.932248160964));
#10471 = PCURVE('',#2785,#10472);
#10472 = DEFINITIONAL_REPRESENTATION('',(#10473),#10477);
#10473 = LINE('',#10474,#10475);
#10474 = CARTESIAN_POINT('',(-1.512826419666E-04,-7.601839769527E-04));
#10475 = VECTOR('',#10476,1.);
#10476 = DIRECTION('',(0.361819521831,0.932248160964));
#10477 = ( GEOMETRIC_REPRESENTATION_CONTEXT(2) 
PARAMETRIC_REPRESENTATION_CONTEXT() REPRESENTATION_CONTEXT('2D SPACE',''
  ) );
#10478 = PCURVE('',#10479,#10484);
#10479 = PLANE('',#10480);
#10480 = AXIS2_PLACEMENT_3D('',#10481,#10482,#10483);
#10481 = CARTESIAN_POINT('',(-7.99985229969E-03,-8.35852092132E-03,
    1.843378355261E-03));
#10482 = DIRECTION('',(0.930220484713,-0.218767095579,-0.294670676708));
#10483 = DIRECTION('',(0.301985643355,1.387778780781E-17,0.953312473016)
  );
#10484 = DEFINITIONAL_REPRESENTATION('',(#10485),#10489);
#10485 = LINE('',#10486,#10487);
#10486 = CARTESIAN_POINT('',(-6.747883989315E-04,-2.018878502093E-04));
#10487 = VECTOR('',#10488,1.);
#10488 = DIRECTION('',(0.958040417123,0.286633143861));
#10489 = ( GEOMETRIC_REPRESENTATION_CONTEXT(2) 
PARAMETRIC_REPRESENTATION_CONTEXT() REPRESENTATION_CONTEXT('2D SPACE',''
  ) );
#10490 = ORIENTED_EDGE('',*,*,#2771,.F.);
#10491 = ORIENTED_EDGE('',*,*,#10435,.F.);
#10492 = ADVANCED_FACE('',(#10493),#4835,.T.);
#10493 = FACE_BOUND('',#10494,.T.);
#10494 = EDGE_LOOP('',(#10495,#10516,#10517));
#10495 = ORIENTED_EDGE('',*,*,#10496,.T.);
#10496 = EDGE_CURVE('',#2578,#4596,#10497,.T.);
#10497 = SURFACE_CURVE('',#10498,(#10502,#10509),.PCURVE_S1.);
#10498 = LINE('',#10499,#10500);
#10499 = CARTESIAN_POINT('',(-7.838180288672E-03,-8.555518463254E-03,
    2.500000176951E-03));
#10500 = VECTOR('',#10501,1.);
#10501 = DIRECTION('',(-0.229536134761,0.279690059203,-0.932248160964));
#10502 = PCURVE('',#4835,#10503);
#10503 = DEFINITIONAL_REPRESENTATION('',(#10504),#10508);
#10504 = LINE('',#10505,#10506);
#10505 = CARTESIAN_POINT('',(1.512821957165E-04,7.601837678293E-04));
#10506 = VECTOR('',#10507,1.);
#10507 = DIRECTION('',(-0.361818713167,-0.932248474819));
#10508 = ( GEOMETRIC_REPRESENTATION_CONTEXT(2) 
PARAMETRIC_REPRESENTATION_CONTEXT() REPRESENTATION_CONTEXT('2D SPACE',''
  ) );
#10509 = PCURVE('',#10479,#10510);
#10510 = DEFINITIONAL_REPRESENTATION('',(#10511),#10515);
#10511 = LINE('',#10512,#10513);
#10512 = CARTESIAN_POINT('',(6.747883989315E-04,2.018878502093E-04));
#10513 = VECTOR('',#10514,1.);
#10514 = DIRECTION('',(-0.958040417123,-0.286633143861));
#10515 = ( GEOMETRIC_REPRESENTATION_CONTEXT(2) 
PARAMETRIC_REPRESENTATION_CONTEXT() REPRESENTATION_CONTEXT('2D SPACE',''
  ) );
#10516 = ORIENTED_EDGE('',*,*,#4821,.F.);
#10517 = ORIENTED_EDGE('',*,*,#10518,.T.);
#10518 = EDGE_CURVE('',#4795,#2578,#10519,.T.);
#10519 = SURFACE_CURVE('',#10520,(#10524,#10531),.PCURVE_S1.);
#10520 = LINE('',#10521,#10522);
#10521 = CARTESIAN_POINT('',(-7.838180288672E-03,-8.555518463254E-03,
    1.186756533571E-03));
#10522 = VECTOR('',#10523,1.);
#10523 = DIRECTION('',(0.,0.,1.));
#10524 = PCURVE('',#4835,#10525);
#10525 = DEFINITIONAL_REPRESENTATION('',(#10526),#10530);
#10526 = LINE('',#10527,#10528);
#10527 = CARTESIAN_POINT('',(1.512821957165E-04,-5.530598755514E-04));
#10528 = VECTOR('',#10529,1.);
#10529 = DIRECTION('',(0.,1.));
#10530 = ( GEOMETRIC_REPRESENTATION_CONTEXT(2) 
PARAMETRIC_REPRESENTATION_CONTEXT() REPRESENTATION_CONTEXT('2D SPACE',''
  ) );
#10531 = PCURVE('',#4947,#10532);
#10532 = DEFINITIONAL_REPRESENTATION('',(#10533),#10536);
#10533 = B_SPLINE_CURVE_WITH_KNOTS('',1,(#10534,#10535),.UNSPECIFIED.,
  .F.,.F.,(2,2),(0.,1.313243643381E-03),.PIECEWISE_BEZIER_KNOTS.);
#10534 = CARTESIAN_POINT('',(-1.512826849151E-04,-5.530596463013E-04));
#10535 = CARTESIAN_POINT('',(-1.512826849151E-04,7.601839970794E-04));
#10536 = ( GEOMETRIC_REPRESENTATION_CONTEXT(2) 
PARAMETRIC_REPRESENTATION_CONTEXT() REPRESENTATION_CONTEXT('2D SPACE',''
  ) );
#10537 = ADVANCED_FACE('',(#10538),#10479,.T.);
#10538 = FACE_BOUND('',#10539,.F.);
#10539 = EDGE_LOOP('',(#10540,#10541));
#10540 = ORIENTED_EDGE('',*,*,#10496,.T.);
#10541 = ORIENTED_EDGE('',*,*,#10465,.T.);
#10542 = ADVANCED_FACE('',(#10543),#2613,.T.);
#10543 = FACE_BOUND('',#10544,.T.);
#10544 = EDGE_LOOP('',(#10545,#10565,#10585));
#10545 = ORIENTED_EDGE('',*,*,#10546,.T.);
#10546 = EDGE_CURVE('',#2578,#4907,#10547,.T.);
#10547 = SURFACE_CURVE('',#10548,(#10552,#10559),.PCURVE_S1.);
#10548 = LINE('',#10549,#10550);
#10549 = CARTESIAN_POINT('',(-7.838180288672E-03,-8.555518463254E-03,
    2.500000176951E-03));
#10550 = VECTOR('',#10551,1.);
#10551 = DIRECTION('',(0.170560096361,-0.319096656559,-0.932248130758));
#10552 = PCURVE('',#2613,#10553);
#10553 = DEFINITIONAL_REPRESENTATION('',(#10554),#10558);
#10554 = LINE('',#10555,#10556);
#10555 = CARTESIAN_POINT('',(-3.584070356932E-04,5.530596463013E-04));
#10556 = VECTOR('',#10557,1.);
#10557 = DIRECTION('',(0.36181959966,-0.932248130758));
#10558 = ( GEOMETRIC_REPRESENTATION_CONTEXT(2) 
PARAMETRIC_REPRESENTATION_CONTEXT() REPRESENTATION_CONTEXT('2D SPACE',''
  ) );
#10559 = PCURVE('',#4947,#10560);
#10560 = DEFINITIONAL_REPRESENTATION('',(#10561),#10564);
#10561 = B_SPLINE_CURVE_WITH_KNOTS('',1,(#10562,#10563),.UNSPECIFIED.,
  .F.,.F.,(2,2),(0.,1.408684662433E-03),.PIECEWISE_BEZIER_KNOTS.);
#10562 = CARTESIAN_POINT('',(-1.512826849151E-04,7.601839970794E-04));
#10563 = CARTESIAN_POINT('',(3.584070356932E-04,-5.530596463013E-04));
#10564 = ( GEOMETRIC_REPRESENTATION_CONTEXT(2) 
PARAMETRIC_REPRESENTATION_CONTEXT() REPRESENTATION_CONTEXT('2D SPACE',''
  ) );
#10565 = ORIENTED_EDGE('',*,*,#10566,.T.);
#10566 = EDGE_CURVE('',#4907,#2522,#10567,.T.);
#10567 = SURFACE_CURVE('',#10568,(#10572,#10579),.PCURVE_S1.);
#10568 = LINE('',#10569,#10570);
#10569 = CARTESIAN_POINT('',(-7.597914896905E-03,-9.005025029182E-03,
    1.186756533571E-03));
#10570 = VECTOR('',#10571,1.);
#10571 = DIRECTION('',(0.,0.,1.));
#10572 = PCURVE('',#2613,#10573);
#10573 = DEFINITIONAL_REPRESENTATION('',(#10574),#10578);
#10574 = LINE('',#10575,#10576);
#10575 = CARTESIAN_POINT('',(1.512826849151E-04,-7.601839970794E-04));
#10576 = VECTOR('',#10577,1.);
#10577 = DIRECTION('',(0.,1.));
#10578 = ( GEOMETRIC_REPRESENTATION_CONTEXT(2) 
PARAMETRIC_REPRESENTATION_CONTEXT() REPRESENTATION_CONTEXT('2D SPACE',''
  ) );
#10579 = PCURVE('',#5059,#10580);
#10580 = DEFINITIONAL_REPRESENTATION('',(#10581),#10584);
#10581 = B_SPLINE_CURVE_WITH_KNOTS('',1,(#10582,#10583),.UNSPECIFIED.,
  .F.,.F.,(2,2),(0.,1.313243643381E-03),.PIECEWISE_BEZIER_KNOTS.);
#10582 = CARTESIAN_POINT('',(-1.512824221432E-04,-5.530597694424E-04));
#10583 = CARTESIAN_POINT('',(-1.512824221432E-04,7.601838739383E-04));
#10584 = ( GEOMETRIC_REPRESENTATION_CONTEXT(2) 
PARAMETRIC_REPRESENTATION_CONTEXT() REPRESENTATION_CONTEXT('2D SPACE',''
  ) );
#10585 = ORIENTED_EDGE('',*,*,#2599,.F.);
#10586 = ADVANCED_FACE('',(#10587),#4947,.T.);
#10587 = FACE_BOUND('',#10588,.T.);
#10588 = EDGE_LOOP('',(#10589,#10590,#10591));
#10589 = ORIENTED_EDGE('',*,*,#4933,.F.);
#10590 = ORIENTED_EDGE('',*,*,#10546,.F.);
#10591 = ORIENTED_EDGE('',*,*,#10518,.F.);
#10592 = ADVANCED_FACE('',(#10593),#2562,.T.);
#10593 = FACE_BOUND('',#10594,.T.);
#10594 = EDGE_LOOP('',(#10595,#10615,#10635));
#10595 = ORIENTED_EDGE('',*,*,#10596,.T.);
#10596 = EDGE_CURVE('',#2522,#5019,#10597,.T.);
#10597 = SURFACE_CURVE('',#10598,(#10602,#10609),.PCURVE_S1.);
#10598 = LINE('',#10599,#10600);
#10599 = CARTESIAN_POINT('',(-7.597914896905E-03,-9.005025029182E-03,
    2.500000176951E-03));
#10600 = VECTOR('',#10601,1.);
#10601 = DIRECTION('',(0.105030312385,-0.346239384816,-0.93224831557));
#10602 = PCURVE('',#2562,#10603);
#10603 = DEFINITIONAL_REPRESENTATION('',(#10604),#10608);
#10604 = LINE('',#10605,#10606);
#10605 = CARTESIAN_POINT('',(-3.584065266391E-04,5.530597694424E-04));
#10606 = VECTOR('',#10607,1.);
#10607 = DIRECTION('',(0.361819123482,-0.93224831557));
#10608 = ( GEOMETRIC_REPRESENTATION_CONTEXT(2) 
PARAMETRIC_REPRESENTATION_CONTEXT() REPRESENTATION_CONTEXT('2D SPACE',''
  ) );
#10609 = PCURVE('',#5059,#10610);
#10610 = DEFINITIONAL_REPRESENTATION('',(#10611),#10614);
#10611 = B_SPLINE_CURVE_WITH_KNOTS('',1,(#10612,#10613),.UNSPECIFIED.,
  .F.,.F.,(2,2),(0.,1.408684383171E-03),.PIECEWISE_BEZIER_KNOTS.);
#10612 = CARTESIAN_POINT('',(-1.512824221432E-04,7.601838739383E-04));
#10613 = CARTESIAN_POINT('',(3.584065266391E-04,-5.530597694424E-04));
#10614 = ( GEOMETRIC_REPRESENTATION_CONTEXT(2) 
PARAMETRIC_REPRESENTATION_CONTEXT() REPRESENTATION_CONTEXT('2D SPACE',''
  ) );
#10615 = ORIENTED_EDGE('',*,*,#10616,.T.);
#10616 = EDGE_CURVE('',#5019,#2359,#10617,.T.);
#10617 = SURFACE_CURVE('',#10618,(#10622,#10629),.PCURVE_S1.);
#10618 = LINE('',#10619,#10620);
#10619 = CARTESIAN_POINT('',(-7.449960336089E-03,-9.492767043412E-03,
    1.186756533571E-03));
#10620 = VECTOR('',#10621,1.);
#10621 = DIRECTION('',(0.,0.,1.));
#10622 = PCURVE('',#2562,#10623);
#10623 = DEFINITIONAL_REPRESENTATION('',(#10624),#10628);
#10624 = LINE('',#10625,#10626);
#10625 = CARTESIAN_POINT('',(1.512824221432E-04,-7.601838739383E-04));
#10626 = VECTOR('',#10627,1.);
#10627 = DIRECTION('',(0.,1.));
#10628 = ( GEOMETRIC_REPRESENTATION_CONTEXT(2) 
PARAMETRIC_REPRESENTATION_CONTEXT() REPRESENTATION_CONTEXT('2D SPACE',''
  ) );
#10629 = PCURVE('',#5171,#10630);
#10630 = DEFINITIONAL_REPRESENTATION('',(#10631),#10634);
#10631 = B_SPLINE_CURVE_WITH_KNOTS('',1,(#10632,#10633),.UNSPECIFIED.,
  .F.,.F.,(2,2),(0.,1.313243643381E-03),.PIECEWISE_BEZIER_KNOTS.);
#10632 = CARTESIAN_POINT('',(-1.512824241316E-04,-5.530597685106E-04));
#10633 = CARTESIAN_POINT('',(-1.512824241316E-04,7.601838748701E-04));
#10634 = ( GEOMETRIC_REPRESENTATION_CONTEXT(2) 
PARAMETRIC_REPRESENTATION_CONTEXT() REPRESENTATION_CONTEXT('2D SPACE',''
  ) );
#10635 = ORIENTED_EDGE('',*,*,#2548,.F.);
#10636 = ADVANCED_FACE('',(#10637),#5059,.T.);
#10637 = FACE_BOUND('',#10638,.T.);
#10638 = EDGE_LOOP('',(#10639,#10640,#10641));
#10639 = ORIENTED_EDGE('',*,*,#5045,.F.);
#10640 = ORIENTED_EDGE('',*,*,#10596,.F.);
#10641 = ORIENTED_EDGE('',*,*,#10566,.F.);
#10642 = ADVANCED_FACE('',(#10643),#2399,.T.);
#10643 = FACE_BOUND('',#10644,.T.);
#10644 = EDGE_LOOP('',(#10645,#10665,#10685));
#10645 = ORIENTED_EDGE('',*,*,#10646,.T.);
#10646 = EDGE_CURVE('',#2359,#5131,#10647,.T.);
#10647 = SURFACE_CURVE('',#10648,(#10652,#10659),.PCURVE_S1.);
#10648 = LINE('',#10649,#10650);
#10649 = CARTESIAN_POINT('',(-7.449960336089E-03,-9.492767043412E-03,
    2.500000176951E-03));
#10650 = VECTOR('',#10651,1.);
#10651 = DIRECTION('',(3.546496106011E-02,-0.360076821334,
    -0.932248314171));
#10652 = PCURVE('',#2399,#10653);
#10653 = DEFINITIONAL_REPRESENTATION('',(#10654),#10658);
#10654 = LINE('',#10655,#10656);
#10655 = CARTESIAN_POINT('',(-3.584065304911E-04,5.530597685106E-04));
#10656 = VECTOR('',#10657,1.);
#10657 = DIRECTION('',(0.361819127086,-0.932248314171));
#10658 = ( GEOMETRIC_REPRESENTATION_CONTEXT(2) 
PARAMETRIC_REPRESENTATION_CONTEXT() REPRESENTATION_CONTEXT('2D SPACE',''
  ) );
#10659 = PCURVE('',#5171,#10660);
#10660 = DEFINITIONAL_REPRESENTATION('',(#10661),#10664);
#10661 = B_SPLINE_CURVE_WITH_KNOTS('',1,(#10662,#10663),.UNSPECIFIED.,
  .F.,.F.,(2,2),(0.,1.408684385284E-03),.PIECEWISE_BEZIER_KNOTS.);
#10662 = CARTESIAN_POINT('',(-1.512824241316E-04,7.601838748701E-04));
#10663 = CARTESIAN_POINT('',(3.584065304911E-04,-5.530597685106E-04));
#10664 = ( GEOMETRIC_REPRESENTATION_CONTEXT(2) 
PARAMETRIC_REPRESENTATION_CONTEXT() REPRESENTATION_CONTEXT('2D SPACE',''
  ) );
#10665 = ORIENTED_EDGE('',*,*,#10666,.T.);
#10666 = EDGE_CURVE('',#5131,#2303,#10667,.T.);
#10667 = SURFACE_CURVE('',#10668,(#10672,#10679),.PCURVE_S1.);
#10668 = LINE('',#10669,#10670);
#10669 = CARTESIAN_POINT('',(-7.400001399219E-03,-1.000000163913E-02,
    1.186756533571E-03));
#10670 = VECTOR('',#10671,1.);
#10671 = DIRECTION('',(0.,0.,1.));
#10672 = PCURVE('',#2399,#10673);
#10673 = DEFINITIONAL_REPRESENTATION('',(#10674),#10678);
#10674 = LINE('',#10675,#10676);
#10675 = CARTESIAN_POINT('',(1.512824241316E-04,-7.601838748701E-04));
#10676 = VECTOR('',#10677,1.);
#10677 = DIRECTION('',(0.,1.));
#10678 = ( GEOMETRIC_REPRESENTATION_CONTEXT(2) 
PARAMETRIC_REPRESENTATION_CONTEXT() REPRESENTATION_CONTEXT('2D SPACE',''
  ) );
#10679 = PCURVE('',#5283,#10680);
#10680 = DEFINITIONAL_REPRESENTATION('',(#10681),#10684);
#10681 = B_SPLINE_CURVE_WITH_KNOTS('',1,(#10682,#10683),.UNSPECIFIED.,
  .F.,.F.,(2,2),(0.,1.313243643381E-03),.PIECEWISE_BEZIER_KNOTS.);
#10682 = CARTESIAN_POINT('',(-1.512824241316E-04,-5.530597685106E-04));
#10683 = CARTESIAN_POINT('',(-1.512824241316E-04,7.601838748701E-04));
#10684 = ( GEOMETRIC_REPRESENTATION_CONTEXT(2) 
PARAMETRIC_REPRESENTATION_CONTEXT() REPRESENTATION_CONTEXT('2D SPACE',''
  ) );
#10685 = ORIENTED_EDGE('',*,*,#2385,.F.);
#10686 = ADVANCED_FACE('',(#10687),#5171,.T.);
#10687 = FACE_BOUND('',#10688,.T.);
#10688 = EDGE_LOOP('',(#10689,#10690,#10691));
#10689 = ORIENTED_EDGE('',*,*,#5157,.F.);
#10690 = ORIENTED_EDGE('',*,*,#10646,.F.);
#10691 = ORIENTED_EDGE('',*,*,#10616,.F.);
#10692 = ADVANCED_FACE('',(#10693),#2343,.T.);
#10693 = FACE_BOUND('',#10694,.T.);
#10694 = EDGE_LOOP('',(#10695,#10715,#10740));
#10695 = ORIENTED_EDGE('',*,*,#10696,.T.);
#10696 = EDGE_CURVE('',#2303,#5243,#10697,.T.);
#10697 = SURFACE_CURVE('',#10698,(#10702,#10709),.PCURVE_S1.);
#10698 = LINE('',#10699,#10700);
#10699 = CARTESIAN_POINT('',(-7.400001399219E-03,-1.000000163913E-02,
    2.500000176951E-03));
#10700 = VECTOR('',#10701,1.);
#10701 = DIRECTION('',(-3.546496106011E-02,-0.360076821334,
    -0.932248314171));
#10702 = PCURVE('',#2343,#10703);
#10703 = DEFINITIONAL_REPRESENTATION('',(#10704),#10708);
#10704 = LINE('',#10705,#10706);
#10705 = CARTESIAN_POINT('',(-3.584065304911E-04,5.530597685106E-04));
#10706 = VECTOR('',#10707,1.);
#10707 = DIRECTION('',(0.361819127086,-0.932248314171));
#10708 = ( GEOMETRIC_REPRESENTATION_CONTEXT(2) 
PARAMETRIC_REPRESENTATION_CONTEXT() REPRESENTATION_CONTEXT('2D SPACE',''
  ) );
#10709 = PCURVE('',#5283,#10710);
#10710 = DEFINITIONAL_REPRESENTATION('',(#10711),#10714);
#10711 = B_SPLINE_CURVE_WITH_KNOTS('',1,(#10712,#10713),.UNSPECIFIED.,
  .F.,.F.,(2,2),(0.,1.408684385284E-03),.PIECEWISE_BEZIER_KNOTS.);
#10712 = CARTESIAN_POINT('',(-1.512824241316E-04,7.601838748701E-04));
#10713 = CARTESIAN_POINT('',(3.584065304911E-04,-5.530597685106E-04));
#10714 = ( GEOMETRIC_REPRESENTATION_CONTEXT(2) 
PARAMETRIC_REPRESENTATION_CONTEXT() REPRESENTATION_CONTEXT('2D SPACE',''
  ) );
#10715 = ORIENTED_EDGE('',*,*,#10716,.T.);
#10716 = EDGE_CURVE('',#5243,#1828,#10717,.T.);
#10717 = SURFACE_CURVE('',#10718,(#10722,#10729),.PCURVE_S1.);
#10718 = LINE('',#10719,#10720);
#10719 = CARTESIAN_POINT('',(-7.449960336089E-03,-1.050723623484E-02,
    1.186756533571E-03));
#10720 = VECTOR('',#10721,1.);
#10721 = DIRECTION('',(0.,0.,1.));
#10722 = PCURVE('',#2343,#10723);
#10723 = DEFINITIONAL_REPRESENTATION('',(#10724),#10728);
#10724 = LINE('',#10725,#10726);
#10725 = CARTESIAN_POINT('',(1.512824241316E-04,-7.601838748701E-04));
#10726 = VECTOR('',#10727,1.);
#10727 = DIRECTION('',(0.,1.));
#10728 = ( GEOMETRIC_REPRESENTATION_CONTEXT(2) 
PARAMETRIC_REPRESENTATION_CONTEXT() REPRESENTATION_CONTEXT('2D SPACE',''
  ) );
#10729 = PCURVE('',#10730,#10735);
#10730 = PLANE('',#10731);
#10731 = AXIS2_PLACEMENT_3D('',#10732,#10733,#10734);
#10732 = CARTESIAN_POINT('',(-7.449992122771E-03,-1.05073410261E-02,
    1.843487824918E-03));
#10733 = DIRECTION('',(-0.956943884494,0.290272978297,6.685611521594E-20
    ));
#10734 = DIRECTION('',(-0.290272978297,-0.956943884494,0.));
#10735 = DEFINITIONAL_REPRESENTATION('',(#10736),#10739);
#10736 = B_SPLINE_CURVE_WITH_KNOTS('',1,(#10737,#10738),.UNSPECIFIED.,
  .F.,.F.,(2,2),(0.,1.313243643381E-03),.PIECEWISE_BEZIER_KNOTS.);
#10737 = CARTESIAN_POINT('',(-1.095061703913E-07,-6.567312913478E-04));
#10738 = CARTESIAN_POINT('',(-1.095061703913E-07,6.565123520329E-04));
#10739 = ( GEOMETRIC_REPRESENTATION_CONTEXT(2) 
PARAMETRIC_REPRESENTATION_CONTEXT() REPRESENTATION_CONTEXT('2D SPACE',''
  ) );
#10740 = ORIENTED_EDGE('',*,*,#2329,.F.);
#10741 = ADVANCED_FACE('',(#10742),#5283,.T.);
#10742 = FACE_BOUND('',#10743,.T.);
#10743 = EDGE_LOOP('',(#10744,#10745,#10746));
#10744 = ORIENTED_EDGE('',*,*,#5269,.F.);
#10745 = ORIENTED_EDGE('',*,*,#10696,.F.);
#10746 = ORIENTED_EDGE('',*,*,#10666,.F.);
#10747 = ADVANCED_FACE('',(#10748),#10730,.T.);
#10748 = FACE_BOUND('',#10749,.T.);
#10749 = EDGE_LOOP('',(#10750,#10770));
#10750 = ORIENTED_EDGE('',*,*,#10751,.T.);
#10751 = EDGE_CURVE('',#5243,#1828,#10752,.T.);
#10752 = SURFACE_CURVE('',#10753,(#10757,#10764),.PCURVE_S1.);
#10753 = LINE('',#10754,#10755);
#10754 = CARTESIAN_POINT('',(-7.449960336089E-03,-1.050723623484E-02,
    1.186756533571E-03));
#10755 = VECTOR('',#10756,1.);
#10756 = DIRECTION('',(-9.680269537696E-05,-3.19129764979E-04,
    0.999999944393));
#10757 = PCURVE('',#10730,#10758);
#10758 = DEFINITIONAL_REPRESENTATION('',(#10759),#10763);
#10759 = LINE('',#10760,#10761);
#10760 = CARTESIAN_POINT('',(-1.095061703913E-07,-6.567312913478E-04));
#10761 = VECTOR('',#10762,1.);
#10762 = DIRECTION('',(3.334884836509E-04,0.999999944393));
#10763 = ( GEOMETRIC_REPRESENTATION_CONTEXT(2) 
PARAMETRIC_REPRESENTATION_CONTEXT() REPRESENTATION_CONTEXT('2D SPACE',''
  ) );
#10764 = PCURVE('',#1868,#10765);
#10765 = DEFINITIONAL_REPRESENTATION('',(#10766),#10769);
#10766 = B_SPLINE_CURVE_WITH_KNOTS('',1,(#10767,#10768),.UNSPECIFIED.,
  .F.,.F.,(2,2),(0.,1.313243716407E-03),.PIECEWISE_BEZIER_KNOTS.);
#10767 = CARTESIAN_POINT('',(-1.513918918006E-04,-7.601089102804E-04));
#10768 = CARTESIAN_POINT('',(-1.50953940145E-04,5.531347331003E-04));
#10769 = ( GEOMETRIC_REPRESENTATION_CONTEXT(2) 
PARAMETRIC_REPRESENTATION_CONTEXT() REPRESENTATION_CONTEXT('2D SPACE',''
  ) );
#10770 = ORIENTED_EDGE('',*,*,#10716,.F.);
#10771 = ADVANCED_FACE('',(#10772),#5395,.T.);
#10772 = FACE_BOUND('',#10773,.T.);
#10773 = EDGE_LOOP('',(#10774,#10794,#10795));
#10774 = ORIENTED_EDGE('',*,*,#10775,.T.);
#10775 = EDGE_CURVE('',#1796,#5243,#10776,.T.);
#10776 = SURFACE_CURVE('',#10777,(#10781,#10788),.PCURVE_S1.);
#10777 = LINE('',#10778,#10779);
#10778 = CARTESIAN_POINT('',(-7.597914896905E-03,-1.099497824907E-02,
    2.500000176951E-03));
#10779 = VECTOR('',#10780,1.);
#10780 = DIRECTION('',(0.105030312385,0.346239384816,-0.93224831557));
#10781 = PCURVE('',#5395,#10782);
#10782 = DEFINITIONAL_REPRESENTATION('',(#10783),#10787);
#10783 = LINE('',#10784,#10785);
#10784 = CARTESIAN_POINT('',(1.512824221432E-04,7.601838739383E-04));
#10785 = VECTOR('',#10786,1.);
#10786 = DIRECTION('',(-0.361819123482,-0.93224831557));
#10787 = ( GEOMETRIC_REPRESENTATION_CONTEXT(2) 
PARAMETRIC_REPRESENTATION_CONTEXT() REPRESENTATION_CONTEXT('2D SPACE',''
  ) );
#10788 = PCURVE('',#1868,#10789);
#10789 = DEFINITIONAL_REPRESENTATION('',(#10790),#10793);
#10790 = B_SPLINE_CURVE_WITH_KNOTS('',1,(#10791,#10792),.UNSPECIFIED.,
  .F.,.F.,(2,2),(0.,1.408684383171E-03),.PIECEWISE_BEZIER_KNOTS.);
#10791 = CARTESIAN_POINT('',(3.582970569816E-04,5.531347331003E-04));
#10792 = CARTESIAN_POINT('',(-1.513918918006E-04,-7.601089102804E-04));
#10793 = ( GEOMETRIC_REPRESENTATION_CONTEXT(2) 
PARAMETRIC_REPRESENTATION_CONTEXT() REPRESENTATION_CONTEXT('2D SPACE',''
  ) );
#10794 = ORIENTED_EDGE('',*,*,#5381,.F.);
#10795 = ORIENTED_EDGE('',*,*,#10796,.T.);
#10796 = EDGE_CURVE('',#5355,#1796,#10797,.T.);
#10797 = SURFACE_CURVE('',#10798,(#10802,#10809),.PCURVE_S1.);
#10798 = LINE('',#10799,#10800);
#10799 = CARTESIAN_POINT('',(-7.597914896905E-03,-1.099497824907E-02,
    1.186756533571E-03));
#10800 = VECTOR('',#10801,1.);
#10801 = DIRECTION('',(0.,0.,1.));
#10802 = PCURVE('',#5395,#10803);
#10803 = DEFINITIONAL_REPRESENTATION('',(#10804),#10808);
#10804 = LINE('',#10805,#10806);
#10805 = CARTESIAN_POINT('',(1.512824221432E-04,-5.530597694424E-04));
#10806 = VECTOR('',#10807,1.);
#10807 = DIRECTION('',(0.,1.));
#10808 = ( GEOMETRIC_REPRESENTATION_CONTEXT(2) 
PARAMETRIC_REPRESENTATION_CONTEXT() REPRESENTATION_CONTEXT('2D SPACE',''
  ) );
#10809 = PCURVE('',#1924,#10810);
#10810 = DEFINITIONAL_REPRESENTATION('',(#10811),#10814);
#10811 = B_SPLINE_CURVE_WITH_KNOTS('',1,(#10812,#10813),.UNSPECIFIED.,
  .F.,.F.,(2,2),(0.,1.313243643381E-03),.PIECEWISE_BEZIER_KNOTS.);
#10812 = CARTESIAN_POINT('',(-1.512826849151E-04,-7.601839970794E-04));
#10813 = CARTESIAN_POINT('',(-1.512826849151E-04,5.530596463013E-04));
#10814 = ( GEOMETRIC_REPRESENTATION_CONTEXT(2) 
PARAMETRIC_REPRESENTATION_CONTEXT() REPRESENTATION_CONTEXT('2D SPACE',''
  ) );
#10815 = ADVANCED_FACE('',(#10816),#1868,.T.);
#10816 = FACE_BOUND('',#10817,.T.);
#10817 = EDGE_LOOP('',(#10818,#10819,#10820));
#10818 = ORIENTED_EDGE('',*,*,#1854,.F.);
#10819 = ORIENTED_EDGE('',*,*,#10751,.F.);
#10820 = ORIENTED_EDGE('',*,*,#10775,.F.);
#10821 = ADVANCED_FACE('',(#10822),#1924,.T.);
#10822 = FACE_BOUND('',#10823,.T.);
#10823 = EDGE_LOOP('',(#10824,#10844,#10845));
#10824 = ORIENTED_EDGE('',*,*,#10825,.T.);
#10825 = EDGE_CURVE('',#5355,#1883,#10826,.T.);
#10826 = SURFACE_CURVE('',#10827,(#10831,#10838),.PCURVE_S1.);
#10827 = LINE('',#10828,#10829);
#10828 = CARTESIAN_POINT('',(-7.597914896905E-03,-1.099497824907E-02,
    1.186756533571E-03));
#10829 = VECTOR('',#10830,1.);
#10830 = DIRECTION('',(-0.170560096361,-0.319096656559,0.932248130758));
#10831 = PCURVE('',#1924,#10832);
#10832 = DEFINITIONAL_REPRESENTATION('',(#10833),#10837);
#10833 = LINE('',#10834,#10835);
#10834 = CARTESIAN_POINT('',(-1.512826849151E-04,-7.601839970794E-04));
#10835 = VECTOR('',#10836,1.);
#10836 = DIRECTION('',(0.36181959966,0.932248130758));
#10837 = ( GEOMETRIC_REPRESENTATION_CONTEXT(2) 
PARAMETRIC_REPRESENTATION_CONTEXT() REPRESENTATION_CONTEXT('2D SPACE',''
  ) );
#10838 = PCURVE('',#5507,#10839);
#10839 = DEFINITIONAL_REPRESENTATION('',(#10840),#10843);
#10840 = B_SPLINE_CURVE_WITH_KNOTS('',1,(#10841,#10842),.UNSPECIFIED.,
  .F.,.F.,(2,2),(0.,1.408684662433E-03),.PIECEWISE_BEZIER_KNOTS.);
#10841 = CARTESIAN_POINT('',(-3.584070356932E-04,-5.530596463013E-04));
#10842 = CARTESIAN_POINT('',(1.512826849151E-04,7.601839970794E-04));
#10843 = ( GEOMETRIC_REPRESENTATION_CONTEXT(2) 
PARAMETRIC_REPRESENTATION_CONTEXT() REPRESENTATION_CONTEXT('2D SPACE',''
  ) );
#10844 = ORIENTED_EDGE('',*,*,#1910,.F.);
#10845 = ORIENTED_EDGE('',*,*,#10796,.F.);
#10846 = ADVANCED_FACE('',(#10847),#5507,.T.);
#10847 = FACE_BOUND('',#10848,.T.);
#10848 = EDGE_LOOP('',(#10849,#10869,#10870));
#10849 = ORIENTED_EDGE('',*,*,#10850,.T.);
#10850 = EDGE_CURVE('',#5467,#1883,#10851,.T.);
#10851 = SURFACE_CURVE('',#10852,(#10856,#10863),.PCURVE_S1.);
#10852 = LINE('',#10853,#10854);
#10853 = CARTESIAN_POINT('',(-7.838180288672E-03,-1.1444484815E-02,
    1.186756533571E-03));
#10854 = VECTOR('',#10855,1.);
#10855 = DIRECTION('',(0.,0.,1.));
#10856 = PCURVE('',#5507,#10857);
#10857 = DEFINITIONAL_REPRESENTATION('',(#10858),#10862);
#10858 = LINE('',#10859,#10860);
#10859 = CARTESIAN_POINT('',(1.512826849151E-04,-5.530596463013E-04));
#10860 = VECTOR('',#10861,1.);
#10861 = DIRECTION('',(6.842277657836E-49,1.));
#10862 = ( GEOMETRIC_REPRESENTATION_CONTEXT(2) 
PARAMETRIC_REPRESENTATION_CONTEXT() REPRESENTATION_CONTEXT('2D SPACE',''
  ) );
#10863 = PCURVE('',#1980,#10864);
#10864 = DEFINITIONAL_REPRESENTATION('',(#10865),#10868);
#10865 = B_SPLINE_CURVE_WITH_KNOTS('',1,(#10866,#10867),.UNSPECIFIED.,
  .F.,.F.,(2,2),(0.,1.313243643381E-03),.PIECEWISE_BEZIER_KNOTS.);
#10866 = CARTESIAN_POINT('',(-1.512826419666E-04,-7.601839769527E-04));
#10867 = CARTESIAN_POINT('',(-1.512826419666E-04,5.53059666428E-04));
#10868 = ( GEOMETRIC_REPRESENTATION_CONTEXT(2) 
PARAMETRIC_REPRESENTATION_CONTEXT() REPRESENTATION_CONTEXT('2D SPACE',''
  ) );
#10869 = ORIENTED_EDGE('',*,*,#10825,.F.);
#10870 = ORIENTED_EDGE('',*,*,#5493,.F.);
#10871 = ADVANCED_FACE('',(#10872),#1980,.T.);
#10872 = FACE_BOUND('',#10873,.T.);
#10873 = EDGE_LOOP('',(#10874,#10894,#10895));
#10874 = ORIENTED_EDGE('',*,*,#10875,.T.);
#10875 = EDGE_CURVE('',#5467,#1939,#10876,.T.);
#10876 = SURFACE_CURVE('',#10877,(#10881,#10888),.PCURVE_S1.);
#10877 = LINE('',#10878,#10879);
#10878 = CARTESIAN_POINT('',(-7.838180288672E-03,-1.1444484815E-02,
    1.186756533571E-03));
#10879 = VECTOR('',#10880,1.);
#10880 = DIRECTION('',(-0.229536134761,-0.279690059203,0.932248160964));
#10881 = PCURVE('',#1980,#10882);
#10882 = DEFINITIONAL_REPRESENTATION('',(#10883),#10887);
#10883 = LINE('',#10884,#10885);
#10884 = CARTESIAN_POINT('',(-1.512826419666E-04,-7.601839769527E-04));
#10885 = VECTOR('',#10886,1.);
#10886 = DIRECTION('',(0.361819521831,0.932248160964));
#10887 = ( GEOMETRIC_REPRESENTATION_CONTEXT(2) 
PARAMETRIC_REPRESENTATION_CONTEXT() REPRESENTATION_CONTEXT('2D SPACE',''
  ) );
#10888 = PCURVE('',#5563,#10889);
#10889 = DEFINITIONAL_REPRESENTATION('',(#10890),#10893);
#10890 = B_SPLINE_CURVE_WITH_KNOTS('',1,(#10891,#10892),.UNSPECIFIED.,
  .F.,.F.,(2,2),(0.,1.408684616789E-03),.PIECEWISE_BEZIER_KNOTS.);
#10891 = CARTESIAN_POINT('',(-3.584069524913E-04,-5.53059666428E-04));
#10892 = CARTESIAN_POINT('',(1.512826419666E-04,7.601839769527E-04));
#10893 = ( GEOMETRIC_REPRESENTATION_CONTEXT(2) 
PARAMETRIC_REPRESENTATION_CONTEXT() REPRESENTATION_CONTEXT('2D SPACE',''
  ) );
#10894 = ORIENTED_EDGE('',*,*,#1966,.F.);
#10895 = ORIENTED_EDGE('',*,*,#10850,.F.);
#10896 = ADVANCED_FACE('',(#10897),#5563,.T.);
#10897 = FACE_BOUND('',#10898,.T.);
#10898 = EDGE_LOOP('',(#10899,#10919,#10920));
#10899 = ORIENTED_EDGE('',*,*,#10900,.T.);
#10900 = EDGE_CURVE('',#5523,#1939,#10901,.T.);
#10901 = SURFACE_CURVE('',#10902,(#10906,#10913),.PCURVE_S1.);
#10902 = LINE('',#10903,#10904);
#10903 = CARTESIAN_POINT('',(-8.161524310708E-03,-1.183847989887E-02,
    1.186756533571E-03));
#10904 = VECTOR('',#10905,1.);
#10905 = DIRECTION('',(0.,0.,1.));
#10906 = PCURVE('',#5563,#10907);
#10907 = DEFINITIONAL_REPRESENTATION('',(#10908),#10912);
#10908 = LINE('',#10909,#10910);
#10909 = CARTESIAN_POINT('',(1.512826419666E-04,-5.53059666428E-04));
#10910 = VECTOR('',#10911,1.);
#10911 = DIRECTION('',(0.,1.));
#10912 = ( GEOMETRIC_REPRESENTATION_CONTEXT(2) 
PARAMETRIC_REPRESENTATION_CONTEXT() REPRESENTATION_CONTEXT('2D SPACE',''
  ) );
#10913 = PCURVE('',#5619,#10914);
#10914 = DEFINITIONAL_REPRESENTATION('',(#10915),#10918);
#10915 = B_SPLINE_CURVE_WITH_KNOTS('',1,(#10916,#10917),.UNSPECIFIED.,
  .F.,.F.,(2,2),(0.,1.313243643381E-03),.PIECEWISE_BEZIER_KNOTS.);
#10916 = CARTESIAN_POINT('',(1.512822396686E-04,5.530598549544E-04));
#10917 = CARTESIAN_POINT('',(1.512822396686E-04,-7.601837884263E-04));
#10918 = ( GEOMETRIC_REPRESENTATION_CONTEXT(2) 
PARAMETRIC_REPRESENTATION_CONTEXT() REPRESENTATION_CONTEXT('2D SPACE',''
  ) );
#10919 = ORIENTED_EDGE('',*,*,#10875,.F.);
#10920 = ORIENTED_EDGE('',*,*,#5549,.F.);
#10921 = ADVANCED_FACE('',(#10922),#5619,.T.);
#10922 = FACE_BOUND('',#10923,.T.);
#10923 = EDGE_LOOP('',(#10924,#10944,#10945));
#10924 = ORIENTED_EDGE('',*,*,#10925,.T.);
#10925 = EDGE_CURVE('',#5579,#1939,#10926,.T.);
#10926 = SURFACE_CURVE('',#10927,(#10931,#10938),.PCURVE_S1.);
#10927 = LINE('',#10928,#10929);
#10928 = CARTESIAN_POINT('',(-8.555519394577E-03,-1.216182205826E-02,
    1.186756533571E-03));
#10929 = VECTOR('',#10930,1.);
#10930 = DIRECTION('',(0.279690144091,0.229534882168,0.932248443907));
#10931 = PCURVE('',#5619,#10932);
#10932 = DEFINITIONAL_REPRESENTATION('',(#10933),#10937);
#10933 = LINE('',#10934,#10935);
#10934 = CARTESIAN_POINT('',(-3.584061731405E-04,5.530598549544E-04));
#10935 = VECTOR('',#10936,1.);
#10936 = DIRECTION('',(0.361818792814,-0.932248443907));
#10937 = ( GEOMETRIC_REPRESENTATION_CONTEXT(2) 
PARAMETRIC_REPRESENTATION_CONTEXT() REPRESENTATION_CONTEXT('2D SPACE',''
  ) );
#10938 = PCURVE('',#2036,#10939);
#10939 = DEFINITIONAL_REPRESENTATION('',(#10940),#10943);
#10940 = B_SPLINE_CURVE_WITH_KNOTS('',1,(#10941,#10942),.UNSPECIFIED.,
  .F.,.F.,(2,2),(0.,1.408684189246E-03),.PIECEWISE_BEZIER_KNOTS.);
#10941 = CARTESIAN_POINT('',(-1.512822396686E-04,7.601837884263E-04));
#10942 = CARTESIAN_POINT('',(3.584061731405E-04,-5.530598549544E-04));
#10943 = ( GEOMETRIC_REPRESENTATION_CONTEXT(2) 
PARAMETRIC_REPRESENTATION_CONTEXT() REPRESENTATION_CONTEXT('2D SPACE',''
  ) );
#10944 = ORIENTED_EDGE('',*,*,#10900,.F.);
#10945 = ORIENTED_EDGE('',*,*,#5605,.F.);
#10946 = ADVANCED_FACE('',(#10947),#2036,.T.);
#10947 = FACE_BOUND('',#10948,.T.);
#10948 = EDGE_LOOP('',(#10949,#10950,#10951));
#10949 = ORIENTED_EDGE('',*,*,#2022,.F.);
#10950 = ORIENTED_EDGE('',*,*,#10925,.F.);
#10951 = ORIENTED_EDGE('',*,*,#10952,.T.);
#10952 = EDGE_CURVE('',#5579,#1995,#10953,.T.);
#10953 = SURFACE_CURVE('',#10954,(#10958,#10965),.PCURVE_S1.);
#10954 = LINE('',#10955,#10956);
#10955 = CARTESIAN_POINT('',(-8.555519394577E-03,-1.216182205826E-02,
    1.186756533571E-03));
#10956 = VECTOR('',#10957,1.);
#10957 = DIRECTION('',(0.,0.,1.));
#10958 = PCURVE('',#2036,#10959);
#10959 = DEFINITIONAL_REPRESENTATION('',(#10960),#10964);
#10960 = LINE('',#10961,#10962);
#10961 = CARTESIAN_POINT('',(-1.512822396686E-04,7.601837884263E-04));
#10962 = VECTOR('',#10963,1.);
#10963 = DIRECTION('',(0.,-1.));
#10964 = ( GEOMETRIC_REPRESENTATION_CONTEXT(2) 
PARAMETRIC_REPRESENTATION_CONTEXT() REPRESENTATION_CONTEXT('2D SPACE',''
  ) );
#10965 = PCURVE('',#2087,#10966);
#10966 = DEFINITIONAL_REPRESENTATION('',(#10967),#10970);
#10967 = B_SPLINE_CURVE_WITH_KNOTS('',1,(#10968,#10969),.UNSPECIFIED.,
  .F.,.F.,(2,2),(0.,1.313243643381E-03),.PIECEWISE_BEZIER_KNOTS.);
#10968 = CARTESIAN_POINT('',(1.512825547486E-04,7.601839360803E-04));
#10969 = CARTESIAN_POINT('',(1.512825547486E-04,-5.530597073004E-04));
#10970 = ( GEOMETRIC_REPRESENTATION_CONTEXT(2) 
PARAMETRIC_REPRESENTATION_CONTEXT() REPRESENTATION_CONTEXT('2D SPACE',''
  ) );
#10971 = ADVANCED_FACE('',(#10972),#2087,.T.);
#10972 = FACE_BOUND('',#10973,.T.);
#10973 = EDGE_LOOP('',(#10974,#10994,#10995));
#10974 = ORIENTED_EDGE('',*,*,#10975,.T.);
#10975 = EDGE_CURVE('',#5579,#2051,#10976,.T.);
#10976 = SURFACE_CURVE('',#10977,(#10981,#10988),.PCURVE_S1.);
#10977 = LINE('',#10978,#10979);
#10978 = CARTESIAN_POINT('',(-8.555519394577E-03,-1.216182205826E-02,
    1.186756533571E-03));
#10979 = VECTOR('',#10980,1.);
#10980 = DIRECTION('',(-0.319096026766,-0.17056077424,0.932248222306));
#10981 = PCURVE('',#2087,#10982);
#10982 = DEFINITIONAL_REPRESENTATION('',(#10983),#10987);
#10983 = LINE('',#10984,#10985);
#10984 = CARTESIAN_POINT('',(1.512825547486E-04,7.601839360803E-04));
#10985 = VECTOR('',#10986,1.);
#10986 = DIRECTION('',(-0.361819363781,-0.932248222306));
#10987 = ( GEOMETRIC_REPRESENTATION_CONTEXT(2) 
PARAMETRIC_REPRESENTATION_CONTEXT() REPRESENTATION_CONTEXT('2D SPACE',''
  ) );
#10988 = PCURVE('',#5675,#10989);
#10989 = DEFINITIONAL_REPRESENTATION('',(#10990),#10993);
#10990 = B_SPLINE_CURVE_WITH_KNOTS('',1,(#10991,#10992),.UNSPECIFIED.,
  .F.,.F.,(2,2),(0.,1.408684524098E-03),.PIECEWISE_BEZIER_KNOTS.);
#10991 = CARTESIAN_POINT('',(3.584067835286E-04,5.530597073004E-04));
#10992 = CARTESIAN_POINT('',(-1.512825547486E-04,-7.601839360803E-04));
#10993 = ( GEOMETRIC_REPRESENTATION_CONTEXT(2) 
PARAMETRIC_REPRESENTATION_CONTEXT() REPRESENTATION_CONTEXT('2D SPACE',''
  ) );
#10994 = ORIENTED_EDGE('',*,*,#2073,.F.);
#10995 = ORIENTED_EDGE('',*,*,#10952,.F.);
#10996 = ADVANCED_FACE('',(#10997),#5675,.T.);
#10997 = FACE_BOUND('',#10998,.T.);
#10998 = EDGE_LOOP('',(#10999,#11019,#11020));
#10999 = ORIENTED_EDGE('',*,*,#11000,.T.);
#11000 = EDGE_CURVE('',#5635,#2051,#11001,.T.);
#11001 = SURFACE_CURVE('',#11002,(#11006,#11013),.PCURVE_S1.);
#11002 = LINE('',#11003,#11004);
#11003 = CARTESIAN_POINT('',(-9.005025029182E-03,-1.240208838135E-02,
    1.186756533571E-03));
#11004 = VECTOR('',#11005,1.);
#11005 = DIRECTION('',(0.,0.,1.));
#11006 = PCURVE('',#5675,#11007);
#11007 = DEFINITIONAL_REPRESENTATION('',(#11008),#11012);
#11008 = LINE('',#11009,#11010);
#11009 = CARTESIAN_POINT('',(-1.512825547486E-04,5.530597073004E-04));
#11010 = VECTOR('',#11011,1.);
#11011 = DIRECTION('',(0.,-1.));
#11012 = ( GEOMETRIC_REPRESENTATION_CONTEXT(2) 
PARAMETRIC_REPRESENTATION_CONTEXT() REPRESENTATION_CONTEXT('2D SPACE',''
  ) );
#11013 = PCURVE('',#2117,#11014);
#11014 = DEFINITIONAL_REPRESENTATION('',(#11015),#11018);
#11015 = B_SPLINE_CURVE_WITH_KNOTS('',1,(#11016,#11017),.UNSPECIFIED.,
  .F.,.F.,(2,2),(0.,1.313243643381E-03),.PIECEWISE_BEZIER_KNOTS.);
#11016 = CARTESIAN_POINT('',(1.512824221432E-04,7.601838739383E-04));
#11017 = CARTESIAN_POINT('',(1.512824221432E-04,-5.530597694424E-04));
#11018 = ( GEOMETRIC_REPRESENTATION_CONTEXT(2) 
PARAMETRIC_REPRESENTATION_CONTEXT() REPRESENTATION_CONTEXT('2D SPACE',''
  ) );
#11019 = ORIENTED_EDGE('',*,*,#10975,.F.);
#11020 = ORIENTED_EDGE('',*,*,#5661,.F.);
#11021 = ADVANCED_FACE('',(#11022),#2117,.T.);
#11022 = FACE_BOUND('',#11023,.T.);
#11023 = EDGE_LOOP('',(#11024,#11044,#11045));
#11024 = ORIENTED_EDGE('',*,*,#11025,.T.);
#11025 = EDGE_CURVE('',#5635,#950,#11026,.T.);
#11026 = SURFACE_CURVE('',#11027,(#11031,#11038),.PCURVE_S1.);
#11027 = LINE('',#11028,#11029);
#11028 = CARTESIAN_POINT('',(-9.005025029182E-03,-1.240208838135E-02,
    1.186756533571E-03));
#11029 = VECTOR('',#11030,1.);
#11030 = DIRECTION('',(-0.346239384816,-0.105030312385,0.93224831557));
#11031 = PCURVE('',#2117,#11032);
#11032 = DEFINITIONAL_REPRESENTATION('',(#11033),#11037);
#11033 = LINE('',#11034,#11035);
#11034 = CARTESIAN_POINT('',(1.512824221432E-04,7.601838739383E-04));
#11035 = VECTOR('',#11036,1.);
#11036 = DIRECTION('',(-0.361819123482,-0.93224831557));
#11037 = ( GEOMETRIC_REPRESENTATION_CONTEXT(2) 
PARAMETRIC_REPRESENTATION_CONTEXT() REPRESENTATION_CONTEXT('2D SPACE',''
  ) );
#11038 = PCURVE('',#6254,#11039);
#11039 = DEFINITIONAL_REPRESENTATION('',(#11040),#11043);
#11040 = B_SPLINE_CURVE_WITH_KNOTS('',1,(#11041,#11042),.UNSPECIFIED.,
  .F.,.F.,(2,2),(0.,1.408684383171E-03),.PIECEWISE_BEZIER_KNOTS.);
#11041 = CARTESIAN_POINT('',(3.584065266391E-04,5.530597694424E-04));
#11042 = CARTESIAN_POINT('',(-1.512824221432E-04,-7.601838739383E-04));
#11043 = ( GEOMETRIC_REPRESENTATION_CONTEXT(2) 
PARAMETRIC_REPRESENTATION_CONTEXT() REPRESENTATION_CONTEXT('2D SPACE',''
  ) );
#11044 = ORIENTED_EDGE('',*,*,#2103,.F.);
#11045 = ORIENTED_EDGE('',*,*,#11000,.F.);
#11046 = ADVANCED_FACE('',(#11047),#6254,.T.);
#11047 = FACE_BOUND('',#11048,.T.);
#11048 = EDGE_LOOP('',(#11049,#11069,#11070));
#11049 = ORIENTED_EDGE('',*,*,#11050,.T.);
#11050 = EDGE_CURVE('',#6027,#950,#11051,.T.);
#11051 = SURFACE_CURVE('',#11052,(#11056,#11063),.PCURVE_S1.);
#11052 = LINE('',#11053,#11054);
#11053 = CARTESIAN_POINT('',(-9.492767043412E-03,-1.255004294217E-02,
    1.186756533571E-03));
#11054 = VECTOR('',#11055,1.);
#11055 = DIRECTION('',(0.,0.,1.));
#11056 = PCURVE('',#6254,#11057);
#11057 = DEFINITIONAL_REPRESENTATION('',(#11058),#11062);
#11058 = LINE('',#11059,#11060);
#11059 = CARTESIAN_POINT('',(-1.512824221432E-04,5.530597694424E-04));
#11060 = VECTOR('',#11061,1.);
#11061 = DIRECTION('',(0.,-1.));
#11062 = ( GEOMETRIC_REPRESENTATION_CONTEXT(2) 
PARAMETRIC_REPRESENTATION_CONTEXT() REPRESENTATION_CONTEXT('2D SPACE',''
  ) );
#11063 = PCURVE('',#990,#11064);
#11064 = DEFINITIONAL_REPRESENTATION('',(#11065),#11068);
#11065 = B_SPLINE_CURVE_WITH_KNOTS('',1,(#11066,#11067),.UNSPECIFIED.,
  .F.,.F.,(2,2),(0.,1.313243643381E-03),.PIECEWISE_BEZIER_KNOTS.);
#11066 = CARTESIAN_POINT('',(1.512824241316E-04,7.601838748701E-04));
#11067 = CARTESIAN_POINT('',(1.512824241316E-04,-5.530597685106E-04));
#11068 = ( GEOMETRIC_REPRESENTATION_CONTEXT(2) 
PARAMETRIC_REPRESENTATION_CONTEXT() REPRESENTATION_CONTEXT('2D SPACE',''
  ) );
#11069 = ORIENTED_EDGE('',*,*,#11025,.F.);
#11070 = ORIENTED_EDGE('',*,*,#6240,.F.);
#11071 = ADVANCED_FACE('',(#11072),#990,.T.);
#11072 = FACE_BOUND('',#11073,.T.);
#11073 = EDGE_LOOP('',(#11074,#11094,#11095));
#11074 = ORIENTED_EDGE('',*,*,#11075,.T.);
#11075 = EDGE_CURVE('',#6027,#894,#11076,.T.);
#11076 = SURFACE_CURVE('',#11077,(#11081,#11088),.PCURVE_S1.);
#11077 = LINE('',#11078,#11079);
#11078 = CARTESIAN_POINT('',(-9.492767043412E-03,-1.255004294217E-02,
    1.186756533571E-03));
#11079 = VECTOR('',#11080,1.);
#11080 = DIRECTION('',(-0.360076821334,-3.546496106011E-02,
    0.932248314171));
#11081 = PCURVE('',#990,#11082);
#11082 = DEFINITIONAL_REPRESENTATION('',(#11083),#11087);
#11083 = LINE('',#11084,#11085);
#11084 = CARTESIAN_POINT('',(1.512824241316E-04,7.601838748701E-04));
#11085 = VECTOR('',#11086,1.);
#11086 = DIRECTION('',(-0.361819127086,-0.932248314171));
#11087 = ( GEOMETRIC_REPRESENTATION_CONTEXT(2) 
PARAMETRIC_REPRESENTATION_CONTEXT() REPRESENTATION_CONTEXT('2D SPACE',''
  ) );
#11088 = PCURVE('',#6063,#11089);
#11089 = DEFINITIONAL_REPRESENTATION('',(#11090),#11093);
#11090 = B_SPLINE_CURVE_WITH_KNOTS('',1,(#11091,#11092),.UNSPECIFIED.,
  .F.,.F.,(2,2),(0.,1.408684385284E-03),.PIECEWISE_BEZIER_KNOTS.);
#11091 = CARTESIAN_POINT('',(3.584065304911E-04,5.530597685106E-04));
#11092 = CARTESIAN_POINT('',(-1.512824241316E-04,-7.601838748701E-04));
#11093 = ( GEOMETRIC_REPRESENTATION_CONTEXT(2) 
PARAMETRIC_REPRESENTATION_CONTEXT() REPRESENTATION_CONTEXT('2D SPACE',''
  ) );
#11094 = ORIENTED_EDGE('',*,*,#976,.F.);
#11095 = ORIENTED_EDGE('',*,*,#11050,.F.);
#11096 = ADVANCED_FACE('',(#11097),#6063,.T.);
#11097 = FACE_BOUND('',#11098,.T.);
#11098 = EDGE_LOOP('',(#11099,#11119,#11120));
#11099 = ORIENTED_EDGE('',*,*,#11100,.T.);
#11100 = EDGE_CURVE('',#5971,#894,#11101,.T.);
#11101 = SURFACE_CURVE('',#11102,(#11106,#11113),.PCURVE_S1.);
#11102 = LINE('',#11103,#11104);
#11103 = CARTESIAN_POINT('',(-1.000000163913E-02,-1.260000187904E-02,
    1.186756533571E-03));
#11104 = VECTOR('',#11105,1.);
#11105 = DIRECTION('',(0.,0.,1.));
#11106 = PCURVE('',#6063,#11107);
#11107 = DEFINITIONAL_REPRESENTATION('',(#11108),#11112);
#11108 = LINE('',#11109,#11110);
#11109 = CARTESIAN_POINT('',(-1.512824241316E-04,5.530597685106E-04));
#11110 = VECTOR('',#11111,1.);
#11111 = DIRECTION('',(0.,-1.));
#11112 = ( GEOMETRIC_REPRESENTATION_CONTEXT(2) 
PARAMETRIC_REPRESENTATION_CONTEXT() REPRESENTATION_CONTEXT('2D SPACE',''
  ) );
#11113 = PCURVE('',#934,#11114);
#11114 = DEFINITIONAL_REPRESENTATION('',(#11115),#11118);
#11115 = B_SPLINE_CURVE_WITH_KNOTS('',1,(#11116,#11117),.UNSPECIFIED.,
  .F.,.F.,(2,2),(0.,1.313243643381E-03),.PIECEWISE_BEZIER_KNOTS.);
#11116 = CARTESIAN_POINT('',(1.512827396781E-04,7.601840227426E-04));
#11117 = CARTESIAN_POINT('',(1.512827396781E-04,-5.530596206381E-04));
#11118 = ( GEOMETRIC_REPRESENTATION_CONTEXT(2) 
PARAMETRIC_REPRESENTATION_CONTEXT() REPRESENTATION_CONTEXT('2D SPACE',''
  ) );
#11119 = ORIENTED_EDGE('',*,*,#11075,.F.);
#11120 = ORIENTED_EDGE('',*,*,#6049,.F.);
#11121 = ADVANCED_FACE('',(#11122),#934,.T.);
#11122 = FACE_BOUND('',#11123,.T.);
#11123 = EDGE_LOOP('',(#11124,#11144,#11145));
#11124 = ORIENTED_EDGE('',*,*,#11125,.T.);
#11125 = EDGE_CURVE('',#5971,#838,#11126,.T.);
#11126 = SURFACE_CURVE('',#11127,(#11131,#11138),.PCURVE_S1.);
#11127 = LINE('',#11128,#11129);
#11128 = CARTESIAN_POINT('',(-1.000000163913E-02,-1.260000187904E-02,
    1.186756533571E-03));
#11129 = VECTOR('',#11130,1.);
#11130 = DIRECTION('',(-0.360077396744,3.546495261741E-02,0.932248092243
    ));
#11131 = PCURVE('',#934,#11132);
#11132 = DEFINITIONAL_REPRESENTATION('',(#11133),#11137);
#11133 = LINE('',#11134,#11135);
#11134 = CARTESIAN_POINT('',(1.512827396781E-04,7.601840227426E-04));
#11135 = VECTOR('',#11136,1.);
#11136 = DIRECTION('',(-0.361819698897,-0.932248092243));
#11137 = ( GEOMETRIC_REPRESENTATION_CONTEXT(2) 
PARAMETRIC_REPRESENTATION_CONTEXT() REPRESENTATION_CONTEXT('2D SPACE',''
  ) );
#11138 = PCURVE('',#6012,#11139);
#11139 = DEFINITIONAL_REPRESENTATION('',(#11140),#11143);
#11140 = B_SPLINE_CURVE_WITH_KNOTS('',1,(#11141,#11142),.UNSPECIFIED.,
  .F.,.F.,(2,2),(0.,1.408684720632E-03),.PIECEWISE_BEZIER_KNOTS.);
#11141 = CARTESIAN_POINT('',(3.584071417825E-04,5.530596206381E-04));
#11142 = CARTESIAN_POINT('',(-1.512827396781E-04,-7.601840227426E-04));
#11143 = ( GEOMETRIC_REPRESENTATION_CONTEXT(2) 
PARAMETRIC_REPRESENTATION_CONTEXT() REPRESENTATION_CONTEXT('2D SPACE',''
  ) );
#11144 = ORIENTED_EDGE('',*,*,#920,.F.);
#11145 = ORIENTED_EDGE('',*,*,#11100,.F.);
#11146 = ADVANCED_FACE('',(#11147),#6012,.T.);
#11147 = FACE_BOUND('',#11148,.T.);
#11148 = EDGE_LOOP('',(#11149,#11169,#11170));
#11149 = ORIENTED_EDGE('',*,*,#11150,.T.);
#11150 = EDGE_CURVE('',#5859,#838,#11151,.T.);
#11151 = SURFACE_CURVE('',#11152,(#11156,#11163),.PCURVE_S1.);
#11152 = LINE('',#11153,#11154);
#11153 = CARTESIAN_POINT('',(-1.050723716617E-02,-1.255004294217E-02,
    1.186756533571E-03));
#11154 = VECTOR('',#11155,1.);
#11155 = DIRECTION('',(0.,0.,1.));
#11156 = PCURVE('',#6012,#11157);
#11157 = DEFINITIONAL_REPRESENTATION('',(#11158),#11162);
#11158 = LINE('',#11159,#11160);
#11159 = CARTESIAN_POINT('',(-1.512827396781E-04,5.530596206381E-04));
#11160 = VECTOR('',#11161,1.);
#11161 = DIRECTION('',(0.,-1.));
#11162 = ( GEOMETRIC_REPRESENTATION_CONTEXT(2) 
PARAMETRIC_REPRESENTATION_CONTEXT() REPRESENTATION_CONTEXT('2D SPACE',''
  ) );
#11163 = PCURVE('',#878,#11164);
#11164 = DEFINITIONAL_REPRESENTATION('',(#11165),#11168);
#11165 = B_SPLINE_CURVE_WITH_KNOTS('',1,(#11166,#11167),.UNSPECIFIED.,
  .F.,.F.,(2,2),(0.,1.313243643381E-03),.PIECEWISE_BEZIER_KNOTS.);
#11166 = CARTESIAN_POINT('',(1.512824221432E-04,7.601838739383E-04));
#11167 = CARTESIAN_POINT('',(1.512824221432E-04,-5.530597694424E-04));
#11168 = ( GEOMETRIC_REPRESENTATION_CONTEXT(2) 
PARAMETRIC_REPRESENTATION_CONTEXT() REPRESENTATION_CONTEXT('2D SPACE',''
  ) );
#11169 = ORIENTED_EDGE('',*,*,#11125,.F.);
#11170 = ORIENTED_EDGE('',*,*,#5998,.F.);
#11171 = ADVANCED_FACE('',(#11172),#878,.T.);
#11172 = FACE_BOUND('',#11173,.T.);
#11173 = EDGE_LOOP('',(#11174,#11194,#11195));
#11174 = ORIENTED_EDGE('',*,*,#11175,.T.);
#11175 = EDGE_CURVE('',#5859,#782,#11176,.T.);
#11176 = SURFACE_CURVE('',#11177,(#11181,#11188),.PCURVE_S1.);
#11177 = LINE('',#11178,#11179);
#11178 = CARTESIAN_POINT('',(-1.050723716617E-02,-1.255004294217E-02,
    1.186756533571E-03));
#11179 = VECTOR('',#11180,1.);
#11180 = DIRECTION('',(-0.346239384816,0.105030312385,0.93224831557));
#11181 = PCURVE('',#878,#11182);
#11182 = DEFINITIONAL_REPRESENTATION('',(#11183),#11187);
#11183 = LINE('',#11184,#11185);
#11184 = CARTESIAN_POINT('',(1.512824221432E-04,7.601838739383E-04));
#11185 = VECTOR('',#11186,1.);
#11186 = DIRECTION('',(-0.361819123482,-0.93224831557));
#11187 = ( GEOMETRIC_REPRESENTATION_CONTEXT(2) 
PARAMETRIC_REPRESENTATION_CONTEXT() REPRESENTATION_CONTEXT('2D SPACE',''
  ) );
#11188 = PCURVE('',#5900,#11189);
#11189 = DEFINITIONAL_REPRESENTATION('',(#11190),#11193);
#11190 = B_SPLINE_CURVE_WITH_KNOTS('',1,(#11191,#11192),.UNSPECIFIED.,
  .F.,.F.,(2,2),(0.,1.408684383171E-03),.PIECEWISE_BEZIER_KNOTS.);
#11191 = CARTESIAN_POINT('',(3.584065266391E-04,5.530597694424E-04));
#11192 = CARTESIAN_POINT('',(-1.512824221432E-04,-7.601838739383E-04));
#11193 = ( GEOMETRIC_REPRESENTATION_CONTEXT(2) 
PARAMETRIC_REPRESENTATION_CONTEXT() REPRESENTATION_CONTEXT('2D SPACE',''
  ) );
#11194 = ORIENTED_EDGE('',*,*,#864,.F.);
#11195 = ORIENTED_EDGE('',*,*,#11150,.F.);
#11196 = ADVANCED_FACE('',(#11197),#5900,.T.);
#11197 = FACE_BOUND('',#11198,.T.);
#11198 = EDGE_LOOP('',(#11199,#11219,#11220));
#11199 = ORIENTED_EDGE('',*,*,#11200,.T.);
#11200 = EDGE_CURVE('',#5803,#782,#11201,.T.);
#11201 = SURFACE_CURVE('',#11202,(#11206,#11213),.PCURVE_S1.);
#11202 = LINE('',#11203,#11204);
#11203 = CARTESIAN_POINT('',(-1.09949791804E-02,-1.240208838135E-02,
    1.186756533571E-03));
#11204 = VECTOR('',#11205,1.);
#11205 = DIRECTION('',(0.,0.,1.));
#11206 = PCURVE('',#5900,#11207);
#11207 = DEFINITIONAL_REPRESENTATION('',(#11208),#11212);
#11208 = LINE('',#11209,#11210);
#11209 = CARTESIAN_POINT('',(-1.512824221432E-04,5.530597694424E-04));
#11210 = VECTOR('',#11211,1.);
#11211 = DIRECTION('',(0.,-1.));
#11212 = ( GEOMETRIC_REPRESENTATION_CONTEXT(2) 
PARAMETRIC_REPRESENTATION_CONTEXT() REPRESENTATION_CONTEXT('2D SPACE',''
  ) );
#11213 = PCURVE('',#822,#11214);
#11214 = DEFINITIONAL_REPRESENTATION('',(#11215),#11218);
#11215 = B_SPLINE_CURVE_WITH_KNOTS('',1,(#11216,#11217),.UNSPECIFIED.,
  .F.,.F.,(2,2),(0.,1.313243643381E-03),.PIECEWISE_BEZIER_KNOTS.);
#11216 = CARTESIAN_POINT('',(1.512825547486E-04,7.601839360803E-04));
#11217 = CARTESIAN_POINT('',(1.512825547486E-04,-5.530597073004E-04));
#11218 = ( GEOMETRIC_REPRESENTATION_CONTEXT(2) 
PARAMETRIC_REPRESENTATION_CONTEXT() REPRESENTATION_CONTEXT('2D SPACE',''
  ) );
#11219 = ORIENTED_EDGE('',*,*,#11175,.F.);
#11220 = ORIENTED_EDGE('',*,*,#5886,.F.);
#11221 = ADVANCED_FACE('',(#11222),#822,.T.);
#11222 = FACE_BOUND('',#11223,.T.);
#11223 = EDGE_LOOP('',(#11224,#11244,#11245));
#11224 = ORIENTED_EDGE('',*,*,#11225,.T.);
#11225 = EDGE_CURVE('',#5803,#726,#11226,.T.);
#11226 = SURFACE_CURVE('',#11227,(#11231,#11238),.PCURVE_S1.);
#11227 = LINE('',#11228,#11229);
#11228 = CARTESIAN_POINT('',(-1.09949791804E-02,-1.240208838135E-02,
    1.186756533571E-03));
#11229 = VECTOR('',#11230,1.);
#11230 = DIRECTION('',(-0.319096026766,0.17056077424,0.932248222306));
#11231 = PCURVE('',#822,#11232);
#11232 = DEFINITIONAL_REPRESENTATION('',(#11233),#11237);
#11233 = LINE('',#11234,#11235);
#11234 = CARTESIAN_POINT('',(1.512825547486E-04,7.601839360803E-04));
#11235 = VECTOR('',#11236,1.);
#11236 = DIRECTION('',(-0.361819363781,-0.932248222306));
#11237 = ( GEOMETRIC_REPRESENTATION_CONTEXT(2) 
PARAMETRIC_REPRESENTATION_CONTEXT() REPRESENTATION_CONTEXT('2D SPACE',''
  ) );
#11238 = PCURVE('',#5844,#11239);
#11239 = DEFINITIONAL_REPRESENTATION('',(#11240),#11243);
#11240 = B_SPLINE_CURVE_WITH_KNOTS('',1,(#11241,#11242),.UNSPECIFIED.,
  .F.,.F.,(2,2),(0.,1.408684524098E-03),.PIECEWISE_BEZIER_KNOTS.);
#11241 = CARTESIAN_POINT('',(3.584067835286E-04,5.530597073004E-04));
#11242 = CARTESIAN_POINT('',(-1.512825547486E-04,-7.601839360803E-04));
#11243 = ( GEOMETRIC_REPRESENTATION_CONTEXT(2) 
PARAMETRIC_REPRESENTATION_CONTEXT() REPRESENTATION_CONTEXT('2D SPACE',''
  ) );
#11244 = ORIENTED_EDGE('',*,*,#808,.F.);
#11245 = ORIENTED_EDGE('',*,*,#11200,.F.);
#11246 = ADVANCED_FACE('',(#11247),#5844,.T.);
#11247 = FACE_BOUND('',#11248,.T.);
#11248 = EDGE_LOOP('',(#11249,#11269,#11270));
#11249 = ORIENTED_EDGE('',*,*,#11250,.T.);
#11250 = EDGE_CURVE('',#5747,#726,#11251,.T.);
#11251 = SURFACE_CURVE('',#11252,(#11256,#11263),.PCURVE_S1.);
#11252 = LINE('',#11253,#11254);
#11253 = CARTESIAN_POINT('',(-1.1444484815E-02,-1.216182205826E-02,
    1.186756533571E-03));
#11254 = VECTOR('',#11255,1.);
#11255 = DIRECTION('',(0.,0.,1.));
#11256 = PCURVE('',#5844,#11257);
#11257 = DEFINITIONAL_REPRESENTATION('',(#11258),#11262);
#11258 = LINE('',#11259,#11260);
#11259 = CARTESIAN_POINT('',(-1.512825547486E-04,5.530597073004E-04));
#11260 = VECTOR('',#11261,1.);
#11261 = DIRECTION('',(0.,-1.));
#11262 = ( GEOMETRIC_REPRESENTATION_CONTEXT(2) 
PARAMETRIC_REPRESENTATION_CONTEXT() REPRESENTATION_CONTEXT('2D SPACE',''
  ) );
#11263 = PCURVE('',#766,#11264);
#11264 = DEFINITIONAL_REPRESENTATION('',(#11265),#11268);
#11265 = B_SPLINE_CURVE_WITH_KNOTS('',1,(#11266,#11267),.UNSPECIFIED.,
  .F.,.F.,(2,2),(0.,1.313243643381E-03),.PIECEWISE_BEZIER_KNOTS.);
#11266 = CARTESIAN_POINT('',(1.512822396686E-04,7.601837884263E-04));
#11267 = CARTESIAN_POINT('',(1.512822396686E-04,-5.530598549544E-04));
#11268 = ( GEOMETRIC_REPRESENTATION_CONTEXT(2) 
PARAMETRIC_REPRESENTATION_CONTEXT() REPRESENTATION_CONTEXT('2D SPACE',''
  ) );
#11269 = ORIENTED_EDGE('',*,*,#11225,.F.);
#11270 = ORIENTED_EDGE('',*,*,#5830,.F.);
#11271 = ADVANCED_FACE('',(#11272),#766,.T.);
#11272 = FACE_BOUND('',#11273,.T.);
#11273 = EDGE_LOOP('',(#11274,#11294,#11295));
#11274 = ORIENTED_EDGE('',*,*,#11275,.T.);
#11275 = EDGE_CURVE('',#5747,#650,#11276,.T.);
#11276 = SURFACE_CURVE('',#11277,(#11281,#11288),.PCURVE_S1.);
#11277 = LINE('',#11278,#11279);
#11278 = CARTESIAN_POINT('',(-1.1444484815E-02,-1.216182205826E-02,
    1.186756533571E-03));
#11279 = VECTOR('',#11280,1.);
#11280 = DIRECTION('',(-0.279690144091,0.229534882168,0.932248443907));
#11281 = PCURVE('',#766,#11282);
#11282 = DEFINITIONAL_REPRESENTATION('',(#11283),#11287);
#11283 = LINE('',#11284,#11285);
#11284 = CARTESIAN_POINT('',(1.512822396686E-04,7.601837884263E-04));
#11285 = VECTOR('',#11286,1.);
#11286 = DIRECTION('',(-0.361818792814,-0.932248443907));
#11287 = ( GEOMETRIC_REPRESENTATION_CONTEXT(2) 
PARAMETRIC_REPRESENTATION_CONTEXT() REPRESENTATION_CONTEXT('2D SPACE',''
  ) );
#11288 = PCURVE('',#5788,#11289);
#11289 = DEFINITIONAL_REPRESENTATION('',(#11290),#11293);
#11290 = B_SPLINE_CURVE_WITH_KNOTS('',1,(#11291,#11292),.UNSPECIFIED.,
  .F.,.F.,(2,2),(0.,1.408684189246E-03),.PIECEWISE_BEZIER_KNOTS.);
#11291 = CARTESIAN_POINT('',(3.584061731405E-04,5.530598549544E-04));
#11292 = CARTESIAN_POINT('',(-1.512822396686E-04,-7.601837884263E-04));
#11293 = ( GEOMETRIC_REPRESENTATION_CONTEXT(2) 
PARAMETRIC_REPRESENTATION_CONTEXT() REPRESENTATION_CONTEXT('2D SPACE',''
  ) );
#11294 = ORIENTED_EDGE('',*,*,#752,.F.);
#11295 = ORIENTED_EDGE('',*,*,#11250,.F.);
#11296 = ADVANCED_FACE('',(#11297),#5788,.T.);
#11297 = FACE_BOUND('',#11298,.T.);
#11298 = EDGE_LOOP('',(#11299,#11324,#11325));
#11299 = ORIENTED_EDGE('',*,*,#11300,.T.);
#11300 = EDGE_CURVE('',#5691,#650,#11301,.T.);
#11301 = SURFACE_CURVE('',#11302,(#11306,#11313),.PCURVE_S1.);
#11302 = LINE('',#11303,#11304);
#11303 = CARTESIAN_POINT('',(-1.183847989887E-02,-1.183847989887E-02,
    1.186756533571E-03));
#11304 = VECTOR('',#11305,1.);
#11305 = DIRECTION('',(0.,0.,1.));
#11306 = PCURVE('',#5788,#11307);
#11307 = DEFINITIONAL_REPRESENTATION('',(#11308),#11312);
#11308 = LINE('',#11309,#11310);
#11309 = CARTESIAN_POINT('',(-1.512822396686E-04,5.530598549544E-04));
#11310 = VECTOR('',#11311,1.);
#11311 = DIRECTION('',(0.,-1.));
#11312 = ( GEOMETRIC_REPRESENTATION_CONTEXT(2) 
PARAMETRIC_REPRESENTATION_CONTEXT() REPRESENTATION_CONTEXT('2D SPACE',''
  ) );
#11313 = PCURVE('',#11314,#11319);
#11314 = PLANE('',#11315);
#11315 = AXIS2_PLACEMENT_3D('',#11316,#11317,#11318);
#11316 = CARTESIAN_POINT('',(-1.183859378421E-02,-1.183834086094E-02,
    1.843557982877E-03));
#11317 = DIRECTION('',(0.773610773279,0.63366108565,-1.803094968759E-20)
  );
#11318 = DIRECTION('',(-0.63366108565,0.773610773279,0.));
#11319 = DEFINITIONAL_REPRESENTATION('',(#11320),#11323);
#11320 = B_SPLINE_CURVE_WITH_KNOTS('',1,(#11321,#11322),.UNSPECIFIED.,
  .F.,.F.,(2,2),(0.,1.313243643381E-03),.PIECEWISE_BEZIER_KNOTS.);
#11321 = CARTESIAN_POINT('',(-1.797259484167E-07,-6.568014493059E-04));
#11322 = CARTESIAN_POINT('',(-1.797259484167E-07,6.564421940748E-04));
#11323 = ( GEOMETRIC_REPRESENTATION_CONTEXT(2) 
PARAMETRIC_REPRESENTATION_CONTEXT() REPRESENTATION_CONTEXT('2D SPACE',''
  ) );
#11324 = ORIENTED_EDGE('',*,*,#11275,.F.);
#11325 = ORIENTED_EDGE('',*,*,#5774,.F.);
#11326 = ADVANCED_FACE('',(#11327),#328,.T.);
#11327 = FACE_BOUND('',#11328,.T.);
#11328 = EDGE_LOOP('',(#11329,#11349,#11350));
#11329 = ORIENTED_EDGE('',*,*,#11330,.T.);
#11330 = EDGE_CURVE('',#2191,#313,#11331,.T.);
#11331 = SURFACE_CURVE('',#11332,(#11336,#11343),.PCURVE_S1.);
#11332 = LINE('',#11333,#11334);
#11333 = CARTESIAN_POINT('',(-1.216182392091E-02,-1.1444484815E-02,
    2.500000176951E-03));
#11334 = VECTOR('',#11335,1.);
#11335 = DIRECTION('',(0.228990594249,-0.2790248926,-0.932581587345));
#11336 = PCURVE('',#328,#11337);
#11337 = DEFINITIONAL_REPRESENTATION('',(#11338),#11342);
#11338 = LINE('',#11339,#11340);
#11339 = CARTESIAN_POINT('',(1.508083193867E-04,7.59961478245E-04));
#11340 = VECTOR('',#11341,1.);
#11341 = DIRECTION('',(-0.360959253857,-0.932581587345));
#11342 = ( GEOMETRIC_REPRESENTATION_CONTEXT(2) 
PARAMETRIC_REPRESENTATION_CONTEXT() REPRESENTATION_CONTEXT('2D SPACE',''
  ) );
#11343 = PCURVE('',#2232,#11344);
#11344 = DEFINITIONAL_REPRESENTATION('',(#11345),#11348);
#11345 = B_SPLINE_CURVE_WITH_KNOTS('',1,(#11346,#11347),.UNSPECIFIED.,
  .F.,.F.,(2,2),(0.,1.408180969045E-03),.PIECEWISE_BEZIER_KNOTS.);
#11346 = CARTESIAN_POINT('',(3.576564097986E-04,5.531665718651E-04));
#11347 = CARTESIAN_POINT('',(-1.50639542084E-04,-7.600770715156E-04));
#11348 = ( GEOMETRIC_REPRESENTATION_CONTEXT(2) 
PARAMETRIC_REPRESENTATION_CONTEXT() REPRESENTATION_CONTEXT('2D SPACE',''
  ) );
#11349 = ORIENTED_EDGE('',*,*,#312,.F.);
#11350 = ORIENTED_EDGE('',*,*,#11351,.T.);
#11351 = EDGE_CURVE('',#281,#2191,#11352,.T.);
#11352 = SURFACE_CURVE('',#11353,(#11357,#11364),.PCURVE_S1.);
#11353 = LINE('',#11354,#11355);
#11354 = CARTESIAN_POINT('',(-1.216182392091E-02,-1.1444484815E-02,
    1.186756533571E-03));
#11355 = VECTOR('',#11356,1.);
#11356 = DIRECTION('',(0.,0.,1.));
#11357 = PCURVE('',#328,#11358);
#11358 = DEFINITIONAL_REPRESENTATION('',(#11359),#11363);
#11359 = LINE('',#11360,#11361);
#11360 = CARTESIAN_POINT('',(1.508083193867E-04,-5.532821651357E-04));
#11361 = VECTOR('',#11362,1.);
#11362 = DIRECTION('',(0.,1.));
#11363 = ( GEOMETRIC_REPRESENTATION_CONTEXT(2) 
PARAMETRIC_REPRESENTATION_CONTEXT() REPRESENTATION_CONTEXT('2D SPACE',''
  ) );
#11364 = PCURVE('',#408,#11365);
#11365 = DEFINITIONAL_REPRESENTATION('',(#11366),#11369);
#11366 = B_SPLINE_CURVE_WITH_KNOTS('',1,(#11367,#11368),.UNSPECIFIED.,
  .F.,.F.,(2,2),(0.,1.313243643381E-03),.PIECEWISE_BEZIER_KNOTS.);
#11367 = CARTESIAN_POINT('',(-1.512826849151E-04,-5.530596463013E-04));
#11368 = CARTESIAN_POINT('',(-1.512826849151E-04,7.601839970794E-04));
#11369 = ( GEOMETRIC_REPRESENTATION_CONTEXT(2) 
PARAMETRIC_REPRESENTATION_CONTEXT() REPRESENTATION_CONTEXT('2D SPACE',''
  ) );
#11370 = ADVANCED_FACE('',(#11371),#11314,.T.);
#11371 = FACE_BOUND('',#11372,.T.);
#11372 = EDGE_LOOP('',(#11373,#11393,#11407));
#11373 = ORIENTED_EDGE('',*,*,#11374,.T.);
#11374 = EDGE_CURVE('',#5691,#682,#11375,.T.);
#11375 = SURFACE_CURVE('',#11376,(#11380,#11387),.PCURVE_S1.);
#11376 = LINE('',#11377,#11378);
#11377 = CARTESIAN_POINT('',(-1.183847989887E-02,-1.183847989887E-02,
    1.186756533571E-03));
#11378 = VECTOR('',#11379,1.);
#11379 = DIRECTION('',(-3.467876452943E-04,4.233787816784E-04,
    0.999999850244));
#11380 = PCURVE('',#11314,#11381);
#11381 = DEFINITIONAL_REPRESENTATION('',(#11382),#11386);
#11382 = LINE('',#11383,#11384);
#11383 = CARTESIAN_POINT('',(-1.797259484167E-07,-6.568014493059E-04));
#11384 = VECTOR('',#11385,1.);
#11385 = DIRECTION('',(5.472762224912E-04,0.999999850244));
#11386 = ( GEOMETRIC_REPRESENTATION_CONTEXT(2) 
PARAMETRIC_REPRESENTATION_CONTEXT() REPRESENTATION_CONTEXT('2D SPACE',''
  ) );
#11387 = PCURVE('',#5732,#11388);
#11388 = DEFINITIONAL_REPRESENTATION('',(#11389),#11392);
#11389 = B_SPLINE_CURVE_WITH_KNOTS('',1,(#11390,#11391),.UNSPECIFIED.,
  .F.,.F.,(2,2),(0.,1.313243840046E-03),.PIECEWISE_BEZIER_KNOTS.);
#11390 = CARTESIAN_POINT('',(-7.077583323904E-07,-6.562735958551E-04));
#11391 = CARTESIAN_POINT('',(1.094863165247E-08,6.569700475257E-04));
#11392 = ( GEOMETRIC_REPRESENTATION_CONTEXT(2) 
PARAMETRIC_REPRESENTATION_CONTEXT() REPRESENTATION_CONTEXT('2D SPACE',''
  ) );
#11393 = ORIENTED_EDGE('',*,*,#11394,.T.);
#11394 = EDGE_CURVE('',#682,#650,#11395,.T.);
#11395 = SURFACE_CURVE('',#11396,(#11400),.PCURVE_S1.);
#11396 = LINE('',#11397,#11398);
#11397 = CARTESIAN_POINT('',(-1.183893531561E-02,-1.183792389929E-02,
    2.500000176951E-03));
#11398 = VECTOR('',#11399,1.);
#11399 = DIRECTION('',(0.63366108565,-0.773610773279,0.));
#11400 = PCURVE('',#11314,#11401);
#11401 = DEFINITIONAL_REPRESENTATION('',(#11402),#11406);
#11402 = LINE('',#11403,#11404);
#11403 = CARTESIAN_POINT('',(5.389811795737E-07,6.564421940748E-04));
#11404 = VECTOR('',#11405,1.);
#11405 = DIRECTION('',(-1.,2.505551544004E-36));
#11406 = ( GEOMETRIC_REPRESENTATION_CONTEXT(2) 
PARAMETRIC_REPRESENTATION_CONTEXT() REPRESENTATION_CONTEXT('2D SPACE',''
  ) );
#11407 = ORIENTED_EDGE('',*,*,#11300,.F.);
#11408 = ADVANCED_FACE('',(#11409),#2232,.T.);
#11409 = FACE_BOUND('',#11410,.T.);
#11410 = EDGE_LOOP('',(#11411,#11431,#11432));
#11411 = ORIENTED_EDGE('',*,*,#11412,.T.);
#11412 = EDGE_CURVE('',#682,#313,#11413,.T.);
#11413 = SURFACE_CURVE('',#11414,(#11418,#11425),.PCURVE_S1.);
#11414 = LINE('',#11415,#11416);
#11415 = CARTESIAN_POINT('',(-1.183893531561E-02,-1.183792389929E-02,
    2.500000176951E-03));
#11416 = VECTOR('',#11417,1.);
#11417 = DIRECTION('',(-3.262215125903E-04,3.971392327186E-04,
    -0.99999986793));
#11418 = PCURVE('',#2232,#11419);
#11419 = DEFINITIONAL_REPRESENTATION('',(#11420),#11424);
#11420 = LINE('',#11421,#11422);
#11421 = CARTESIAN_POINT('',(-1.513144778546E-04,5.531665718651E-04));
#11422 = VECTOR('',#11423,1.);
#11423 = DIRECTION('',(5.139455155896E-04,-0.99999986793));
#11424 = ( GEOMETRIC_REPRESENTATION_CONTEXT(2) 
PARAMETRIC_REPRESENTATION_CONTEXT() REPRESENTATION_CONTEXT('2D SPACE',''
  ) );
#11425 = PCURVE('',#5732,#11426);
#11426 = DEFINITIONAL_REPRESENTATION('',(#11427),#11430);
#11427 = B_SPLINE_CURVE_WITH_KNOTS('',1,(#11428,#11429),.UNSPECIFIED.,
  .F.,.F.,(2,2),(0.,1.313243816821E-03),.PIECEWISE_BEZIER_KNOTS.);
#11428 = CARTESIAN_POINT('',(1.094863165247E-08,6.569700475257E-04));
#11429 = CARTESIAN_POINT('',(6.858842946093E-07,-6.562735958551E-04));
#11430 = ( GEOMETRIC_REPRESENTATION_CONTEXT(2) 
PARAMETRIC_REPRESENTATION_CONTEXT() REPRESENTATION_CONTEXT('2D SPACE',''
  ) );
#11431 = ORIENTED_EDGE('',*,*,#11330,.F.);
#11432 = ORIENTED_EDGE('',*,*,#2218,.F.);
#11433 = ADVANCED_FACE('',(#11434),#5732,.T.);
#11434 = FACE_BOUND('',#11435,.T.);
#11435 = EDGE_LOOP('',(#11436,#11437,#11438));
#11436 = ORIENTED_EDGE('',*,*,#11412,.F.);
#11437 = ORIENTED_EDGE('',*,*,#11374,.F.);
#11438 = ORIENTED_EDGE('',*,*,#5718,.F.);
#11439 = ADVANCED_FACE('',(#11440),#2288,.T.);
#11440 = FACE_BOUND('',#11441,.T.);
#11441 = EDGE_LOOP('',(#11442,#11462,#11482));
#11442 = ORIENTED_EDGE('',*,*,#11443,.T.);
#11443 = EDGE_CURVE('',#2191,#368,#11444,.T.);
#11444 = SURFACE_CURVE('',#11445,(#11449,#11456),.PCURVE_S1.);
#11445 = LINE('',#11446,#11447);
#11446 = CARTESIAN_POINT('',(-1.216182392091E-02,-1.1444484815E-02,
    2.500000176951E-03));
#11447 = VECTOR('',#11448,1.);
#11448 = DIRECTION('',(-0.170560096361,0.319096656559,-0.932248130758));
#11449 = PCURVE('',#2288,#11450);
#11450 = DEFINITIONAL_REPRESENTATION('',(#11451),#11455);
#11451 = LINE('',#11452,#11453);
#11452 = CARTESIAN_POINT('',(-3.584070356932E-04,5.530596463013E-04));
#11453 = VECTOR('',#11454,1.);
#11454 = DIRECTION('',(0.36181959966,-0.932248130758));
#11455 = ( GEOMETRIC_REPRESENTATION_CONTEXT(2) 
PARAMETRIC_REPRESENTATION_CONTEXT() REPRESENTATION_CONTEXT('2D SPACE',''
  ) );
#11456 = PCURVE('',#408,#11457);
#11457 = DEFINITIONAL_REPRESENTATION('',(#11458),#11461);
#11458 = B_SPLINE_CURVE_WITH_KNOTS('',1,(#11459,#11460),.UNSPECIFIED.,
  .F.,.F.,(2,2),(0.,1.408684662433E-03),.PIECEWISE_BEZIER_KNOTS.);
#11459 = CARTESIAN_POINT('',(-1.512826849151E-04,7.601839970794E-04));
#11460 = CARTESIAN_POINT('',(3.584070356932E-04,-5.530596463013E-04));
#11461 = ( GEOMETRIC_REPRESENTATION_CONTEXT(2) 
PARAMETRIC_REPRESENTATION_CONTEXT() REPRESENTATION_CONTEXT('2D SPACE',''
  ) );
#11462 = ORIENTED_EDGE('',*,*,#11463,.T.);
#11463 = EDGE_CURVE('',#368,#2247,#11464,.T.);
#11464 = SURFACE_CURVE('',#11465,(#11469,#11476),.PCURVE_S1.);
#11465 = LINE('',#11466,#11467);
#11466 = CARTESIAN_POINT('',(-1.240208931267E-02,-1.099497824907E-02,
    1.186756533571E-03));
#11467 = VECTOR('',#11468,1.);
#11468 = DIRECTION('',(0.,0.,1.));
#11469 = PCURVE('',#2288,#11470);
#11470 = DEFINITIONAL_REPRESENTATION('',(#11471),#11475);
#11471 = LINE('',#11472,#11473);
#11472 = CARTESIAN_POINT('',(1.512826849151E-04,-7.601839970794E-04));
#11473 = VECTOR('',#11474,1.);
#11474 = DIRECTION('',(-1.54074395551E-33,1.));
#11475 = ( GEOMETRIC_REPRESENTATION_CONTEXT(2) 
PARAMETRIC_REPRESENTATION_CONTEXT() REPRESENTATION_CONTEXT('2D SPACE',''
  ) );
#11476 = PCURVE('',#464,#11477);
#11477 = DEFINITIONAL_REPRESENTATION('',(#11478),#11481);
#11478 = B_SPLINE_CURVE_WITH_KNOTS('',1,(#11479,#11480),.UNSPECIFIED.,
  .F.,.F.,(2,2),(0.,1.313243643381E-03),.PIECEWISE_BEZIER_KNOTS.);
#11479 = CARTESIAN_POINT('',(-1.512824221432E-04,-5.530597694424E-04));
#11480 = CARTESIAN_POINT('',(-1.512824221432E-04,7.601838739383E-04));
#11481 = ( GEOMETRIC_REPRESENTATION_CONTEXT(2) 
PARAMETRIC_REPRESENTATION_CONTEXT() REPRESENTATION_CONTEXT('2D SPACE',''
  ) );
#11482 = ORIENTED_EDGE('',*,*,#2274,.F.);
#11483 = ADVANCED_FACE('',(#11484),#408,.T.);
#11484 = FACE_BOUND('',#11485,.T.);
#11485 = EDGE_LOOP('',(#11486,#11487,#11488));
#11486 = ORIENTED_EDGE('',*,*,#394,.F.);
#11487 = ORIENTED_EDGE('',*,*,#11443,.F.);
#11488 = ORIENTED_EDGE('',*,*,#11351,.F.);
#11489 = ADVANCED_FACE('',(#11490),#2456,.T.);
#11490 = FACE_BOUND('',#11491,.T.);
#11491 = EDGE_LOOP('',(#11492,#11512,#11532));
#11492 = ORIENTED_EDGE('',*,*,#11493,.T.);
#11493 = EDGE_CURVE('',#2247,#424,#11494,.T.);
#11494 = SURFACE_CURVE('',#11495,(#11499,#11506),.PCURVE_S1.);
#11495 = LINE('',#11496,#11497);
#11496 = CARTESIAN_POINT('',(-1.240208931267E-02,-1.099497824907E-02,
    2.500000176951E-03));
#11497 = VECTOR('',#11498,1.);
#11498 = DIRECTION('',(-0.105030312385,0.346239384816,-0.93224831557));
#11499 = PCURVE('',#2456,#11500);
#11500 = DEFINITIONAL_REPRESENTATION('',(#11501),#11505);
#11501 = LINE('',#11502,#11503);
#11502 = CARTESIAN_POINT('',(-3.584065266391E-04,5.530597694424E-04));
#11503 = VECTOR('',#11504,1.);
#11504 = DIRECTION('',(0.361819123482,-0.93224831557));
#11505 = ( GEOMETRIC_REPRESENTATION_CONTEXT(2) 
PARAMETRIC_REPRESENTATION_CONTEXT() REPRESENTATION_CONTEXT('2D SPACE',''
  ) );
#11506 = PCURVE('',#464,#11507);
#11507 = DEFINITIONAL_REPRESENTATION('',(#11508),#11511);
#11508 = B_SPLINE_CURVE_WITH_KNOTS('',1,(#11509,#11510),.UNSPECIFIED.,
  .F.,.F.,(2,2),(0.,1.408684383171E-03),.PIECEWISE_BEZIER_KNOTS.);
#11509 = CARTESIAN_POINT('',(-1.512824221432E-04,7.601838739383E-04));
#11510 = CARTESIAN_POINT('',(3.584065266391E-04,-5.530597694424E-04));
#11511 = ( GEOMETRIC_REPRESENTATION_CONTEXT(2) 
PARAMETRIC_REPRESENTATION_CONTEXT() REPRESENTATION_CONTEXT('2D SPACE',''
  ) );
#11512 = ORIENTED_EDGE('',*,*,#11513,.T.);
#11513 = EDGE_CURVE('',#424,#2415,#11514,.T.);
#11514 = SURFACE_CURVE('',#11515,(#11519,#11526),.PCURVE_S1.);
#11515 = LINE('',#11516,#11517);
#11516 = CARTESIAN_POINT('',(-1.255004387349E-02,-1.050723623484E-02,
    1.186756533571E-03));
#11517 = VECTOR('',#11518,1.);
#11518 = DIRECTION('',(0.,0.,1.));
#11519 = PCURVE('',#2456,#11520);
#11520 = DEFINITIONAL_REPRESENTATION('',(#11521),#11525);
#11521 = LINE('',#11522,#11523);
#11522 = CARTESIAN_POINT('',(1.512824221432E-04,-7.601838739383E-04));
#11523 = VECTOR('',#11524,1.);
#11524 = DIRECTION('',(0.,1.));
#11525 = ( GEOMETRIC_REPRESENTATION_CONTEXT(2) 
PARAMETRIC_REPRESENTATION_CONTEXT() REPRESENTATION_CONTEXT('2D SPACE',''
  ) );
#11526 = PCURVE('',#520,#11527);
#11527 = DEFINITIONAL_REPRESENTATION('',(#11528),#11531);
#11528 = B_SPLINE_CURVE_WITH_KNOTS('',1,(#11529,#11530),.UNSPECIFIED.,
  .F.,.F.,(2,2),(0.,1.313243643381E-03),.PIECEWISE_BEZIER_KNOTS.);
#11529 = CARTESIAN_POINT('',(-1.512824241316E-04,-5.530597685106E-04));
#11530 = CARTESIAN_POINT('',(-1.512824241316E-04,7.601838748701E-04));
#11531 = ( GEOMETRIC_REPRESENTATION_CONTEXT(2) 
PARAMETRIC_REPRESENTATION_CONTEXT() REPRESENTATION_CONTEXT('2D SPACE',''
  ) );
#11532 = ORIENTED_EDGE('',*,*,#2442,.F.);
#11533 = ADVANCED_FACE('',(#11534),#464,.T.);
#11534 = FACE_BOUND('',#11535,.T.);
#11535 = EDGE_LOOP('',(#11536,#11537,#11538));
#11536 = ORIENTED_EDGE('',*,*,#450,.F.);
#11537 = ORIENTED_EDGE('',*,*,#11493,.F.);
#11538 = ORIENTED_EDGE('',*,*,#11463,.F.);
#11539 = ADVANCED_FACE('',(#11540),#2507,.T.);
#11540 = FACE_BOUND('',#11541,.T.);
#11541 = EDGE_LOOP('',(#11542,#11562,#11582));
#11542 = ORIENTED_EDGE('',*,*,#11543,.T.);
#11543 = EDGE_CURVE('',#2415,#480,#11544,.T.);
#11544 = SURFACE_CURVE('',#11545,(#11549,#11556),.PCURVE_S1.);
#11545 = LINE('',#11546,#11547);
#11546 = CARTESIAN_POINT('',(-1.255004387349E-02,-1.050723623484E-02,
    2.500000176951E-03));
#11547 = VECTOR('',#11548,1.);
#11548 = DIRECTION('',(-3.546496106011E-02,0.360076821334,
    -0.932248314171));
#11549 = PCURVE('',#2507,#11550);
#11550 = DEFINITIONAL_REPRESENTATION('',(#11551),#11555);
#11551 = LINE('',#11552,#11553);
#11552 = CARTESIAN_POINT('',(-3.584065304911E-04,5.530597685106E-04));
#11553 = VECTOR('',#11554,1.);
#11554 = DIRECTION('',(0.361819127086,-0.932248314171));
#11555 = ( GEOMETRIC_REPRESENTATION_CONTEXT(2) 
PARAMETRIC_REPRESENTATION_CONTEXT() REPRESENTATION_CONTEXT('2D SPACE',''
  ) );
#11556 = PCURVE('',#520,#11557);
#11557 = DEFINITIONAL_REPRESENTATION('',(#11558),#11561);
#11558 = B_SPLINE_CURVE_WITH_KNOTS('',1,(#11559,#11560),.UNSPECIFIED.,
  .F.,.F.,(2,2),(0.,1.408684385284E-03),.PIECEWISE_BEZIER_KNOTS.);
#11559 = CARTESIAN_POINT('',(-1.512824241316E-04,7.601838748701E-04));
#11560 = CARTESIAN_POINT('',(3.584065304911E-04,-5.530597685106E-04));
#11561 = ( GEOMETRIC_REPRESENTATION_CONTEXT(2) 
PARAMETRIC_REPRESENTATION_CONTEXT() REPRESENTATION_CONTEXT('2D SPACE',''
  ) );
#11562 = ORIENTED_EDGE('',*,*,#11563,.T.);
#11563 = EDGE_CURVE('',#480,#2471,#11564,.T.);
#11564 = SURFACE_CURVE('',#11565,(#11569,#11576),.PCURVE_S1.);
#11565 = LINE('',#11566,#11567);
#11566 = CARTESIAN_POINT('',(-1.260000281036E-02,-1.000000163913E-02,
    1.186756533571E-03));
#11567 = VECTOR('',#11568,1.);
#11568 = DIRECTION('',(0.,0.,1.));
#11569 = PCURVE('',#2507,#11570);
#11570 = DEFINITIONAL_REPRESENTATION('',(#11571),#11575);
#11571 = LINE('',#11572,#11573);
#11572 = CARTESIAN_POINT('',(1.512824241316E-04,-7.601838748701E-04));
#11573 = VECTOR('',#11574,1.);
#11574 = DIRECTION('',(0.,1.));
#11575 = ( GEOMETRIC_REPRESENTATION_CONTEXT(2) 
PARAMETRIC_REPRESENTATION_CONTEXT() REPRESENTATION_CONTEXT('2D SPACE',''
  ) );
#11576 = PCURVE('',#576,#11577);
#11577 = DEFINITIONAL_REPRESENTATION('',(#11578),#11581);
#11578 = B_SPLINE_CURVE_WITH_KNOTS('',1,(#11579,#11580),.UNSPECIFIED.,
  .F.,.F.,(2,2),(0.,1.313243643381E-03),.PIECEWISE_BEZIER_KNOTS.);
#11579 = CARTESIAN_POINT('',(-1.512824241316E-04,-5.530597685106E-04));
#11580 = CARTESIAN_POINT('',(-1.512824241316E-04,7.601838748701E-04));
#11581 = ( GEOMETRIC_REPRESENTATION_CONTEXT(2) 
PARAMETRIC_REPRESENTATION_CONTEXT() REPRESENTATION_CONTEXT('2D SPACE',''
  ) );
#11582 = ORIENTED_EDGE('',*,*,#2493,.F.);
#11583 = ADVANCED_FACE('',(#11584),#520,.T.);
#11584 = FACE_BOUND('',#11585,.T.);
#11585 = EDGE_LOOP('',(#11586,#11587,#11588));
#11586 = ORIENTED_EDGE('',*,*,#506,.F.);
#11587 = ORIENTED_EDGE('',*,*,#11543,.F.);
#11588 = ORIENTED_EDGE('',*,*,#11513,.F.);
#11589 = ADVANCED_FACE('',(#11590),#2700,.T.);
#11590 = FACE_BOUND('',#11591,.T.);
#11591 = EDGE_LOOP('',(#11592,#11612,#11632));
#11592 = ORIENTED_EDGE('',*,*,#11593,.T.);
#11593 = EDGE_CURVE('',#2471,#536,#11594,.T.);
#11594 = SURFACE_CURVE('',#11595,(#11599,#11606),.PCURVE_S1.);
#11595 = LINE('',#11596,#11597);
#11596 = CARTESIAN_POINT('',(-1.260000281036E-02,-1.000000163913E-02,
    2.500000176951E-03));
#11597 = VECTOR('',#11598,1.);
#11598 = DIRECTION('',(3.546496106011E-02,0.360076821334,-0.932248314171
    ));
#11599 = PCURVE('',#2700,#11600);
#11600 = DEFINITIONAL_REPRESENTATION('',(#11601),#11605);
#11601 = LINE('',#11602,#11603);
#11602 = CARTESIAN_POINT('',(-3.584065304911E-04,5.530597685106E-04));
#11603 = VECTOR('',#11604,1.);
#11604 = DIRECTION('',(0.361819127086,-0.932248314171));
#11605 = ( GEOMETRIC_REPRESENTATION_CONTEXT(2) 
PARAMETRIC_REPRESENTATION_CONTEXT() REPRESENTATION_CONTEXT('2D SPACE',''
  ) );
#11606 = PCURVE('',#576,#11607);
#11607 = DEFINITIONAL_REPRESENTATION('',(#11608),#11611);
#11608 = B_SPLINE_CURVE_WITH_KNOTS('',1,(#11609,#11610),.UNSPECIFIED.,
  .F.,.F.,(2,2),(0.,1.408684385284E-03),.PIECEWISE_BEZIER_KNOTS.);
#11609 = CARTESIAN_POINT('',(-1.512824241316E-04,7.601838748701E-04));
#11610 = CARTESIAN_POINT('',(3.584065304911E-04,-5.530597685106E-04));
#11611 = ( GEOMETRIC_REPRESENTATION_CONTEXT(2) 
PARAMETRIC_REPRESENTATION_CONTEXT() REPRESENTATION_CONTEXT('2D SPACE',''
  ) );
#11612 = ORIENTED_EDGE('',*,*,#11613,.T.);
#11613 = EDGE_CURVE('',#536,#2659,#11614,.T.);
#11614 = SURFACE_CURVE('',#11615,(#11619,#11626),.PCURVE_S1.);
#11615 = LINE('',#11616,#11617);
#11616 = CARTESIAN_POINT('',(-1.255004387349E-02,-9.492767043412E-03,
    1.186756533571E-03));
#11617 = VECTOR('',#11618,1.);
#11618 = DIRECTION('',(0.,0.,1.));
#11619 = PCURVE('',#2700,#11620);
#11620 = DEFINITIONAL_REPRESENTATION('',(#11621),#11625);
#11621 = LINE('',#11622,#11623);
#11622 = CARTESIAN_POINT('',(1.512824241316E-04,-7.601838748701E-04));
#11623 = VECTOR('',#11624,1.);
#11624 = DIRECTION('',(0.,1.));
#11625 = ( GEOMETRIC_REPRESENTATION_CONTEXT(2) 
PARAMETRIC_REPRESENTATION_CONTEXT() REPRESENTATION_CONTEXT('2D SPACE',''
  ) );
#11626 = PCURVE('',#3684,#11627);
#11627 = DEFINITIONAL_REPRESENTATION('',(#11628),#11631);
#11628 = B_SPLINE_CURVE_WITH_KNOTS('',1,(#11629,#11630),.UNSPECIFIED.,
  .F.,.F.,(2,2),(0.,1.313243643381E-03),.PIECEWISE_BEZIER_KNOTS.);
#11629 = CARTESIAN_POINT('',(-1.512824221432E-04,-5.530597694424E-04));
#11630 = CARTESIAN_POINT('',(-1.512824221432E-04,7.601838739383E-04));
#11631 = ( GEOMETRIC_REPRESENTATION_CONTEXT(2) 
PARAMETRIC_REPRESENTATION_CONTEXT() REPRESENTATION_CONTEXT('2D SPACE',''
  ) );
#11632 = ORIENTED_EDGE('',*,*,#2686,.F.);
#11633 = ADVANCED_FACE('',(#11634),#576,.T.);
#11634 = FACE_BOUND('',#11635,.T.);
#11635 = EDGE_LOOP('',(#11636,#11637,#11638));
#11636 = ORIENTED_EDGE('',*,*,#562,.F.);
#11637 = ORIENTED_EDGE('',*,*,#11593,.F.);
#11638 = ORIENTED_EDGE('',*,*,#11563,.F.);
#11639 = ADVANCED_FACE('',(#11640),#2842,.T.);
#11640 = FACE_BOUND('',#11641,.T.);
#11641 = EDGE_LOOP('',(#11642,#11662,#11682));
#11642 = ORIENTED_EDGE('',*,*,#11643,.T.);
#11643 = EDGE_CURVE('',#2659,#3644,#11644,.T.);
#11644 = SURFACE_CURVE('',#11645,(#11649,#11656),.PCURVE_S1.);
#11645 = LINE('',#11646,#11647);
#11646 = CARTESIAN_POINT('',(-1.255004387349E-02,-9.492767043412E-03,
    2.500000176951E-03));
#11647 = VECTOR('',#11648,1.);
#11648 = DIRECTION('',(0.105030312385,0.346239384816,-0.93224831557));
#11649 = PCURVE('',#2842,#11650);
#11650 = DEFINITIONAL_REPRESENTATION('',(#11651),#11655);
#11651 = LINE('',#11652,#11653);
#11652 = CARTESIAN_POINT('',(-3.584065266391E-04,5.530597694424E-04));
#11653 = VECTOR('',#11654,1.);
#11654 = DIRECTION('',(0.361819123482,-0.93224831557));
#11655 = ( GEOMETRIC_REPRESENTATION_CONTEXT(2) 
PARAMETRIC_REPRESENTATION_CONTEXT() REPRESENTATION_CONTEXT('2D SPACE',''
  ) );
#11656 = PCURVE('',#3684,#11657);
#11657 = DEFINITIONAL_REPRESENTATION('',(#11658),#11661);
#11658 = B_SPLINE_CURVE_WITH_KNOTS('',1,(#11659,#11660),.UNSPECIFIED.,
  .F.,.F.,(2,2),(0.,1.408684383171E-03),.PIECEWISE_BEZIER_KNOTS.);
#11659 = CARTESIAN_POINT('',(-1.512824221432E-04,7.601838739383E-04));
#11660 = CARTESIAN_POINT('',(3.584065266391E-04,-5.530597694424E-04));
#11661 = ( GEOMETRIC_REPRESENTATION_CONTEXT(2) 
PARAMETRIC_REPRESENTATION_CONTEXT() REPRESENTATION_CONTEXT('2D SPACE',''
  ) );
#11662 = ORIENTED_EDGE('',*,*,#11663,.T.);
#11663 = EDGE_CURVE('',#3644,#2801,#11664,.T.);
#11664 = SURFACE_CURVE('',#11665,(#11669,#11676),.PCURVE_S1.);
#11665 = LINE('',#11666,#11667);
#11666 = CARTESIAN_POINT('',(-1.240208931267E-02,-9.005025029182E-03,
    1.186756533571E-03));
#11667 = VECTOR('',#11668,1.);
#11668 = DIRECTION('',(0.,0.,1.));
#11669 = PCURVE('',#2842,#11670);
#11670 = DEFINITIONAL_REPRESENTATION('',(#11671),#11675);
#11671 = LINE('',#11672,#11673);
#11672 = CARTESIAN_POINT('',(1.512824221432E-04,-7.601838739383E-04));
#11673 = VECTOR('',#11674,1.);
#11674 = DIRECTION('',(0.,1.));
#11675 = ( GEOMETRIC_REPRESENTATION_CONTEXT(2) 
PARAMETRIC_REPRESENTATION_CONTEXT() REPRESENTATION_CONTEXT('2D SPACE',''
  ) );
#11676 = PCURVE('',#3740,#11677);
#11677 = DEFINITIONAL_REPRESENTATION('',(#11678),#11681);
#11678 = B_SPLINE_CURVE_WITH_KNOTS('',1,(#11679,#11680),.UNSPECIFIED.,
  .F.,.F.,(2,2),(0.,1.313243643381E-03),.PIECEWISE_BEZIER_KNOTS.);
#11679 = CARTESIAN_POINT('',(-1.512826849151E-04,-5.530596463013E-04));
#11680 = CARTESIAN_POINT('',(-1.512826849151E-04,7.601839970794E-04));
#11681 = ( GEOMETRIC_REPRESENTATION_CONTEXT(2) 
PARAMETRIC_REPRESENTATION_CONTEXT() REPRESENTATION_CONTEXT('2D SPACE',''
  ) );
#11682 = ORIENTED_EDGE('',*,*,#2828,.F.);
#11683 = ADVANCED_FACE('',(#11684),#3684,.T.);
#11684 = FACE_BOUND('',#11685,.T.);
#11685 = EDGE_LOOP('',(#11686,#11687,#11688));
#11686 = ORIENTED_EDGE('',*,*,#3670,.F.);
#11687 = ORIENTED_EDGE('',*,*,#11643,.F.);
#11688 = ORIENTED_EDGE('',*,*,#11613,.F.);
#11689 = ADVANCED_FACE('',(#11690),#2898,.T.);
#11690 = FACE_BOUND('',#11691,.T.);
#11691 = EDGE_LOOP('',(#11692,#11712,#11732));
#11692 = ORIENTED_EDGE('',*,*,#11693,.T.);
#11693 = EDGE_CURVE('',#2801,#3700,#11694,.T.);
#11694 = SURFACE_CURVE('',#11695,(#11699,#11706),.PCURVE_S1.);
#11695 = LINE('',#11696,#11697);
#11696 = CARTESIAN_POINT('',(-1.240208931267E-02,-9.005025029182E-03,
    2.500000176951E-03));
#11697 = VECTOR('',#11698,1.);
#11698 = DIRECTION('',(0.170560096361,0.319096656559,-0.932248130758));
#11699 = PCURVE('',#2898,#11700);
#11700 = DEFINITIONAL_REPRESENTATION('',(#11701),#11705);
#11701 = LINE('',#11702,#11703);
#11702 = CARTESIAN_POINT('',(-3.584070356932E-04,5.530596463013E-04));
#11703 = VECTOR('',#11704,1.);
#11704 = DIRECTION('',(0.36181959966,-0.932248130758));
#11705 = ( GEOMETRIC_REPRESENTATION_CONTEXT(2) 
PARAMETRIC_REPRESENTATION_CONTEXT() REPRESENTATION_CONTEXT('2D SPACE',''
  ) );
#11706 = PCURVE('',#3740,#11707);
#11707 = DEFINITIONAL_REPRESENTATION('',(#11708),#11711);
#11708 = B_SPLINE_CURVE_WITH_KNOTS('',1,(#11709,#11710),.UNSPECIFIED.,
  .F.,.F.,(2,2),(0.,1.408684662433E-03),.PIECEWISE_BEZIER_KNOTS.);
#11709 = CARTESIAN_POINT('',(-1.512826849151E-04,7.601839970794E-04));
#11710 = CARTESIAN_POINT('',(3.584070356932E-04,-5.530596463013E-04));
#11711 = ( GEOMETRIC_REPRESENTATION_CONTEXT(2) 
PARAMETRIC_REPRESENTATION_CONTEXT() REPRESENTATION_CONTEXT('2D SPACE',''
  ) );
#11712 = ORIENTED_EDGE('',*,*,#11713,.T.);
#11713 = EDGE_CURVE('',#3700,#2857,#11714,.T.);
#11714 = SURFACE_CURVE('',#11715,(#11719,#11726),.PCURVE_S1.);
#11715 = LINE('',#11716,#11717);
#11716 = CARTESIAN_POINT('',(-1.216182392091E-02,-8.555518463254E-03,
    1.186756533571E-03));
#11717 = VECTOR('',#11718,1.);
#11718 = DIRECTION('',(0.,0.,1.));
#11719 = PCURVE('',#2898,#11720);
#11720 = DEFINITIONAL_REPRESENTATION('',(#11721),#11725);
#11721 = LINE('',#11722,#11723);
#11722 = CARTESIAN_POINT('',(1.512826849151E-04,-7.601839970794E-04));
#11723 = VECTOR('',#11724,1.);
#11724 = DIRECTION('',(0.,1.));
#11725 = ( GEOMETRIC_REPRESENTATION_CONTEXT(2) 
PARAMETRIC_REPRESENTATION_CONTEXT() REPRESENTATION_CONTEXT('2D SPACE',''
  ) );
#11726 = PCURVE('',#3796,#11727);
#11727 = DEFINITIONAL_REPRESENTATION('',(#11728),#11731);
#11728 = B_SPLINE_CURVE_WITH_KNOTS('',1,(#11729,#11730),.UNSPECIFIED.,
  .F.,.F.,(2,2),(0.,1.313243643381E-03),.PIECEWISE_BEZIER_KNOTS.);
#11729 = CARTESIAN_POINT('',(-1.512826419666E-04,-5.53059666428E-04));
#11730 = CARTESIAN_POINT('',(-1.512826419666E-04,7.601839769527E-04));
#11731 = ( GEOMETRIC_REPRESENTATION_CONTEXT(2) 
PARAMETRIC_REPRESENTATION_CONTEXT() REPRESENTATION_CONTEXT('2D SPACE',''
  ) );
#11732 = ORIENTED_EDGE('',*,*,#2884,.F.);
#11733 = ADVANCED_FACE('',(#11734),#3740,.T.);
#11734 = FACE_BOUND('',#11735,.T.);
#11735 = EDGE_LOOP('',(#11736,#11737,#11738));
#11736 = ORIENTED_EDGE('',*,*,#3726,.F.);
#11737 = ORIENTED_EDGE('',*,*,#11693,.F.);
#11738 = ORIENTED_EDGE('',*,*,#11663,.F.);
#11739 = ADVANCED_FACE('',(#11740),#3066,.T.);
#11740 = FACE_BOUND('',#11741,.T.);
#11741 = EDGE_LOOP('',(#11742,#11762,#11782));
#11742 = ORIENTED_EDGE('',*,*,#11743,.T.);
#11743 = EDGE_CURVE('',#2857,#3756,#11744,.T.);
#11744 = SURFACE_CURVE('',#11745,(#11749,#11756),.PCURVE_S1.);
#11745 = LINE('',#11746,#11747);
#11746 = CARTESIAN_POINT('',(-1.216182392091E-02,-8.555518463254E-03,
    2.500000176951E-03));
#11747 = VECTOR('',#11748,1.);
#11748 = DIRECTION('',(0.229536134761,0.279690059203,-0.932248160964));
#11749 = PCURVE('',#3066,#11750);
#11750 = DEFINITIONAL_REPRESENTATION('',(#11751),#11755);
#11751 = LINE('',#11752,#11753);
#11752 = CARTESIAN_POINT('',(-3.584069524913E-04,5.53059666428E-04));
#11753 = VECTOR('',#11754,1.);
#11754 = DIRECTION('',(0.361819521831,-0.932248160964));
#11755 = ( GEOMETRIC_REPRESENTATION_CONTEXT(2) 
PARAMETRIC_REPRESENTATION_CONTEXT() REPRESENTATION_CONTEXT('2D SPACE',''
  ) );
#11756 = PCURVE('',#3796,#11757);
#11757 = DEFINITIONAL_REPRESENTATION('',(#11758),#11761);
#11758 = B_SPLINE_CURVE_WITH_KNOTS('',1,(#11759,#11760),.UNSPECIFIED.,
  .F.,.F.,(2,2),(0.,1.408684616789E-03),.PIECEWISE_BEZIER_KNOTS.);
#11759 = CARTESIAN_POINT('',(-1.512826419666E-04,7.601839769527E-04));
#11760 = CARTESIAN_POINT('',(3.584069524913E-04,-5.53059666428E-04));
#11761 = ( GEOMETRIC_REPRESENTATION_CONTEXT(2) 
PARAMETRIC_REPRESENTATION_CONTEXT() REPRESENTATION_CONTEXT('2D SPACE',''
  ) );
#11762 = ORIENTED_EDGE('',*,*,#11763,.T.);
#11763 = EDGE_CURVE('',#3756,#3025,#11764,.T.);
#11764 = SURFACE_CURVE('',#11765,(#11769,#11776),.PCURVE_S1.);
#11765 = LINE('',#11766,#11767);
#11766 = CARTESIAN_POINT('',(-1.183847989887E-02,-8.161523379385E-03,
    1.186756533571E-03));
#11767 = VECTOR('',#11768,1.);
#11768 = DIRECTION('',(0.,0.,1.));
#11769 = PCURVE('',#3066,#11770);
#11770 = DEFINITIONAL_REPRESENTATION('',(#11771),#11775);
#11771 = LINE('',#11772,#11773);
#11772 = CARTESIAN_POINT('',(1.512826419666E-04,-7.601839769527E-04));
#11773 = VECTOR('',#11774,1.);
#11774 = DIRECTION('',(0.,1.));
#11775 = ( GEOMETRIC_REPRESENTATION_CONTEXT(2) 
PARAMETRIC_REPRESENTATION_CONTEXT() REPRESENTATION_CONTEXT('2D SPACE',''
  ) );
#11776 = PCURVE('',#4244,#11777);
#11777 = DEFINITIONAL_REPRESENTATION('',(#11778),#11781);
#11778 = B_SPLINE_CURVE_WITH_KNOTS('',1,(#11779,#11780),.UNSPECIFIED.,
  .F.,.F.,(2,2),(0.,1.313243643381E-03),.PIECEWISE_BEZIER_KNOTS.);
#11779 = CARTESIAN_POINT('',(1.512824408174E-04,5.530597606913E-04));
#11780 = CARTESIAN_POINT('',(1.512824408174E-04,-7.601838826894E-04));
#11781 = ( GEOMETRIC_REPRESENTATION_CONTEXT(2) 
PARAMETRIC_REPRESENTATION_CONTEXT() REPRESENTATION_CONTEXT('2D SPACE',''
  ) );
#11782 = ORIENTED_EDGE('',*,*,#3052,.F.);
#11783 = ADVANCED_FACE('',(#11784),#3796,.T.);
#11784 = FACE_BOUND('',#11785,.T.);
#11785 = EDGE_LOOP('',(#11786,#11787,#11788));
#11786 = ORIENTED_EDGE('',*,*,#3782,.F.);
#11787 = ORIENTED_EDGE('',*,*,#11743,.F.);
#11788 = ORIENTED_EDGE('',*,*,#11713,.F.);
#11789 = ADVANCED_FACE('',(#11790),#3122,.T.);
#11790 = FACE_BOUND('',#11791,.T.);
#11791 = EDGE_LOOP('',(#11792,#11812,#11832));
#11792 = ORIENTED_EDGE('',*,*,#11793,.T.);
#11793 = EDGE_CURVE('',#3025,#4204,#11794,.T.);
#11794 = SURFACE_CURVE('',#11795,(#11799,#11806),.PCURVE_S1.);
#11795 = LINE('',#11796,#11797);
#11796 = CARTESIAN_POINT('',(-1.183847989887E-02,-8.161523379385E-03,
    2.500000176951E-03));
#11797 = VECTOR('',#11798,1.);
#11798 = DIRECTION('',(0.279690101647,0.229535508465,-0.932248302436));
#11799 = PCURVE('',#3122,#11800);
#11800 = DEFINITIONAL_REPRESENTATION('',(#11801),#11805);
#11801 = LINE('',#11802,#11803);
#11802 = CARTESIAN_POINT('',(3.584065628156E-04,-5.530597606913E-04));
#11803 = VECTOR('',#11804,1.);
#11804 = DIRECTION('',(-0.361819157322,0.932248302436));
#11805 = ( GEOMETRIC_REPRESENTATION_CONTEXT(2) 
PARAMETRIC_REPRESENTATION_CONTEXT() REPRESENTATION_CONTEXT('2D SPACE',''
  ) );
#11806 = PCURVE('',#4244,#11807);
#11807 = DEFINITIONAL_REPRESENTATION('',(#11808),#11811);
#11808 = B_SPLINE_CURVE_WITH_KNOTS('',1,(#11809,#11810),.UNSPECIFIED.,
  .F.,.F.,(2,2),(0.,1.408684403017E-03),.PIECEWISE_BEZIER_KNOTS.);
#11809 = CARTESIAN_POINT('',(1.512824408174E-04,-7.601838826894E-04));
#11810 = CARTESIAN_POINT('',(-3.584065628156E-04,5.530597606913E-04));
#11811 = ( GEOMETRIC_REPRESENTATION_CONTEXT(2) 
PARAMETRIC_REPRESENTATION_CONTEXT() REPRESENTATION_CONTEXT('2D SPACE',''
  ) );
#11812 = ORIENTED_EDGE('',*,*,#11813,.T.);
#11813 = EDGE_CURVE('',#4204,#3081,#11814,.T.);
#11814 = SURFACE_CURVE('',#11815,(#11819,#11826),.PCURVE_S1.);
#11815 = LINE('',#11816,#11817);
#11816 = CARTESIAN_POINT('',(-1.1444484815E-02,-7.838180288672E-03,
    1.186756533571E-03));
#11817 = VECTOR('',#11818,1.);
#11818 = DIRECTION('',(0.,0.,1.));
#11819 = PCURVE('',#3122,#11820);
#11820 = DEFINITIONAL_REPRESENTATION('',(#11821),#11825);
#11821 = LINE('',#11822,#11823);
#11822 = CARTESIAN_POINT('',(-1.512824408174E-04,7.601838826894E-04));
#11823 = VECTOR('',#11824,1.);
#11824 = DIRECTION('',(0.,-1.));
#11825 = ( GEOMETRIC_REPRESENTATION_CONTEXT(2) 
PARAMETRIC_REPRESENTATION_CONTEXT() REPRESENTATION_CONTEXT('2D SPACE',''
  ) );
#11826 = PCURVE('',#4356,#11827);
#11827 = DEFINITIONAL_REPRESENTATION('',(#11828),#11831);
#11828 = B_SPLINE_CURVE_WITH_KNOTS('',1,(#11829,#11830),.UNSPECIFIED.,
  .F.,.F.,(2,2),(0.,1.313243643381E-03),.PIECEWISE_BEZIER_KNOTS.);
#11829 = CARTESIAN_POINT('',(1.512824800149E-04,5.530597423224E-04));
#11830 = CARTESIAN_POINT('',(1.512824800149E-04,-7.601839010583E-04));
#11831 = ( GEOMETRIC_REPRESENTATION_CONTEXT(2) 
PARAMETRIC_REPRESENTATION_CONTEXT() REPRESENTATION_CONTEXT('2D SPACE',''
  ) );
#11832 = ORIENTED_EDGE('',*,*,#3108,.F.);
#11833 = ADVANCED_FACE('',(#11834),#4244,.T.);
#11834 = FACE_BOUND('',#11835,.T.);
#11835 = EDGE_LOOP('',(#11836,#11837,#11838));
#11836 = ORIENTED_EDGE('',*,*,#4230,.F.);
#11837 = ORIENTED_EDGE('',*,*,#11793,.F.);
#11838 = ORIENTED_EDGE('',*,*,#11763,.F.);
#11839 = ADVANCED_FACE('',(#11840),#3290,.T.);
#11840 = FACE_BOUND('',#11841,.T.);
#11841 = EDGE_LOOP('',(#11842,#11862,#11882));
#11842 = ORIENTED_EDGE('',*,*,#11843,.T.);
#11843 = EDGE_CURVE('',#3081,#4316,#11844,.T.);
#11844 = SURFACE_CURVE('',#11845,(#11849,#11856),.PCURVE_S1.);
#11845 = LINE('',#11846,#11847);
#11846 = CARTESIAN_POINT('',(-1.1444484815E-02,-7.838180288672E-03,
    2.500000176951E-03));
#11847 = VECTOR('',#11848,1.);
#11848 = DIRECTION('',(0.319096044757,0.170560453291,-0.932248274868));
#11849 = PCURVE('',#3290,#11850);
#11850 = DEFINITIONAL_REPRESENTATION('',(#11851),#11855);
#11851 = LINE('',#11852,#11853);
#11852 = CARTESIAN_POINT('',(3.584066387508E-04,-5.530597423224E-04));
#11853 = VECTOR('',#11854,1.);
#11854 = DIRECTION('',(-0.361819228354,0.932248274868));
#11855 = ( GEOMETRIC_REPRESENTATION_CONTEXT(2) 
PARAMETRIC_REPRESENTATION_CONTEXT() REPRESENTATION_CONTEXT('2D SPACE',''
  ) );
#11856 = PCURVE('',#4356,#11857);
#11857 = DEFINITIONAL_REPRESENTATION('',(#11858),#11861);
#11858 = B_SPLINE_CURVE_WITH_KNOTS('',1,(#11859,#11860),.UNSPECIFIED.,
  .F.,.F.,(2,2),(0.,1.408684444675E-03),.PIECEWISE_BEZIER_KNOTS.);
#11859 = CARTESIAN_POINT('',(1.512824800149E-04,-7.601839010583E-04));
#11860 = CARTESIAN_POINT('',(-3.584066387508E-04,5.530597423224E-04));
#11861 = ( GEOMETRIC_REPRESENTATION_CONTEXT(2) 
PARAMETRIC_REPRESENTATION_CONTEXT() REPRESENTATION_CONTEXT('2D SPACE',''
  ) );
#11862 = ORIENTED_EDGE('',*,*,#11863,.T.);
#11863 = EDGE_CURVE('',#4316,#3249,#11864,.T.);
#11864 = SURFACE_CURVE('',#11865,(#11869,#11876),.PCURVE_S1.);
#11865 = LINE('',#11866,#11867);
#11866 = CARTESIAN_POINT('',(-1.09949791804E-02,-7.597914431244E-03,
    1.186756533571E-03));
#11867 = VECTOR('',#11868,1.);
#11868 = DIRECTION('',(0.,0.,1.));
#11869 = PCURVE('',#3290,#11870);
#11870 = DEFINITIONAL_REPRESENTATION('',(#11871),#11875);
#11871 = LINE('',#11872,#11873);
#11872 = CARTESIAN_POINT('',(-1.512824800149E-04,7.601839010583E-04));
#11873 = VECTOR('',#11874,1.);
#11874 = DIRECTION('',(1.54074395551E-33,-1.));
#11875 = ( GEOMETRIC_REPRESENTATION_CONTEXT(2) 
PARAMETRIC_REPRESENTATION_CONTEXT() REPRESENTATION_CONTEXT('2D SPACE',''
  ) );
#11876 = PCURVE('',#4412,#11877);
#11877 = DEFINITIONAL_REPRESENTATION('',(#11878),#11881);
#11878 = B_SPLINE_CURVE_WITH_KNOTS('',1,(#11879,#11880),.UNSPECIFIED.,
  .F.,.F.,(2,2),(0.,1.313243643381E-03),.PIECEWISE_BEZIER_KNOTS.);
#11879 = CARTESIAN_POINT('',(1.512824681639E-04,5.53059747876E-04));
#11880 = CARTESIAN_POINT('',(1.512824681639E-04,-7.601838955047E-04));
#11881 = ( GEOMETRIC_REPRESENTATION_CONTEXT(2) 
PARAMETRIC_REPRESENTATION_CONTEXT() REPRESENTATION_CONTEXT('2D SPACE',''
  ) );
#11882 = ORIENTED_EDGE('',*,*,#3276,.F.);
#11883 = ADVANCED_FACE('',(#11884),#4356,.T.);
#11884 = FACE_BOUND('',#11885,.T.);
#11885 = EDGE_LOOP('',(#11886,#11887,#11888));
#11886 = ORIENTED_EDGE('',*,*,#4342,.F.);
#11887 = ORIENTED_EDGE('',*,*,#11843,.F.);
#11888 = ORIENTED_EDGE('',*,*,#11813,.F.);
#11889 = ADVANCED_FACE('',(#11890),#3371,.T.);
#11890 = FACE_BOUND('',#11891,.T.);
#11891 = EDGE_LOOP('',(#11892,#11912,#11932));
#11892 = ORIENTED_EDGE('',*,*,#11893,.T.);
#11893 = EDGE_CURVE('',#3249,#4372,#11894,.T.);
#11894 = SURFACE_CURVE('',#11895,(#11899,#11906),.PCURVE_S1.);
#11895 = LINE('',#11896,#11897);
#11896 = CARTESIAN_POINT('',(-1.09949791804E-02,-7.597914431244E-03,
    2.500000176951E-03));
#11897 = VECTOR('',#11898,1.);
#11898 = DIRECTION('',(0.346239372795,0.105030639303,-0.932248283203));
#11899 = PCURVE('',#3371,#11900);
#11900 = DEFINITIONAL_REPRESENTATION('',(#11901),#11905);
#11901 = LINE('',#11902,#11903);
#11902 = CARTESIAN_POINT('',(3.584066157926E-04,-5.53059747876E-04));
#11903 = VECTOR('',#11904,1.);
#11904 = DIRECTION('',(-0.361819206878,0.932248283203));
#11905 = ( GEOMETRIC_REPRESENTATION_CONTEXT(2) 
PARAMETRIC_REPRESENTATION_CONTEXT() REPRESENTATION_CONTEXT('2D SPACE',''
  ) );
#11906 = PCURVE('',#4412,#11907);
#11907 = DEFINITIONAL_REPRESENTATION('',(#11908),#11911);
#11908 = B_SPLINE_CURVE_WITH_KNOTS('',1,(#11909,#11910),.UNSPECIFIED.,
  .F.,.F.,(2,2),(0.,1.40868443208E-03),.PIECEWISE_BEZIER_KNOTS.);
#11909 = CARTESIAN_POINT('',(1.512824681639E-04,-7.601838955047E-04));
#11910 = CARTESIAN_POINT('',(-3.584066157926E-04,5.53059747876E-04));
#11911 = ( GEOMETRIC_REPRESENTATION_CONTEXT(2) 
PARAMETRIC_REPRESENTATION_CONTEXT() REPRESENTATION_CONTEXT('2D SPACE',''
  ) );
#11912 = ORIENTED_EDGE('',*,*,#11913,.T.);
#11913 = EDGE_CURVE('',#4372,#3305,#11914,.T.);
#11914 = SURFACE_CURVE('',#11915,(#11919,#11926),.PCURVE_S1.);
#11915 = LINE('',#11916,#11917);
#11916 = CARTESIAN_POINT('',(-1.050723716617E-02,-7.449959404767E-03,
    1.186756533571E-03));
#11917 = VECTOR('',#11918,1.);
#11918 = DIRECTION('',(0.,0.,1.));
#11919 = PCURVE('',#3371,#11920);
#11920 = DEFINITIONAL_REPRESENTATION('',(#11921),#11925);
#11921 = LINE('',#11922,#11923);
#11922 = CARTESIAN_POINT('',(-1.512824681639E-04,7.601838955047E-04));
#11923 = VECTOR('',#11924,1.);
#11924 = DIRECTION('',(0.,-1.));
#11925 = ( GEOMETRIC_REPRESENTATION_CONTEXT(2) 
PARAMETRIC_REPRESENTATION_CONTEXT() REPRESENTATION_CONTEXT('2D SPACE',''
  ) );
#11926 = PCURVE('',#4468,#11927);
#11927 = DEFINITIONAL_REPRESENTATION('',(#11928),#11931);
#11928 = B_SPLINE_CURVE_WITH_KNOTS('',1,(#11929,#11930),.UNSPECIFIED.,
  .F.,.F.,(2,2),(0.,1.313243643381E-03),.PIECEWISE_BEZIER_KNOTS.);
#11929 = CARTESIAN_POINT('',(1.512827085994E-04,5.530596352023E-04));
#11930 = CARTESIAN_POINT('',(1.512827085994E-04,-7.601840081784E-04));
#11931 = ( GEOMETRIC_REPRESENTATION_CONTEXT(2) 
PARAMETRIC_REPRESENTATION_CONTEXT() REPRESENTATION_CONTEXT('2D SPACE',''
  ) );
#11932 = ORIENTED_EDGE('',*,*,#3357,.F.);
#11933 = ADVANCED_FACE('',(#11934),#4412,.T.);
#11934 = FACE_BOUND('',#11935,.T.);
#11935 = EDGE_LOOP('',(#11936,#11937,#11938));
#11936 = ORIENTED_EDGE('',*,*,#4398,.F.);
#11937 = ORIENTED_EDGE('',*,*,#11893,.F.);
#11938 = ORIENTED_EDGE('',*,*,#11863,.F.);
#11939 = ADVANCED_FACE('',(#11940),#3340,.T.);
#11940 = FACE_BOUND('',#11941,.T.);
#11941 = EDGE_LOOP('',(#11942,#11962,#11963));
#11942 = ORIENTED_EDGE('',*,*,#11943,.T.);
#11943 = EDGE_CURVE('',#3305,#4428,#11944,.T.);
#11944 = SURFACE_CURVE('',#11945,(#11949,#11956),.PCURVE_S1.);
#11945 = LINE('',#11946,#11947);
#11946 = CARTESIAN_POINT('',(-1.050723716617E-02,-7.449959404767E-03,
    2.500000176951E-03));
#11947 = VECTOR('',#11948,1.);
#11948 = DIRECTION('',(0.360077405187,3.546429231975E-02,-0.932248114101
    ));
#11949 = PCURVE('',#3340,#11950);
#11950 = DEFINITIONAL_REPRESENTATION('',(#11951),#11955);
#11951 = LINE('',#11952,#11953);
#11952 = CARTESIAN_POINT('',(3.584070815754E-04,-5.530596352023E-04));
#11953 = VECTOR('',#11954,1.);
#11954 = DIRECTION('',(-0.361819642579,0.932248114101));
#11955 = ( GEOMETRIC_REPRESENTATION_CONTEXT(2) 
PARAMETRIC_REPRESENTATION_CONTEXT() REPRESENTATION_CONTEXT('2D SPACE',''
  ) );
#11956 = PCURVE('',#4468,#11957);
#11957 = DEFINITIONAL_REPRESENTATION('',(#11958),#11961);
#11958 = B_SPLINE_CURVE_WITH_KNOTS('',1,(#11959,#11960),.UNSPECIFIED.,
  .F.,.F.,(2,2),(0.,1.408684687603E-03),.PIECEWISE_BEZIER_KNOTS.);
#11959 = CARTESIAN_POINT('',(1.512827085994E-04,-7.601840081784E-04));
#11960 = CARTESIAN_POINT('',(-3.584070815754E-04,5.530596352023E-04));
#11961 = ( GEOMETRIC_REPRESENTATION_CONTEXT(2) 
PARAMETRIC_REPRESENTATION_CONTEXT() REPRESENTATION_CONTEXT('2D SPACE',''
  ) );
#11962 = ORIENTED_EDGE('',*,*,#10292,.F.);
#11963 = ORIENTED_EDGE('',*,*,#3326,.F.);
#11964 = ADVANCED_FACE('',(#11965),#4468,.T.);
#11965 = FACE_BOUND('',#11966,.T.);
#11966 = EDGE_LOOP('',(#11967,#11968,#11969));
#11967 = ORIENTED_EDGE('',*,*,#4454,.F.);
#11968 = ORIENTED_EDGE('',*,*,#11943,.F.);
#11969 = ORIENTED_EDGE('',*,*,#11913,.F.);
#11970 = ( GEOMETRIC_REPRESENTATION_CONTEXT(3) 
GLOBAL_UNCERTAINTY_ASSIGNED_CONTEXT((#11974)) 
GLOBAL_UNIT_ASSIGNED_CONTEXT((#11971,#11972,#11973)) 
REPRESENTATION_CONTEXT('Context #1',
  '3D Context with UNIT and UNCERTAINTY') );
#11971 = ( LENGTH_UNIT() NAMED_UNIT(*) SI_UNIT(.MILLI.,.METRE.) );
#11972 = ( NAMED_UNIT(*) PLANE_ANGLE_UNIT() SI_UNIT($,.RADIAN.) );
#11973 = ( NAMED_UNIT(*) SI_UNIT($,.STERADIAN.) SOLID_ANGLE_UNIT() );
#11974 = UNCERTAINTY_MEASURE_WITH_UNIT(LENGTH_MEASURE(1.E-07),#11971,
  'distance_accuracy_value','confusion accuracy');
#11975 = PRODUCT_RELATED_PRODUCT_CATEGORY('part',$,(#7));
ENDSEC;
END-ISO-10303-21;
